chunk_id,chunk_id_legacy,chapter,level,fragment_type,hierarchy_path,parent_chunk_id,title,content,token_count,is_regulatory,is_stub,keywords,metadata_json
ch1,ch1,1,1,chapter,Ch1,,Chapter 1. How to Use This Manual,Chapter 1. How to Use This Manual,9,False,True,"[""this"", ""how"", ""use"", ""manual"", ""chapter""]","{""chunk_id"": ""ch1"", ""chunk_id_legacy"": ""ch1"", ""parent_chunk_id"": null, ""fragment_type"": ""chapter"", ""level"": 1, ""chapter"": 1, ""hierarchy_path"": ""Ch1"", ""is_regulatory"": false, ""is_stub"": true, ""token_count"": 9, ""keywords"": [""this"", ""how"", ""use"", ""manual"", ""chapter""]}"
ch1-1-1-1,ch1-1-1-1,1,3,subsection,Ch1/IMPORTANT,ch1-1-1,IMPORTANT,"This manual is an educational reference. Local laws, state regulations, provincial regulations, national regulations, manufacturer instructions, permit conditions, and health department requirements always take priority over any recommendation in this book. When requirements conflict: Follow applicable law. Follow health department requirements. Follow equipment manufacturer instructions. Use this manual as supplemental guidance. The CDC Model Aquatic Health Code is intended as a science-based model that jurisdictions may adopt in whole, in part, or modify. It is not automatically law. (CDC)",100,True,False,"[""health"", ""important"", ""this"", ""regulations""]","{""chunk_id"": ""ch1-1-1-1"", ""chunk_id_legacy"": ""ch1-1-1-1"", ""parent_chunk_id"": ""ch1-1-1"", ""fragment_type"": ""subsection"", ""level"": 3, ""chapter"": 1, ""hierarchy_path"": ""Ch1/IMPORTANT"", ""is_regulatory"": true, ""is_stub"": false, ""token_count"": 100, ""keywords"": [""health"", ""important"", ""this"", ""regulations""]}"
ch1-1-1,ch1-1-1,1,2,section,Ch1/1.1 Purpose of This Manual,ch1,1.1 Purpose of This Manual,"Welcome. This manual is designed to help commercial pool operators develop practical operating skills while also providing structured study support for operator training programs. It focuses on the daily responsibilities required to operate a commercial swimming pool safely, consistently, and professionally. The primary goals of this manual are to help you: Operate commercial aquatic facilities safely. Understand why operating procedures exist. Learn the basic science behind water treatment. Perform routine inspections with confidence. Respond appropriately to common operating problems. Develop the calculation skills needed for everyday operation. Build knowledge that supports professional certification preparation. This manual emphasizes operational competence rather than memorization. Every chapter is organized so that you can apply the information immediately during inspections, maintenance, and water testing. The recommendations throughout this book are based on publicly available guidance from the U.S. Centers for Disease Control and Prevention (CDC), particularly the Model Aquatic Health Code (MAHC), together with public educational information from CDC Healthy Swimming resources and publicly available descriptions of the Certified Pool Operator (CPO) program. The MAHC is guidance—not federal law—and becomes enforceable only if adopted by a local authority. Always follow the requirements that apply in your jurisdiction. (CDC)",233,True,False,"[""purpose"", ""manual"", ""this"", ""commercial""]","{""chunk_id"": ""ch1-1-1"", ""chunk_id_legacy"": ""ch1-1-1"", ""parent_chunk_id"": ""ch1"", ""fragment_type"": ""section"", ""level"": 2, ""chapter"": 1, ""hierarchy_path"": ""Ch1/1.1 Purpose of This Manual"", ""is_regulatory"": true, ""is_stub"": false, ""token_count"": 233, ""keywords"": [""purpose"", ""manual"", ""this"", ""commercial""]}"
ch1-1-2,ch1-1-2,1,2,section,Ch1/1.2 What This Book Is,ch1,1.2 What This Book Is,This manual is: A practical operating guide. A study companion. A reference for everyday procedures. A troubleshooting resource. A calculation workbook. A checklist library. A quick-reference handbook for routine operations. It is written for: First-time commercial pool operators. Facility maintenance staff. Aquatic supervisors. Recreation departments. Hotel pool operators. School pool operators. Apartment and HOA pool staff. Waterpark maintenance personnel. The procedures emphasize systematic decision-making instead of relying on experience alone.,94,False,False,"[""this"", ""reference"", ""operators"", ""book"", ""what"", ""pool""]","{""chunk_id"": ""ch1-1-2"", ""chunk_id_legacy"": ""ch1-1-2"", ""parent_chunk_id"": ""ch1"", ""fragment_type"": ""section"", ""level"": 2, ""chapter"": 1, ""hierarchy_path"": ""Ch1/1.2 What This Book Is"", ""is_regulatory"": false, ""is_stub"": false, ""token_count"": 94, ""keywords"": [""this"", ""reference"", ""operators"", ""book"", ""what"", ""pool""]}"
ch1-1-4,ch1-1-4,1,2,section,Ch1/1.4 How This Manual Is Organized,ch1,1.4 How This Manual Is Organized,Each chapter focuses on one major operational topic. Typical chapter structure includes: This structure allows you to quickly locate information during daily operation without reading the entire book.,31,False,False,"[""structure"", ""this"", ""how"", ""each"", ""organized"", ""manual"", ""chapter""]","{""chunk_id"": ""ch1-1-4"", ""chunk_id_legacy"": ""ch1-1-4"", ""parent_chunk_id"": ""ch1"", ""fragment_type"": ""section"", ""level"": 2, ""chapter"": 1, ""hierarchy_path"": ""Ch1/1.4 How This Manual Is Organized"", ""is_regulatory"": false, ""is_stub"": false, ""token_count"": 31, ""keywords"": [""structure"", ""this"", ""how"", ""each"", ""organized"", ""manual"", ""chapter""]}"
ch1-1-5,ch1-1-5,1,2,section,Ch1/1.5 How to Read the Procedures,ch1,1.5 How to Read the Procedures,Most operating procedures follow the same format. Example:,10,False,False,"[""the"", ""most"", ""operating"", ""how"", ""read"", ""procedures""]","{""chunk_id"": ""ch1-1-5"", ""chunk_id_legacy"": ""ch1-1-5"", ""parent_chunk_id"": ""ch1"", ""fragment_type"": ""section"", ""level"": 2, ""chapter"": 1, ""hierarchy_path"": ""Ch1/1.5 How to Read the Procedures"", ""is_regulatory"": false, ""is_stub"": false, ""token_count"": 10, ""keywords"": [""the"", ""most"", ""operating"", ""how"", ""read"", ""procedures""]}"
ch1-1-6,ch1-1-6,1,2,section,Ch1/1.6 Using the Checklists,ch1,1.6 Using the Checklists,"Checklists are designed to reduce human error. Instead of relying on memory, perform each item in sequence. Typical checklist categories include:",26,False,False,"[""the"", ""reduce"", ""designed"", ""using"", ""checklists""]","{""chunk_id"": ""ch1-1-6"", ""chunk_id_legacy"": ""ch1-1-6"", ""parent_chunk_id"": ""ch1"", ""fragment_type"": ""section"", ""level"": 2, ""chapter"": 1, ""hierarchy_path"": ""Ch1/1.6 Using the Checklists"", ""is_regulatory"": false, ""is_stub"": false, ""token_count"": 26, ""keywords"": [""the"", ""reduce"", ""designed"", ""using"", ""checklists""]}"
ch1-1-7,ch1-1-7,1,2,section,Ch1/1.7 Using the Calculation Chapters,ch1,1.7 Using the Calculation Chapters,Several chapters teach calculations used during commercial pool operation. Each calculation follows the same format.,17,False,False,"[""several"", ""teach"", ""calculation"", ""the"", ""using"", ""chapters""]","{""chunk_id"": ""ch1-1-7"", ""chunk_id_legacy"": ""ch1-1-7"", ""parent_chunk_id"": ""ch1"", ""fragment_type"": ""section"", ""level"": 2, ""chapter"": 1, ""hierarchy_path"": ""Ch1/1.7 Using the Calculation Chapters"", ""is_regulatory"": false, ""is_stub"": false, ""token_count"": 17, ""keywords"": [""several"", ""teach"", ""calculation"", ""the"", ""using"", ""chapters""]}"
ch1-1-8,ch1-1-8,1,2,section,Ch1/1.8 Typical Educational Targets,ch1,1.8 Typical Educational Targets,Throughout this manual you will see operating ranges identified as:,11,False,False,"[""throughout"", ""this"", ""educational"", ""targets"", ""typical"", ""manual""]","{""chunk_id"": ""ch1-1-8"", ""chunk_id_legacy"": ""ch1-1-8"", ""parent_chunk_id"": ""ch1"", ""fragment_type"": ""section"", ""level"": 2, ""chapter"": 1, ""hierarchy_path"": ""Ch1/1.8 Typical Educational Targets"", ""is_regulatory"": false, ""is_stub"": false, ""token_count"": 11, ""keywords"": [""throughout"", ""this"", ""educational"", ""targets"", ""typical"", ""manual""]}"
ch1-1-9,ch1-1-9,1,2,section,Ch1/1.9 Icons Used Throughout This Manual,ch1,1.9 Icons Used Throughout This Manual,"For consistency, each instruction begins with an action word. These action words make procedures easier to scan during routine operation.",23,False,False,"[""used"", ""throughout"", ""this"", ""icons"", ""action"", ""consistency"", ""each"", ""manual""]","{""chunk_id"": ""ch1-1-9"", ""chunk_id_legacy"": ""ch1-1-9"", ""parent_chunk_id"": ""ch1"", ""fragment_type"": ""section"", ""level"": 2, ""chapter"": 1, ""hierarchy_path"": ""Ch1/1.9 Icons Used Throughout This Manual"", ""is_regulatory"": false, ""is_stub"": false, ""token_count"": 23, ""keywords"": [""used"", ""throughout"", ""this"", ""icons"", ""action"", ""consistency"", ""each"", ""manual""]}"
ch1-1-10,ch1-1-10,1,2,section,Ch1/1.10 How to Use This Manual While Working,ch1,1.10 How to Use This Manual While Working,Use this manual as a field reference. Recommended workflow: Review the procedure before beginning. Gather required tools. Read all safety notes. Perform each numbered step. Complete the checklist. Record required observations. Report abnormal conditions. Avoid skipping ahead if a step indicates:,51,False,False,"[""required"", ""this"", ""while"", ""manual"", ""how"", ""step"", ""use"", ""working""]","{""chunk_id"": ""ch1-1-10"", ""chunk_id_legacy"": ""ch1-1-10"", ""parent_chunk_id"": ""ch1"", ""fragment_type"": ""section"", ""level"": 2, ""chapter"": 1, ""hierarchy_path"": ""Ch1/1.10 How to Use This Manual While Working"", ""is_regulatory"": false, ""is_stub"": false, ""token_count"": 51, ""keywords"": [""required"", ""this"", ""while"", ""manual"", ""how"", ""step"", ""use"", ""working""]}"
ch1-1-11,ch1-1-11,1,2,section,Ch1/1.11 How to Use This Manual for Study,ch1,1.11 How to Use This Manual for Study,If you are preparing for operator education: Do: Read one chapter at a time. Complete every worked example. Repeat calculations without looking at the solution. Practice using the checklists. Review troubleshooting tables. Compare similar procedures between chapters. Understanding the operating process is generally more valuable than memorizing isolated numbers.,60,False,False,"[""this"", ""preparing"", ""operator"", ""study"", ""education"", ""how"", ""use"", ""for"", ""manual""]","{""chunk_id"": ""ch1-1-11"", ""chunk_id_legacy"": ""ch1-1-11"", ""parent_chunk_id"": ""ch1"", ""fragment_type"": ""section"", ""level"": 2, ""chapter"": 1, ""hierarchy_path"": ""Ch1/1.11 How to Use This Manual for Study"", ""is_regulatory"": false, ""is_stub"": false, ""token_count"": 60, ""keywords"": [""this"", ""preparing"", ""operator"", ""study"", ""education"", ""how"", ""use"", ""for"", ""manual""]}"
ch1-1-12,ch1-1-12,1,2,section,Ch1/1.12 Using This Manual with an AI Assistant,ch1,1.12 Using This Manual with an AI Assistant,"This manual has been organized so that AI assistants, retrieval systems (RAG), and search tools can locate information accurately. When asking an AI assistant questions about this manual, cite the chapter and section number whenever possible. For example:",46,False,False,"[""this"", ""been"", ""assistant"", ""with"", ""using"", ""manual""]","{""chunk_id"": ""ch1-1-12"", ""chunk_id_legacy"": ""ch1-1-12"", ""parent_chunk_id"": ""ch1"", ""fragment_type"": ""section"", ""level"": 2, ""chapter"": 1, ""hierarchy_path"": ""Ch1/1.12 Using This Manual with an AI Assistant"", ""is_regulatory"": false, ""is_stub"": false, ""token_count"": 46, ""keywords"": [""this"", ""been"", ""assistant"", ""with"", ""using"", ""manual""]}"
ch1-1-13,ch1-1-13,1,2,section,Ch1/1.13 Documentation Is Part of Safe Operation,ch1,1.13 Documentation Is Part of Safe Operation,"An action that is not documented may be impossible to verify later. Record at minimum: Date Time Operator Water test results Chemical additions Equipment observations Maintenance performed Corrective actions Good records help demonstrate consistent operation, identify trends, support preventive maintenance, and assist during inspections or incident investigations. CDC guidance emphasizes routine operation, monitoring, and adherence to applicable codes as part of maintaining healthy public aquatic facilities. (CDC)",79,False,False,"[""safe"", ""maintenance"", ""action"", ""part"", ""documentation"", ""operation""]","{""chunk_id"": ""ch1-1-13"", ""chunk_id_legacy"": ""ch1-1-13"", ""parent_chunk_id"": ""ch1"", ""fragment_type"": ""section"", ""level"": 2, ""chapter"": 1, ""hierarchy_path"": ""Ch1/1.13 Documentation Is Part of Safe Operation"", ""is_regulatory"": false, ""is_stub"": false, ""token_count"": 79, ""keywords"": [""safe"", ""maintenance"", ""action"", ""part"", ""documentation"", ""operation""]}"
ch2,ch2,2,1,chapter,Ch2,,Chapter 2. Glossary of Terms and Abbreviations,Chapter 2. Glossary of Terms and Abbreviations,12,False,True,"[""and"", ""terms"", ""abbreviations"", ""glossary"", ""chapter""]","{""chunk_id"": ""ch2"", ""chunk_id_legacy"": ""ch2"", ""parent_chunk_id"": null, ""fragment_type"": ""chapter"", ""level"": 1, ""chapter"": 2, ""hierarchy_path"": ""Ch2"", ""is_regulatory"": false, ""is_stub"": true, ""token_count"": 12, ""keywords"": [""and"", ""terms"", ""abbreviations"", ""glossary"", ""chapter""]}"
ch2-2-1,ch2-2-1,2,2,section,Ch2/2.1 Purpose of This Glossary,ch2,2.1 Purpose of This Glossary,"Use this glossary to standardize how you read, record, and communicate pool operation data. Do: Use the same terms consistently in logs and reports. Learn the difference between similar measurements (e.g., FAC vs TC). Refer back to this chapter when reading procedures in later chapters. Check: Units and abbreviations before making decisions. Whether a term is a measurement, a process, or a safety requirement. Stop: Do not act on a reading if you do not understand what it represents. Record: Always record measurements using the correct term and units. Note: Definitions below reflect common public health and water-treatment usage. Local code, product labels, and your Authority Having Jurisdiction (AHJ) control operational requirements.",145,False,False,"[""this"", ""purpose"", ""record"", ""glossary"", ""measurements""]","{""chunk_id"": ""ch2-2-1"", ""chunk_id_legacy"": ""ch2-2-1"", ""parent_chunk_id"": ""ch2"", ""fragment_type"": ""section"", ""level"": 2, ""chapter"": 2, ""hierarchy_path"": ""Ch2/2.1 Purpose of This Glossary"", ""is_regulatory"": false, ""is_stub"": false, ""token_count"": 145, ""keywords"": [""this"", ""purpose"", ""record"", ""glossary"", ""measurements""]}"
ch2-2-4,ch2-2-4,2,2,section,Ch2/2.4 ORP and Chlorine Relationship,ch2,2.4 ORP and Chlorine Relationship,ORP does not measure chlorine directly. Do: Use ORP as a trend indicator. Confirm with manual FAC testing. Check: pH strongly affects ORP readings. Stop: Do not rely on ORP alone for compliance unless approved by your AHJ.,51,False,False,"[""does"", ""and"", ""relationship"", ""orp"", ""measure"", ""chlorine""]","{""chunk_id"": ""ch2-2-4"", ""chunk_id_legacy"": ""ch2-2-4"", ""parent_chunk_id"": ""ch2"", ""fragment_type"": ""section"", ""level"": 2, ""chapter"": 2, ""hierarchy_path"": ""Ch2/2.4 ORP and Chlorine Relationship"", ""is_regulatory"": false, ""is_stub"": false, ""token_count"": 51, ""keywords"": [""does"", ""and"", ""relationship"", ""orp"", ""measure"", ""chlorine""]}"
ch2-2-5,ch2-2-5,2,2,section,Ch2/2.5 LSI (Water Balance) Overview,ch2,2.5 LSI (Water Balance) Overview,LSI uses multiple inputs: pH Temperature Calcium hardness Total alkalinity Total dissolved solids (TDS) Do: Use LSI to assess scaling or corrosion risk. Check: Negative values → potential corrosion Positive values → potential scaling Stop: Do not adjust chemistry based on LSI alone without reviewing individual parameters.,60,False,False,"[""total"", ""lsi"", ""balance"", ""scaling"", ""water"", ""overview"", ""corrosion""]","{""chunk_id"": ""ch2-2-5"", ""chunk_id_legacy"": ""ch2-2-5"", ""parent_chunk_id"": ""ch2"", ""fragment_type"": ""section"", ""level"": 2, ""chapter"": 2, ""hierarchy_path"": ""Ch2/2.5 LSI (Water Balance) Overview"", ""is_regulatory"": false, ""is_stub"": false, ""token_count"": 60, ""keywords"": [""total"", ""lsi"", ""balance"", ""scaling"", ""water"", ""overview"", ""corrosion""]}"
ch2-2-7,ch2-2-7,2,2,section,Ch2/2.7 Units and Measurement Reminders,ch2,2.7 Units and Measurement Reminders,Do: Record units every time. Stop: Do not mix unit systems without conversion.,17,False,False,"[""measurement"", ""every"", ""and"", ""reminders"", ""record"", ""units""]","{""chunk_id"": ""ch2-2-7"", ""chunk_id_legacy"": ""ch2-2-7"", ""parent_chunk_id"": ""ch2"", ""fragment_type"": ""section"", ""level"": 2, ""chapter"": 2, ""hierarchy_path"": ""Ch2/2.7 Units and Measurement Reminders"", ""is_regulatory"": false, ""is_stub"": false, ""token_count"": 17, ""keywords"": [""measurement"", ""every"", ""and"", ""reminders"", ""record"", ""units""]}"
ch2-2-8-1,ch2-2-8-1,2,3,subsection,Ch2/Sources Used in This Chapter,,Sources Used in This Chapter,"Centers for Disease Control and Prevention — Model Aquatic Health Code (MAHC) overview and glossary concepts
https://www.cdc.gov/model-aquatic-health-code/index.html Centers for Disease Control and Prevention — Recreational Water Illness (RWI) and pool operation guidance
https://www.cdc.gov/healthy-swimming/index.html United States Environmental Protection Agency — Public disinfectant and water treatment terminology
https://www.epa.gov Standard water-treatment and pool operation vocabulary (public domain engineering and environmental health references consistent with MAHC framework).",113,True,False,"[""used"", ""this"", ""health"", ""https"", ""water"", ""sources"", ""chapter""]","{""chunk_id"": ""ch2-2-8-1"", ""chunk_id_legacy"": ""ch2-2-8-1"", ""parent_chunk_id"": null, ""fragment_type"": ""subsection"", ""level"": 3, ""chapter"": 2, ""hierarchy_path"": ""Ch2/Sources Used in This Chapter"", ""is_regulatory"": true, ""is_stub"": false, ""token_count"": 113, ""keywords"": [""used"", ""this"", ""health"", ""https"", ""water"", ""sources"", ""chapter""]}"
ch3,ch3,3,1,chapter,Ch3,,Chapter 3. Your Role as a Commercial Pool and Spa Operator,Chapter 3. Your Role as a Commercial Pool and Spa Operator,13,False,True,"[""operator"", ""and"", ""your"", ""role"", ""commercial"", ""spa"", ""pool"", ""chapter""]","{""chunk_id"": ""ch3"", ""chunk_id_legacy"": ""ch3"", ""parent_chunk_id"": null, ""fragment_type"": ""chapter"", ""level"": 1, ""chapter"": 3, ""hierarchy_path"": ""Ch3"", ""is_regulatory"": false, ""is_stub"": true, ""token_count"": 13, ""keywords"": [""operator"", ""and"", ""your"", ""role"", ""commercial"", ""spa"", ""pool"", ""chapter""]}"
ch3-3-1,ch3-3-1,3,2,section,Ch3/3.1 Purpose of This Chapter,ch3,3.1 Purpose of This Chapter,"A commercial pool or spa operator is responsible for maintaining a safe aquatic environment through routine inspection, water quality management, equipment monitoring, documentation, and communication. This chapter explains: Your daily responsibilities. What you are accountable for. What responsibilities belong to other personnel. How to work with owners, managers, service contractors, and health departments. How to develop consistent operating habits. Why accurate records are as important as water testing.",83,False,False,"[""this"", ""responsibilities"", ""purpose"", ""water"", ""what"", ""chapter""]","{""chunk_id"": ""ch3-3-1"", ""chunk_id_legacy"": ""ch3-3-1"", ""parent_chunk_id"": ""ch3"", ""fragment_type"": ""section"", ""level"": 2, ""chapter"": 3, ""hierarchy_path"": ""Ch3/3.1 Purpose of This Chapter"", ""is_regulatory"": false, ""is_stub"": false, ""token_count"": 83, ""keywords"": [""this"", ""responsibilities"", ""purpose"", ""water"", ""what"", ""chapter""]}"
ch3-3-2,ch3-3-2,3,2,section,Ch3/3.2 What Is a Commercial Pool Operator?,ch3,3.2 What Is a Commercial Pool Operator?,"A commercial pool operator is responsible for maintaining the conditions that allow a public aquatic facility to operate safely. Your responsibilities generally include: Monitoring water quality. Operating circulation equipment. Performing routine inspections. Identifying unsafe conditions. Recording operational data. Responding to abnormal conditions. Coordinating maintenance activities. Supporting regulatory inspections. You are not expected to perform every repair yourself. Instead, you are responsible for recognizing problems, documenting them, taking appropriate immediate action, and notifying the appropriate person when specialized work is required.",100,True,False,"[""responsible"", ""conditions"", ""operator"", ""inspections"", ""commercial"", ""what"", ""pool""]","{""chunk_id"": ""ch3-3-2"", ""chunk_id_legacy"": ""ch3-3-2"", ""parent_chunk_id"": ""ch3"", ""fragment_type"": ""section"", ""level"": 2, ""chapter"": 3, ""hierarchy_path"": ""Ch3/3.2 What Is a Commercial Pool Operator?"", ""is_regulatory"": true, ""is_stub"": false, ""token_count"": 100, ""keywords"": [""responsible"", ""conditions"", ""operator"", ""inspections"", ""commercial"", ""what"", ""pool""]}"
ch3-3-4,ch3-3-4,3,2,section,Ch3/3.4 What You Are Accountable For,ch3,3.4 What You Are Accountable For,"Although specific responsibilities vary by facility, operators are commonly accountable for ensuring that routine operational tasks are completed accurately and consistently.",23,False,False,"[""responsibilities"", ""accountable"", ""you"", ""for"", ""specific"", ""are"", ""what"", ""although""]","{""chunk_id"": ""ch3-3-4"", ""chunk_id_legacy"": ""ch3-3-4"", ""parent_chunk_id"": ""ch3"", ""fragment_type"": ""section"", ""level"": 2, ""chapter"": 3, ""hierarchy_path"": ""Ch3/3.4 What You Are Accountable For"", ""is_regulatory"": false, ""is_stub"": false, ""token_count"": 23, ""keywords"": [""responsibilities"", ""accountable"", ""you"", ""for"", ""specific"", ""are"", ""what"", ""although""]}"
ch3-3-5,ch3-3-5,3,2,section,Ch3/3.5 Responsibilities That Belong to Others,ch3,3.5 Responsibilities That Belong to Others,"Not every task belongs to the operator. Examples of responsibilities that may belong to owners, managers, licensed contractors, or specialized technicians include: Major electrical repairs. Structural engineering. Gas heater repair. Plumbing modifications. Controller programming beyond authorized access. Building renovations. Permit applications. Capital equipment replacement. Do not exceed your authorization. If a repair requires specialized training or licensing:",72,False,False,"[""repair"", ""every"", ""responsibilities"", ""specialized"", ""others"", ""that"", ""belong""]","{""chunk_id"": ""ch3-3-5"", ""chunk_id_legacy"": ""ch3-3-5"", ""parent_chunk_id"": ""ch3"", ""fragment_type"": ""section"", ""level"": 2, ""chapter"": 3, ""hierarchy_path"": ""Ch3/3.5 Responsibilities That Belong to Others"", ""is_regulatory"": false, ""is_stub"": false, ""token_count"": 72, ""keywords"": [""repair"", ""every"", ""responsibilities"", ""specialized"", ""others"", ""that"", ""belong""]}"
ch3-3-6,ch3-3-6,3,2,section,Ch3/3.6 Working With Facility Owners and Managers,ch3,3.6 Working With Facility Owners and Managers,"The owner or facility manager is responsible for providing the resources necessary to operate the facility safely. As an operator, your role includes communicating clearly and promptly.",30,False,False,"[""and"", ""owner"", ""owners"", ""managers"", ""with"", ""manager"", ""working"", ""facility""]","{""chunk_id"": ""ch3-3-6"", ""chunk_id_legacy"": ""ch3-3-6"", ""parent_chunk_id"": ""ch3"", ""fragment_type"": ""section"", ""level"": 2, ""chapter"": 3, ""hierarchy_path"": ""Ch3/3.6 Working With Facility Owners and Managers"", ""is_regulatory"": false, ""is_stub"": false, ""token_count"": 30, ""keywords"": [""and"", ""owner"", ""owners"", ""managers"", ""with"", ""manager"", ""working"", ""facility""]}"
ch3-3-7,ch3-3-7,3,2,section,Ch3/3.7 Working With the Health Department,ch3,3.7 Working With the Health Department,Health departments protect public health by inspecting commercial aquatic facilities and verifying compliance with applicable regulations. During an inspection:,22,True,False,"[""the"", ""health"", ""departments"", ""department"", ""protect"", ""with"", ""working""]","{""chunk_id"": ""ch3-3-7"", ""chunk_id_legacy"": ""ch3-3-7"", ""parent_chunk_id"": ""ch3"", ""fragment_type"": ""section"", ""level"": 2, ""chapter"": 3, ""hierarchy_path"": ""Ch3/3.7 Working With the Health Department"", ""is_regulatory"": true, ""is_stub"": false, ""token_count"": 22, ""keywords"": [""the"", ""health"", ""departments"", ""department"", ""protect"", ""with"", ""working""]}"
ch3-3-8,ch3-3-8,3,2,section,Ch3/3.8 Minimum Competency Expectations,ch3,3.8 Minimum Competency Expectations,"Regardless of certification requirements, every commercial operator should be able to perform certain fundamental tasks safely. You should understand:",22,False,False,"[""competency"", ""expectations"", ""minimum"", ""regardless"", ""certification"", ""should""]","{""chunk_id"": ""ch3-3-8"", ""chunk_id_legacy"": ""ch3-3-8"", ""parent_chunk_id"": ""ch3"", ""fragment_type"": ""section"", ""level"": 2, ""chapter"": 3, ""hierarchy_path"": ""Ch3/3.8 Minimum Competency Expectations"", ""is_regulatory"": false, ""is_stub"": false, ""token_count"": 22, ""keywords"": [""competency"", ""expectations"", ""minimum"", ""regardless"", ""certification"", ""should""]}"
ch3-3-10,ch3-3-10,3,2,section,Ch3/3.10 Daily Duty Checklist — During Operation,ch3,3.10 Daily Duty Checklist — During Operation,Continue monitoring throughout the day.,6,False,False,"[""throughout"", ""daily"", ""during"", ""duty"", ""checklist"", ""operation"", ""monitoring"", ""continue""]","{""chunk_id"": ""ch3-3-10"", ""chunk_id_legacy"": ""ch3-3-10"", ""parent_chunk_id"": ""ch3"", ""fragment_type"": ""section"", ""level"": 2, ""chapter"": 3, ""hierarchy_path"": ""Ch3/3.10 Daily Duty Checklist — During Operation"", ""is_regulatory"": false, ""is_stub"": false, ""token_count"": 6, ""keywords"": [""throughout"", ""daily"", ""during"", ""duty"", ""checklist"", ""operation"", ""monitoring"", ""continue""]}"
ch3-3-11,ch3-3-11,3,2,section,Ch3/3.11 Daily Duty Checklist — Closing the Facility,ch3,3.11 Daily Duty Checklist — Closing the Facility,After swimmers leave:,5,False,False,"[""the"", ""daily"", ""checklist"", ""duty"", ""closing"", ""leave"", ""swimmers"", ""after"", ""facility""]","{""chunk_id"": ""ch3-3-11"", ""chunk_id_legacy"": ""ch3-3-11"", ""parent_chunk_id"": ""ch3"", ""fragment_type"": ""section"", ""level"": 2, ""chapter"": 3, ""hierarchy_path"": ""Ch3/3.11 Daily Duty Checklist — Closing the Facility"", ""is_regulatory"": false, ""is_stub"": false, ""token_count"": 5, ""keywords"": [""the"", ""daily"", ""checklist"", ""duty"", ""closing"", ""leave"", ""swimmers"", ""after"", ""facility""]}"
ch3-3-12,ch3-3-12,3,2,section,Ch3/3.12 Recordkeeping Habits,ch3,3.12 Recordkeeping Habits,Good operators create reliable records.,6,False,False,"[""recordkeeping"", ""good"", ""operators"", ""habits"", ""create""]","{""chunk_id"": ""ch3-3-12"", ""chunk_id_legacy"": ""ch3-3-12"", ""parent_chunk_id"": ""ch3"", ""fragment_type"": ""section"", ""level"": 2, ""chapter"": 3, ""hierarchy_path"": ""Ch3/3.12 Recordkeeping Habits"", ""is_regulatory"": false, ""is_stub"": false, ""token_count"": 6, ""keywords"": [""recordkeeping"", ""good"", ""operators"", ""habits"", ""create""]}"
ch3-3-13,ch3-3-13,3,2,section,Ch3/3.13 Why Recordkeeping Matters,ch3,3.13 Why Recordkeeping Matters,"Operational records support: Public health protection. Regulatory inspections. Preventive maintenance. Trend analysis. Chemical inventory management. Equipment troubleshooting. Staff communication. Incident investigations. Well-maintained records also help identify gradual changes, such as increasing chemical demand, declining filter performance, or recurring equipment issues before they become major problems.",62,False,False,"[""records"", ""recordkeeping"", ""equipment"", ""matters"", ""why"", ""chemical""]","{""chunk_id"": ""ch3-3-13"", ""chunk_id_legacy"": ""ch3-3-13"", ""parent_chunk_id"": ""ch3"", ""fragment_type"": ""section"", ""level"": 2, ""chapter"": 3, ""hierarchy_path"": ""Ch3/3.13 Why Recordkeeping Matters"", ""is_regulatory"": false, ""is_stub"": false, ""token_count"": 62, ""keywords"": [""records"", ""recordkeeping"", ""equipment"", ""matters"", ""why"", ""chemical""]}"
ch3-3-14,ch3-3-14,3,2,section,Ch3/3.14 Communication Is Part of the Job,ch3,3.14 Communication Is Part of the Job,Technical skills alone are not enough. Operators should communicate promptly and accurately with: Supervisors. Managers. Maintenance staff. Service contractors. Health inspectors. Emergency responders (when appropriate). When reporting a problem: Describe: What happened. When it happened. What you observed. What measurements were taken. What actions were performed. Whether swimmers were affected. Avoid assumptions. Report facts.,75,False,False,"[""communication"", ""were"", ""the"", ""part"", ""when"", ""what"", ""job""]","{""chunk_id"": ""ch3-3-14"", ""chunk_id_legacy"": ""ch3-3-14"", ""parent_chunk_id"": ""ch3"", ""fragment_type"": ""section"", ""level"": 2, ""chapter"": 3, ""hierarchy_path"": ""Ch3/3.14 Communication Is Part of the Job"", ""is_regulatory"": false, ""is_stub"": false, ""token_count"": 75, ""keywords"": [""communication"", ""were"", ""the"", ""part"", ""when"", ""what"", ""job""]}"
ch3-3-15,ch3-3-15,3,2,section,Ch3/3.15 Professional Habits,ch3,3.15 Professional Habits,Develop routines that improve consistency.,6,False,False,"[""professional"", ""routines"", ""develop"", ""habits"", ""that""]","{""chunk_id"": ""ch3-3-15"", ""chunk_id_legacy"": ""ch3-3-15"", ""parent_chunk_id"": ""ch3"", ""fragment_type"": ""section"", ""level"": 2, ""chapter"": 3, ""hierarchy_path"": ""Ch3/3.15 Professional Habits"", ""is_regulatory"": false, ""is_stub"": false, ""token_count"": 6, ""keywords"": [""professional"", ""routines"", ""develop"", ""habits"", ""that""]}"
ch4,ch4,4,1,chapter,Ch4,,"Chapter 4. Codes, Permits, and Inspections","Chapter 4. Codes, Permits, and Inspections",12,False,True,"[""permits"", ""codes"", ""inspections"", ""and"", ""chapter""]","{""chunk_id"": ""ch4"", ""chunk_id_legacy"": ""ch4"", ""parent_chunk_id"": null, ""fragment_type"": ""chapter"", ""level"": 1, ""chapter"": 4, ""hierarchy_path"": ""Ch4"", ""is_regulatory"": false, ""is_stub"": true, ""token_count"": 12, ""keywords"": [""permits"", ""codes"", ""inspections"", ""and"", ""chapter""]}"
ch4-4-3,ch4-4-3,4,2,section,Ch4/4.3 Types of Permits,ch4,4.3 Types of Permits,Commercial aquatic facilities often require multiple permits. Requirements vary by jurisdiction.,13,False,False,"[""permits"", ""types"", ""facilities"", ""commercial"", ""aquatic""]","{""chunk_id"": ""ch4-4-3"", ""chunk_id_legacy"": ""ch4-4-3"", ""parent_chunk_id"": ""ch4"", ""fragment_type"": ""section"", ""level"": 2, ""chapter"": 4, ""hierarchy_path"": ""Ch4/4.3 Types of Permits"", ""is_regulatory"": false, ""is_stub"": false, ""token_count"": 13, ""keywords"": [""permits"", ""types"", ""facilities"", ""commercial"", ""aquatic""]}"
ch4-4-4,ch4-4-4,4,2,section,Ch4/4.4 Plan Review and Approval,ch4,4.4 Plan Review and Approval,"Before construction or major renovation, many jurisdictions require submission of engineering and construction documents.",16,False,False,"[""approval"", ""and"", ""construction"", ""plan"", ""major"", ""before"", ""review""]","{""chunk_id"": ""ch4-4-4"", ""chunk_id_legacy"": ""ch4-4-4"", ""parent_chunk_id"": ""ch4"", ""fragment_type"": ""section"", ""level"": 2, ""chapter"": 4, ""hierarchy_path"": ""Ch4/4.4 Plan Review and Approval"", ""is_regulatory"": false, ""is_stub"": false, ""token_count"": 16, ""keywords"": [""approval"", ""and"", ""construction"", ""plan"", ""major"", ""before"", ""review""]}"
ch4-4-5,ch4-4-5,4,2,section,Ch4/4.5 Why Plan Approval Matters,ch4,4.5 Why Plan Approval Matters,Correcting design errors during construction is usually expensive. Plan review helps identify problems before installation. Examples include: Undersized filters Incorrect circulation design Inadequate deck drainage Missing safety equipment Improper drain configuration Insufficient turnover capacity Early correction reduces construction delays and improves long-term safety.,55,False,False,"[""approval"", ""safety"", ""why"", ""matters"", ""construction"", ""plan"", ""design""]","{""chunk_id"": ""ch4-4-5"", ""chunk_id_legacy"": ""ch4-4-5"", ""parent_chunk_id"": ""ch4"", ""fragment_type"": ""section"", ""level"": 2, ""chapter"": 4, ""hierarchy_path"": ""Ch4/4.5 Why Plan Approval Matters"", ""is_regulatory"": false, ""is_stub"": false, ""token_count"": 55, ""keywords"": [""approval"", ""safety"", ""why"", ""matters"", ""construction"", ""plan"", ""design""]}"
ch4-4-6,ch4-4-6,4,2,section,Ch4/4.6 Typical Inspection Stages,ch4,4.6 Typical Inspection Stages,Inspection programs vary by jurisdiction. A commercial pool may undergo inspections during several phases.,16,False,False,"[""programs"", ""vary"", ""stages"", ""inspection"", ""typical""]","{""chunk_id"": ""ch4-4-6"", ""chunk_id_legacy"": ""ch4-4-6"", ""parent_chunk_id"": ""ch4"", ""fragment_type"": ""section"", ""level"": 2, ""chapter"": 4, ""hierarchy_path"": ""Ch4/4.6 Typical Inspection Stages"", ""is_regulatory"": false, ""is_stub"": false, ""token_count"": 16, ""keywords"": [""programs"", ""vary"", ""stages"", ""inspection"", ""typical""]}"
ch4-4-7,ch4-4-7,4,2,section,Ch4/4.7 What Inspectors Commonly Review,ch4,4.7 What Inspectors Commonly Review,"Although requirements differ, inspectors often evaluate the following areas.",11,False,False,"[""inspectors"", ""requirements"", ""commonly"", ""differ"", ""what"", ""review"", ""although""]","{""chunk_id"": ""ch4-4-7"", ""chunk_id_legacy"": ""ch4-4-7"", ""parent_chunk_id"": ""ch4"", ""fragment_type"": ""section"", ""level"": 2, ""chapter"": 4, ""hierarchy_path"": ""Ch4/4.7 What Inspectors Commonly Review"", ""is_regulatory"": false, ""is_stub"": false, ""token_count"": 11, ""keywords"": [""inspectors"", ""requirements"", ""commonly"", ""differ"", ""what"", ""review"", ""although""]}"
ch8-f01,ch8,8,1,chapter,Ch8,,Educational targets are discussed in Chapter 8.,Educational targets are discussed in Chapter 8.,10,False,True,"[""discussed"", ""educational"", ""are"", ""targets"", ""chapter""]","{""chunk_id"": ""ch8-f01"", ""chunk_id_legacy"": ""ch8"", ""parent_chunk_id"": null, ""fragment_type"": ""chapter"", ""level"": 1, ""chapter"": 8, ""hierarchy_path"": ""Ch8"", ""is_regulatory"": false, ""is_stub"": true, ""token_count"": 10, ""keywords"": [""discussed"", ""educational"", ""are"", ""targets"", ""chapter""]}"
ch8-4-8,ch8-4-8,8,2,section,Ch8/4.8 Inspection Checklist for Operators,ch8-f01,4.8 Inspection Checklist for Operators,Before inspection: Do: ✓ Test water ✓ Record results ✓ Verify circulation system ✓ Check rescue equipment ✓ Clean deck ✓ Remove hazards ✓ Confirm drain covers appear intact ✓ Verify chemical labels ✓ Organize records ✓ Replace missing signs,43,False,False,"[""checklist"", ""operators"", ""inspection"", ""for"", ""verify"", ""before""]","{""chunk_id"": ""ch8-4-8"", ""chunk_id_legacy"": ""ch8-4-8"", ""parent_chunk_id"": ""ch8-f01"", ""fragment_type"": ""section"", ""level"": 2, ""chapter"": 8, ""hierarchy_path"": ""Ch8/4.8 Inspection Checklist for Operators"", ""is_regulatory"": false, ""is_stub"": false, ""token_count"": 43, ""keywords"": [""checklist"", ""operators"", ""inspection"", ""for"", ""verify"", ""before""]}"
ch8-4-10,ch8-4-10,8,2,section,Ch8/4.10 Common Categories of Violations,ch8-f01,4.10 Common Categories of Violations,Violation terminology varies by jurisdiction. Common categories include:,11,False,False,"[""varies"", ""violation"", ""categories"", ""common"", ""violations"", ""terminology""]","{""chunk_id"": ""ch8-4-10"", ""chunk_id_legacy"": ""ch8-4-10"", ""parent_chunk_id"": ""ch8-f01"", ""fragment_type"": ""section"", ""level"": 2, ""chapter"": 8, ""hierarchy_path"": ""Ch8/4.10 Common Categories of Violations"", ""is_regulatory"": false, ""is_stub"": false, ""token_count"": 11, ""keywords"": [""varies"", ""violation"", ""categories"", ""common"", ""violations"", ""terminology""]}"
ch8-4-11,ch8-4-11,8,2,section,Ch8/4.11 Corrective Action Process,ch8-f01,4.11 Corrective Action Process,If deficiencies are identified: Do: Read the inspection report. Understand every required correction. Prioritize immediate safety hazards. Complete repairs. Document corrective actions. Submit evidence if requested. Schedule reinspection when required. Never ignore written inspection findings.,47,True,False,"[""required"", ""corrective"", ""action"", ""deficiencies"", ""inspection"", ""process""]","{""chunk_id"": ""ch8-4-11"", ""chunk_id_legacy"": ""ch8-4-11"", ""parent_chunk_id"": ""ch8-f01"", ""fragment_type"": ""section"", ""level"": 2, ""chapter"": 8, ""hierarchy_path"": ""Ch8/4.11 Corrective Action Process"", ""is_regulatory"": true, ""is_stub"": false, ""token_count"": 47, ""keywords"": [""required"", ""corrective"", ""action"", ""deficiencies"", ""inspection"", ""process""]}"
ch8-4-12,ch8-4-12,8,2,section,Ch8/4.12 Temporary Closure,ch8-f01,4.12 Temporary Closure,"An AHJ may require temporary closure if conditions present an unacceptable public health or safety risk under applicable local regulations. Examples may include: Inadequate disinfection Loss of water clarity preventing visibility of the pool bottom Major circulation failure Electrical hazards Unsafe structural conditions Serious entrapment hazards Other conditions identified by the AHJ Reopening typically requires correction of deficiencies and, where required, approval by the AHJ.",79,True,False,"[""closure"", ""hazards"", ""require"", ""conditions"", ""temporary""]","{""chunk_id"": ""ch8-4-12"", ""chunk_id_legacy"": ""ch8-4-12"", ""parent_chunk_id"": ""ch8-f01"", ""fragment_type"": ""section"", ""level"": 2, ""chapter"": 8, ""hierarchy_path"": ""Ch8/4.12 Temporary Closure"", ""is_regulatory"": true, ""is_stub"": false, ""token_count"": 79, ""keywords"": [""closure"", ""hazards"", ""require"", ""conditions"", ""temporary""]}"
ch8-4-13,ch8-4-13,8,2,section,Ch8/4.13 Recordkeeping for Compliance,ch8-f01,4.13 Recordkeeping for Compliance,Maintain organized records. Suggested categories: *Retention periods vary by jurisdiction. Electronic records are acceptable where permitted.,22,False,False,"[""records"", ""recordkeeping"", ""maintain"", ""compliance"", ""for"", ""organized""]","{""chunk_id"": ""ch8-4-13"", ""chunk_id_legacy"": ""ch8-4-13"", ""parent_chunk_id"": ""ch8-f01"", ""fragment_type"": ""section"", ""level"": 2, ""chapter"": 8, ""hierarchy_path"": ""Ch8/4.13 Recordkeeping for Compliance"", ""is_regulatory"": false, ""is_stub"": false, ""token_count"": 22, ""keywords"": [""records"", ""recordkeeping"", ""maintain"", ""compliance"", ""for"", ""organized""]}"
ch8-4-14,ch8-4-14,8,2,section,Ch8/4.14 Understanding Drain Safety Principles,ch8-f01,4.14 Understanding Drain Safety Principles,Commercial pools should incorporate suction outlet systems that comply with applicable laws and local code requirements.,17,False,False,"[""drain"", ""safety"", ""understanding"", ""pools"", ""principles"", ""should"", ""commercial""]","{""chunk_id"": ""ch8-4-14"", ""chunk_id_legacy"": ""ch8-4-14"", ""parent_chunk_id"": ""ch8-f01"", ""fragment_type"": ""section"", ""level"": 2, ""chapter"": 8, ""hierarchy_path"": ""Ch8/4.14 Understanding Drain Safety Principles"", ""is_regulatory"": false, ""is_stub"": false, ""token_count"": 17, ""keywords"": [""drain"", ""safety"", ""understanding"", ""pools"", ""principles"", ""should"", ""commercial""]}"
ch8-4-15,ch8-4-15,8,2,section,Ch8/4.15 Preparing for Routine Compliance,ch8-f01,4.15 Preparing for Routine Compliance,Inspection readiness should be part of daily operations. Do: Inspect the facility every day. Test water before opening. Maintain accurate records. Repair deficiencies promptly. Train staff regularly. Review emergency procedures. Follow manufacturer maintenance schedules. Monitor expiration dates for required equipment. Regular self-inspections reduce the likelihood of violations.,61,True,False,"[""compliance"", ""preparing"", ""readiness"", ""routine"", ""inspection"", ""should"", ""for""]","{""chunk_id"": ""ch8-4-15"", ""chunk_id_legacy"": ""ch8-4-15"", ""parent_chunk_id"": ""ch8-f01"", ""fragment_type"": ""section"", ""level"": 2, ""chapter"": 8, ""hierarchy_path"": ""Ch8/4.15 Preparing for Routine Compliance"", ""is_regulatory"": true, ""is_stub"": false, ""token_count"": 61, ""keywords"": [""compliance"", ""preparing"", ""readiness"", ""routine"", ""inspection"", ""should"", ""for""]}"
ch8-4-16,ch8-4-16,8,2,section,Ch8/4.16 Self-Inspection Checklist,ch8-f01,4.16 Self-Inspection Checklist,Use this checklist before opening. Complete the checklist before admitting bathers.,14,False,False,"[""this"", ""checklist"", ""self"", ""inspection"", ""before""]","{""chunk_id"": ""ch8-4-16"", ""chunk_id_legacy"": ""ch8-4-16"", ""parent_chunk_id"": ""ch8-f01"", ""fragment_type"": ""section"", ""level"": 2, ""chapter"": 8, ""hierarchy_path"": ""Ch8/4.16 Self-Inspection Checklist"", ""is_regulatory"": false, ""is_stub"": false, ""token_count"": 14, ""keywords"": [""this"", ""checklist"", ""self"", ""inspection"", ""before""]}"
ch8-4-17,ch8-4-17,8,2,section,Ch8/4.17 Compliance Decision Flow,ch8-f01,4.17 Compliance Decision Flow,Follow this sequence during routine operations. Facility Ready? │ ▼ Daily Inspection │ ▼ Water Testing │ ▼ Equipment Check │ ▼ Documentation Complete? Yes ─────────► Open Facility No │ ▼ Correct Deficiency │ ▼ Recheck │ ▼ Open Only When Requirements Are Met,59,False,False,"[""compliance"", ""flow"", ""open"", ""decision"", ""follow"", ""facility""]","{""chunk_id"": ""ch8-4-17"", ""chunk_id_legacy"": ""ch8-4-17"", ""parent_chunk_id"": ""ch8-f01"", ""fragment_type"": ""section"", ""level"": 2, ""chapter"": 8, ""hierarchy_path"": ""Ch8/4.17 Compliance Decision Flow"", ""is_regulatory"": false, ""is_stub"": false, ""token_count"": 59, ""keywords"": [""compliance"", ""flow"", ""open"", ""decision"", ""follow"", ""facility""]}"
ch8-4-18,ch8-4-18,8,2,section,Ch8/4.18 Educational Formula Example,ch8-f01,4.18 Educational Formula Example,"Although inspections are primarily based on regulatory compliance rather than formulas, operators frequently calculate inspection completion performance. Formula: Inspection Completion Rate (%) = (Number of completed checklist items / Total checklist items) × 100 Worked Example: Completed checklist items = 27 Total checklist items = 30 Inspection Completion Rate = (27 / 30) × 100 = 90%",73,False,False,"[""items"", ""checklist"", ""educational"", ""inspection"", ""formula"", ""example""]","{""chunk_id"": ""ch8-4-18"", ""chunk_id_legacy"": ""ch8-4-18"", ""parent_chunk_id"": ""ch8-f01"", ""fragment_type"": ""section"", ""level"": 2, ""chapter"": 8, ""hierarchy_path"": ""Ch8/4.18 Educational Formula Example"", ""is_regulatory"": false, ""is_stub"": false, ""token_count"": 73, ""keywords"": [""items"", ""checklist"", ""educational"", ""inspection"", ""formula"", ""example""]}"
ch106-f01,ch106,106,1,chapter,Ch106,,"Virginia Graeme Baker Pool and Spa Safety Act, 15 U.S.C. Chapter 106. Used for high-level principles concerning suction entrapment prevention and compliant drain safety requirements.","Virginia Graeme Baker Pool and Spa Safety Act, 15 U.S.C. Chapter 106. Used for high-level principles concerning suction entrapment prevention and compliant drain safety requirements.",37,False,False,"[""safety"", ""used"", ""baker"", ""prevention"", ""and"", ""principles"", ""graeme"", ""act"", ""for"", ""pool""]","{""chunk_id"": ""ch106-f01"", ""chunk_id_legacy"": ""ch106"", ""parent_chunk_id"": null, ""fragment_type"": ""chapter"", ""level"": 1, ""chapter"": 106, ""hierarchy_path"": ""Ch106"", ""is_regulatory"": false, ""is_stub"": false, ""token_count"": 37, ""keywords"": [""safety"", ""used"", ""baker"", ""prevention"", ""and"", ""principles"", ""graeme"", ""act"", ""for"", ""pool""]}"
ch5-f01,ch5,5,1,chapter,Ch5,,"Chapter 5. Types of Pools, Spas, and Aquatic Venues","Chapter 5. Types of Pools, Spas, and Aquatic Venues",17,False,False,"[""venues"", ""pools"", ""and"", ""spas"", ""types"", ""aquatic"", ""chapter""]","{""chunk_id"": ""ch5-f01"", ""chunk_id_legacy"": ""ch5"", ""parent_chunk_id"": null, ""fragment_type"": ""chapter"", ""level"": 1, ""chapter"": 5, ""hierarchy_path"": ""Ch5"", ""is_regulatory"": false, ""is_stub"": false, ""token_count"": 17, ""keywords"": [""venues"", ""pools"", ""and"", ""spas"", ""types"", ""aquatic"", ""chapter""]}"
ch5-5-2,ch5-5-2,5,2,section,Ch5/5.2 Why Different Venues Require Different Operating Rules,ch5-f01,5.2 Why Different Venues Require Different Operating Rules,Not every aquatic venue experiences the same conditions. Operational requirements change because of differences in: Water temperature Pool depth Water volume Circulation design Turnover time Number of bathers User age Water attractions Aeration Hydraulic complexity Intended activity These factors influence: Disinfectant demand Disease transmission risk Chemical consumption Equipment wear Lifeguard supervision Maintenance frequency Inspection priorities Operators should never assume that procedures used for one venue automatically apply to another.,82,False,False,"[""every"", ""venues"", ""operating"", ""different"", ""venue"", ""water"", ""rules"", ""require"", ""why""]","{""chunk_id"": ""ch5-5-2"", ""chunk_id_legacy"": ""ch5-5-2"", ""parent_chunk_id"": ""ch5-f01"", ""fragment_type"": ""section"", ""level"": 2, ""chapter"": 5, ""hierarchy_path"": ""Ch5/5.2 Why Different Venues Require Different Operating Rules"", ""is_regulatory"": false, ""is_stub"": false, ""token_count"": 82, ""keywords"": [""every"", ""venues"", ""operating"", ""different"", ""venue"", ""water"", ""rules"", ""require"", ""why""]}"
ch5-5-4,ch5-5-4,5,2,section,Ch5/5.4 Competition Pools,ch5-f01,5.4 Competition Pools,Competition pools are designed primarily for organized swimming events. Typical characteristics: Defined lane markings Uniform depth or regulated competition profile Starting blocks where permitted Timing systems High swimmer circulation Operator priorities include: Do: Maintain excellent water clarity. Verify lane equipment condition. Inspect starting blocks. Monitor circulation continuously during events. Coordinate with event organizers. Typical risks: Diving injuries Slip hazards Equipment damage High temporary bather loads during meets,81,False,False,"[""events"", ""competition"", ""pools"", ""typical""]","{""chunk_id"": ""ch5-5-4"", ""chunk_id_legacy"": ""ch5-5-4"", ""parent_chunk_id"": ""ch5-f01"", ""fragment_type"": ""section"", ""level"": 2, ""chapter"": 5, ""hierarchy_path"": ""Ch5/5.4 Competition Pools"", ""is_regulatory"": false, ""is_stub"": false, ""token_count"": 81, ""keywords"": [""events"", ""competition"", ""pools"", ""typical""]}"
ch5-5-5,ch5-5-5,5,2,section,Ch5/5.5 Recreational Pools,ch5-f01,5.5 Recreational Pools,Recreational pools are designed for general public use. They often serve the widest variety of bathers. Typical users include: Families Children Adults Senior citizens Operator focus: Water quality Patron supervision Deck safety Routine cleaning Bather hygiene education Typical risks: Crowding Contamination events Slip-and-fall injuries Horseplay,60,False,False,"[""typical"", ""pools"", ""recreational""]","{""chunk_id"": ""ch5-5-5"", ""chunk_id_legacy"": ""ch5-5-5"", ""parent_chunk_id"": ""ch5-f01"", ""fragment_type"": ""section"", ""level"": 2, ""chapter"": 5, ""hierarchy_path"": ""Ch5/5.5 Recreational Pools"", ""is_regulatory"": false, ""is_stub"": false, ""token_count"": 60, ""keywords"": [""typical"", ""pools"", ""recreational""]}"
ch5-5-6,ch5-5-6,5,2,section,Ch5/5.6 Leisure Pools,ch5-f01,5.6 Leisure Pools,Leisure pools emphasize recreation rather than lap swimming. Common features include: Beach entries Variable depths Waterfalls Play structures Spray effects Current channels These attractions often increase maintenance requirements. Operator focus: Inspect moving water features. Verify circulation in shallow areas. Remove debris frequently. Observe child activity.,56,False,False,"[""pools"", ""features"", ""leisure""]","{""chunk_id"": ""ch5-5-6"", ""chunk_id_legacy"": ""ch5-5-6"", ""parent_chunk_id"": ""ch5-f01"", ""fragment_type"": ""section"", ""level"": 2, ""chapter"": 5, ""hierarchy_path"": ""Ch5/5.6 Leisure Pools"", ""is_regulatory"": false, ""is_stub"": false, ""token_count"": 56, ""keywords"": [""pools"", ""features"", ""leisure""]}"
ch5-5-7,ch5-5-7,5,2,section,Ch5/5.7 Activity Pools,ch5-f01,5.7 Activity Pools,Activity pools are designed for organized recreation. Examples include: Water volleyball Aquatic exercise Instructional programs Group activities Characteristics: Moderate depth Open floor area Frequent user interaction Operational considerations: Increased physical activity may increase contaminant loading. Equipment used during classes should be cleaned and stored properly. Schedule inspections between programs.,60,False,False,"[""activity"", ""pools"", ""programs""]","{""chunk_id"": ""ch5-5-7"", ""chunk_id_legacy"": ""ch5-5-7"", ""parent_chunk_id"": ""ch5-f01"", ""fragment_type"": ""section"", ""level"": 2, ""chapter"": 5, ""hierarchy_path"": ""Ch5/5.7 Activity Pools"", ""is_regulatory"": false, ""is_stub"": false, ""token_count"": 60, ""keywords"": [""activity"", ""pools"", ""programs""]}"
ch5-5-8,ch5-5-8,5,2,section,Ch5/5.8 Diving Pools,ch5-f01,5.8 Diving Pools,Diving pools support springboard or platform diving. Characteristics: Greater water depth Specialized diving equipment Lower swimmer density during individual dives Operator responsibilities: Do: Verify diving equipment condition. Inspect ladders and platforms. Maintain required clear water visibility. Prevent unauthorized diving. Typical risks: Head injuries Neck injuries Impact injuries Improper diving behavior,66,False,False,"[""water"", ""injuries"", ""pools"", ""diving""]","{""chunk_id"": ""ch5-5-8"", ""chunk_id_legacy"": ""ch5-5-8"", ""parent_chunk_id"": ""ch5-f01"", ""fragment_type"": ""section"", ""level"": 2, ""chapter"": 5, ""hierarchy_path"": ""Ch5/5.8 Diving Pools"", ""is_regulatory"": false, ""is_stub"": false, ""token_count"": 66, ""keywords"": [""water"", ""injuries"", ""pools"", ""diving""]}"
ch5-5-9,ch5-5-9,5,2,section,Ch5/5.9 Therapy Pools,ch5-f01,5.9 Therapy Pools,Therapy pools support rehabilitation or therapeutic exercise. Typical users may include: Older adults Rehabilitation patients Individuals recovering from injury People with limited mobility Characteristics: Warmer water Lower-impact activities Specialized accessibility features Operator focus: Monitor temperature carefully. Maintain consistent water chemistry. Inspect accessibility equipment. Coordinate maintenance around therapy schedules.,61,False,False,"[""rehabilitation"", ""therapy"", ""pools"", ""water""]","{""chunk_id"": ""ch5-5-9"", ""chunk_id_legacy"": ""ch5-5-9"", ""parent_chunk_id"": ""ch5-f01"", ""fragment_type"": ""section"", ""level"": 2, ""chapter"": 5, ""hierarchy_path"": ""Ch5/5.9 Therapy Pools"", ""is_regulatory"": false, ""is_stub"": false, ""token_count"": 61, ""keywords"": [""rehabilitation"", ""therapy"", ""pools"", ""water""]}"
ch5-5-10,ch5-5-10,5,2,section,Ch5/5.10 Spa Pools (Hot Tubs),ch5-f01,5.10 Spa Pools (Hot Tubs),Spa pools operate differently from swimming pools. Characteristics include: Small water volume Elevated temperature Air injection Water jets High turbulence These conditions can increase disinfectant demand and require close operational attention. Operator focus: Monitor disinfectant frequently. Monitor pH regularly. Verify circulation. Inspect suction fittings. Check water level. Maintain filtration. Typical risks: Elevated microbial growth if disinfectant is inadequate. Chemical imbalance. Entrapment hazards. Overheating of bathers. Operators should encourage patrons to follow posted guidance regarding safe spa use.,105,False,False,"[""hot"", ""pools"", ""tubs"", ""water"", ""spa"", ""disinfectant""]","{""chunk_id"": ""ch5-5-10"", ""chunk_id_legacy"": ""ch5-5-10"", ""parent_chunk_id"": ""ch5-f01"", ""fragment_type"": ""section"", ""level"": 2, ""chapter"": 5, ""hierarchy_path"": ""Ch5/5.10 Spa Pools (Hot Tubs)"", ""is_regulatory"": false, ""is_stub"": false, ""token_count"": 105, ""keywords"": [""hot"", ""pools"", ""tubs"", ""water"", ""spa"", ""disinfectant""]}"
ch5-5-11,ch5-5-11,5,2,section,Ch5/5.11 Interactive Water Play Venues,ch5-f01,5.11 Interactive Water Play Venues,"Interactive water play venues are commonly known as splash pads or spray parks. Unlike swimming pools, users generally do not immerse themselves in standing water. Common features include: Spray nozzles Ground jets Water cannons Interactive fountains Many systems recirculate treated water, while others may use continuously supplied potable water depending on local design and regulations. Operator focus: Verify spray operation. Maintain treatment systems. Inspect drain areas. Monitor water quality where water is recirculated. Clean spray surfaces. Typical risks: Surface contamination Biofilm development Slip hazards Inadequate disinfection where applicable",115,False,False,"[""play"", ""venues"", ""spray"", ""water"", ""interactive""]","{""chunk_id"": ""ch5-5-11"", ""chunk_id_legacy"": ""ch5-5-11"", ""parent_chunk_id"": ""ch5-f01"", ""fragment_type"": ""section"", ""level"": 2, ""chapter"": 5, ""hierarchy_path"": ""Ch5/5.11 Interactive Water Play Venues"", ""is_regulatory"": false, ""is_stub"": false, ""token_count"": 115, ""keywords"": [""play"", ""venues"", ""spray"", ""water"", ""interactive""]}"
ch5-5-12,ch5-5-12,5,2,section,Ch5/5.12 Wading Pools,ch5-f01,5.12 Wading Pools,Wading pools are intended for young children. Characteristics: Very shallow water High caregiver presence Frequent contamination events Young children generally have increased accidental fecal release risk compared with older swimmers. Operator focus: Increase water testing frequency as needed. Encourage diaper-changing in designated areas. Clean surrounding surfaces frequently. Respond immediately to contamination incidents.,66,False,False,"[""children"", ""pools"", ""water"", ""young"", ""wading""]","{""chunk_id"": ""ch5-5-12"", ""chunk_id_legacy"": ""ch5-5-12"", ""parent_chunk_id"": ""ch5-f01"", ""fragment_type"": ""section"", ""level"": 2, ""chapter"": 5, ""hierarchy_path"": ""Ch5/5.12 Wading Pools"", ""is_regulatory"": false, ""is_stub"": false, ""token_count"": 66, ""keywords"": [""children"", ""pools"", ""water"", ""young"", ""wading""]}"
ch5-5-13,ch5-5-13,5,2,section,Ch5/5.13 Wave Pools,ch5-f01,5.13 Wave Pools,Wave pools generate artificial waves. Operational challenges include: Large water volume Complex circulation Mechanical wave equipment Variable bather movement Operator focus: Inspect wave-generation equipment. Monitor visibility. Observe crowd movement. Verify emergency stop systems. Coordinate with lifeguards. Typical risks: Collision injuries Fatigue Reduced visibility during heavy wave action,63,False,False,"[""equipment"", ""movement"", ""wave"", ""pools""]","{""chunk_id"": ""ch5-5-13"", ""chunk_id_legacy"": ""ch5-5-13"", ""parent_chunk_id"": ""ch5-f01"", ""fragment_type"": ""section"", ""level"": 2, ""chapter"": 5, ""hierarchy_path"": ""Ch5/5.13 Wave Pools"", ""is_regulatory"": false, ""is_stub"": false, ""token_count"": 63, ""keywords"": [""equipment"", ""movement"", ""wave"", ""pools""]}"
ch5-5-14,ch5-5-14,5,2,section,Ch5/5.14 Lazy Rivers,ch5-f01,5.14 Lazy Rivers,Lazy rivers move water continuously around a loop. Characteristics: Long hydraulic paths Continuous circulation Multiple entry points Floating devices Operator priorities: Monitor flow. Inspect pumps. Remove floating debris. Verify water circulation throughout the entire channel. Typical risks: Congestion Entrapment around inlets Slip hazards at entries and exits,60,False,False,"[""rivers"", ""circulation"", ""lazy"", ""water"", ""around""]","{""chunk_id"": ""ch5-5-14"", ""chunk_id_legacy"": ""ch5-5-14"", ""parent_chunk_id"": ""ch5-f01"", ""fragment_type"": ""section"", ""level"": 2, ""chapter"": 5, ""hierarchy_path"": ""Ch5/5.14 Lazy Rivers"", ""is_regulatory"": false, ""is_stub"": false, ""token_count"": 60, ""keywords"": [""rivers"", ""circulation"", ""lazy"", ""water"", ""around""]}"
ch5-5-15,ch5-5-15,5,2,section,Ch5/5.15 Water Slides,ch5-f01,5.15 Water Slides,Water slides combine mechanical systems with aquatic landing areas. Components include: Launch platform Slide flume Water supply Landing pool or run-out channel Operator focus: Inspect slide surfaces. Verify water flow. Check dispatch procedures. Inspect barriers and stairs. Monitor rider spacing. Typical risks: Collision injuries Improper rider position Slip hazards Mechanical failures affecting water delivery,68,False,False,"[""mechanical"", ""landing"", ""water"", ""slides""]","{""chunk_id"": ""ch5-5-15"", ""chunk_id_legacy"": ""ch5-5-15"", ""parent_chunk_id"": ""ch5-f01"", ""fragment_type"": ""section"", ""level"": 2, ""chapter"": 5, ""hierarchy_path"": ""Ch5/5.15 Water Slides"", ""is_regulatory"": false, ""is_stub"": false, ""token_count"": 68, ""keywords"": [""mechanical"", ""landing"", ""water"", ""slides""]}"
ch5-5-16,ch5-5-16,5,2,section,Ch5/5.16 Increased-Risk Aquatic Venues,ch5-f01,5.16 Increased-Risk Aquatic Venues,The MAHC recognizes that certain aquatic venues or user populations may present increased public health concerns. Examples may include venues serving: Very young children Older adults Individuals requiring therapeutic services Users with increased susceptibility to illness These facilities may require enhanced operational attention because contamination events or disease transmission can have greater consequences. Operator focus: Maintain excellent water quality. Perform frequent monitoring. Follow contamination response procedures. Encourage healthy swimming practices. Maintain accurate operational records. Local regulations determine any additional requirements.,92,True,False,"[""increased"", ""operational"", ""venues"", ""risk"", ""aquatic""]","{""chunk_id"": ""ch5-5-16"", ""chunk_id_legacy"": ""ch5-5-16"", ""parent_chunk_id"": ""ch5-f01"", ""fragment_type"": ""section"", ""level"": 2, ""chapter"": 5, ""hierarchy_path"": ""Ch5/5.16 Increased-Risk Aquatic Venues"", ""is_regulatory"": true, ""is_stub"": false, ""token_count"": 92, ""keywords"": [""increased"", ""operational"", ""venues"", ""risk"", ""aquatic""]}"
ch5-5-17,ch5-5-17,5,2,section,Ch5/5.17 Why Water Chemistry Changes Between Venue Types,ch5-f01,5.17 Why Water Chemistry Changes Between Venue Types,Different venues consume disinfectant at different rates. Factors include: Water temperature Organic contamination Aeration Bather density Water agitation Exposure to sunlight Operating hours Examples: A spa with warm water and heavy use will typically consume disinfectant more rapidly than a cool lap pool with fewer users. A children's play venue may experience more frequent contamination events than an adult lap pool. These examples illustrate operational differences rather than fixed rules.,83,False,False,"[""than"", ""between"", ""changes"", ""different"", ""venue"", ""types"", ""chemistry"", ""water"", ""why""]","{""chunk_id"": ""ch5-5-17"", ""chunk_id_legacy"": ""ch5-5-17"", ""parent_chunk_id"": ""ch5-f01"", ""fragment_type"": ""section"", ""level"": 2, ""chapter"": 5, ""hierarchy_path"": ""Ch5/5.17 Why Water Chemistry Changes Between Venue Types"", ""is_regulatory"": false, ""is_stub"": false, ""token_count"": 83, ""keywords"": [""than"", ""between"", ""changes"", ""different"", ""venue"", ""types"", ""chemistry"", ""water"", ""why""]}"
ch5-5-18,ch5-5-18,5,2,section,Ch5/5.18 Formula: Bather Density,ch5-f01,5.18 Formula: Bather Density,"Some facilities monitor how heavily a venue is being used. A simple educational calculation is: Bather Density = Number of Bathers / Water Surface Area Worked Example: Pool surface area = 4,000 square feet Current bathers = 80 Bather Density = 80 / 4,000 = 0.02 bathers per square foot This calculation is useful for internal operational awareness.",79,False,False,"[""calculation"", ""bather"", ""formula"", ""density"", ""bathers""]","{""chunk_id"": ""ch5-5-18"", ""chunk_id_legacy"": ""ch5-5-18"", ""parent_chunk_id"": ""ch5-f01"", ""fragment_type"": ""section"", ""level"": 2, ""chapter"": 5, ""hierarchy_path"": ""Ch5/5.18 Formula: Bather Density"", ""is_regulatory"": false, ""is_stub"": false, ""token_count"": 79, ""keywords"": [""calculation"", ""bather"", ""formula"", ""density"", ""bathers""]}"
ch5-5-20,ch5-5-20,5,2,section,Ch5/5.20 Daily Venue Assessment Checklist,ch5-f01,5.20 Daily Venue Assessment Checklist,Before opening: Do: ✓ Identify the aquatic venue type. ✓ Verify circulation is operating normally. ✓ Confirm water quality testing is complete. ✓ Inspect all water features. ✓ Verify required safety equipment. ✓ Check deck conditions. ✓ Inspect drain covers and visible fittings. ✓ Remove debris. ✓ Confirm records are current. ✓ Correct deficiencies before admitting bathers.,72,False,False,"[""assessment"", ""confirm"", ""daily"", ""checklist"", ""venue"", ""verify"", ""before""]","{""chunk_id"": ""ch5-5-20"", ""chunk_id_legacy"": ""ch5-5-20"", ""parent_chunk_id"": ""ch5-f01"", ""fragment_type"": ""section"", ""level"": 2, ""chapter"": 5, ""hierarchy_path"": ""Ch5/5.20 Daily Venue Assessment Checklist"", ""is_regulatory"": false, ""is_stub"": false, ""token_count"": 72, ""keywords"": [""assessment"", ""confirm"", ""daily"", ""checklist"", ""venue"", ""verify"", ""before""]}"
ch5-5-21-1-f01,ch5-5-21-1,5,3,subsection,Ch5/Key Checks,ch5-5-21,Key Checks,"Identify the correct aquatic venue classification before establishing operating procedures. Remember that different venue types require different maintenance priorities. Monitor water temperature, circulation, and bather load throughout operating hours. Increase attention to venues with warm water, high bather density, or complex water features. Inspect specialty equipment such as slides, wave systems, jets, and therapy equipment before opening. Keep accurate operational records for every aquatic venue. Follow manufacturer instructions and local code requirements for all installed systems. Recognize that increased-risk venues may require enhanced monitoring and operational controls.",107,False,False,"[""key"", ""venue"", ""water"", ""checks"", ""aquatic""]","{""chunk_id"": ""ch5-5-21-1-f01"", ""chunk_id_legacy"": ""ch5-5-21-1"", ""parent_chunk_id"": ""ch5-5-21"", ""fragment_type"": ""subsection"", ""level"": 3, ""chapter"": 5, ""hierarchy_path"": ""Ch5/Key Checks"", ""is_regulatory"": false, ""is_stub"": false, ""token_count"": 107, ""keywords"": [""key"", ""venue"", ""water"", ""checks"", ""aquatic""]}"
ch5-5-21-1-f02,ch5-5-21-1,5,3,subsection,Ch5/Sources Used in This Chapter,ch5-5-21,Sources Used in This Chapter,"U.S. Centers for Disease Control and Prevention (CDC). Model Aquatic Health Code (MAHC). Used for definitions and concepts related to aquatic venues, public pools, spas, interactive water play venues, increased-risk aquatic venues, water features, circulation concepts, and operational distinctions among facility types. U.S. Centers for Disease Control and Prevention (CDC). Healthy Swimming guidance. Used for general public health concepts concerning swimmer hygiene, contamination prevention, and disease transmission in recreational water settings. Generic U.S. state and local public health code structure. Used for generalized operational concepts regarding inspections, occupancy management, turnover requirements, operating practices, and facility classification. Local statutes, administrative codes, and adopted regulations always take precedence over generalized guidance.",146,True,False,"[""concepts"", ""used"", ""disease"", ""this"", ""prevention"", ""sources"", ""chapter""]","{""chunk_id"": ""ch5-5-21-1-f02"", ""chunk_id_legacy"": ""ch5-5-21-1"", ""parent_chunk_id"": ""ch5-5-21"", ""fragment_type"": ""subsection"", ""level"": 3, ""chapter"": 5, ""hierarchy_path"": ""Ch5/Sources Used in This Chapter"", ""is_regulatory"": true, ""is_stub"": false, ""token_count"": 146, ""keywords"": [""concepts"", ""used"", ""disease"", ""this"", ""prevention"", ""sources"", ""chapter""]}"
ch5-5-21,ch5-5-21,5,2,section,Ch5/5.21 Selecting the Correct Operating Priorities,ch5-f01,5.21 Selecting the Correct Operating Priorities,Use the following process. Identify the venue type. Review applicable local operating requirements. Consider water temperature. Evaluate expected bather load. Inspect special water features. Verify circulation performance. Test and record water quality. Open only after all required checks are complete. No two aquatic venues should be operated using exactly the same maintenance schedule without considering their individual characteristics.,70,False,False,"[""the"", ""correct"", ""operating"", ""water"", ""priorities"", ""following"", ""process"", ""selecting""]","{""chunk_id"": ""ch5-5-21"", ""chunk_id_legacy"": ""ch5-5-21"", ""parent_chunk_id"": ""ch5-f01"", ""fragment_type"": ""section"", ""level"": 2, ""chapter"": 5, ""hierarchy_path"": ""Ch5/5.21 Selecting the Correct Operating Priorities"", ""is_regulatory"": false, ""is_stub"": false, ""token_count"": 70, ""keywords"": [""the"", ""correct"", ""operating"", ""water"", ""priorities"", ""following"", ""process"", ""selecting""]}"
ch6-f01,ch6,6,1,chapter,Ch6,,Chapter 6 — Units and Conversions,Chapter 6 — Units and Conversions,8,False,True,"[""conversions"", ""and"", ""units"", ""chapter""]","{""chunk_id"": ""ch6-f01"", ""chunk_id_legacy"": ""ch6"", ""parent_chunk_id"": null, ""fragment_type"": ""chapter"", ""level"": 1, ""chapter"": 6, ""hierarchy_path"": ""Ch6"", ""is_regulatory"": false, ""is_stub"": true, ""token_count"": 8, ""keywords"": [""conversions"", ""and"", ""units"", ""chapter""]}"
ch6-6-0,ch6-6-0,6,2,section,Ch6/6.0 Purpose and Scope,ch6-f01,6.0 Purpose and Scope,"This chapter trains you to move correctly between the units you will encounter on a pool deck: gallons, liters, cubic feet, ppm/mg/L, and surface area. Every dosing calculation, water-balance adjustment, and volume estimate you perform later in this manual depends on getting this chapter right first. A unit error here does not stay small — it multiplies straight into a chemical dose or a turnover-rate calculation and can turn a correct formula into an unsafe one. Do treat this chapter as a skills chapter, not a reference chapter. Work every conversion by hand at least once before trusting a calculator or app to do it for you. You need to be able to catch a wrong answer, not just produce one.",144,False,False,"[""every"", ""this"", ""and"", ""purpose"", ""scope"", ""chapter""]","{""chunk_id"": ""ch6-6-0"", ""chunk_id_legacy"": ""ch6-6-0"", ""parent_chunk_id"": ""ch6-f01"", ""fragment_type"": ""section"", ""level"": 2, ""chapter"": 6, ""hierarchy_path"": ""Ch6/6.0 Purpose and Scope"", ""is_regulatory"": false, ""is_stub"": false, ""token_count"": 144, ""keywords"": [""every"", ""this"", ""and"", ""purpose"", ""scope"", ""chapter""]}"
ch6-6-4-1-1,ch6-6-4-1-1,6,3,subsection,Ch6/1 ppm = 1 mg/L,,1 ppm = 1 mg/L,"This works because ""parts per million"" is a mass-per-mass ratio, and one liter of water has a mass of approximately 1,000,000 mg (1 kg = 1,000 g = 1,000,000 mg) at everyday pool temperatures. A concentration expressed as milligrams of a substance dissolved in one liter of water is, by definition, one part in a million parts of water by mass. This equivalence is the standard convention used in water-treatment education and is why test kits and chemical labels use ""ppm"" and ""mg/L"" interchangeably for pool water.",123,False,False,"[""this"", ""mass"", ""water"", ""ppm""]","{""chunk_id"": ""ch6-6-4-1-1"", ""chunk_id_legacy"": ""ch6-6-4-1-1"", ""parent_chunk_id"": null, ""fragment_type"": ""subsection"", ""level"": 3, ""chapter"": 6, ""hierarchy_path"": ""Ch6/1 ppm = 1 mg/L"", ""is_regulatory"": false, ""is_stub"": false, ""token_count"": 123, ""keywords"": [""this"", ""mass"", ""water"", ""ppm""]}"
ch6-6-4-3,ch6-6-4-3,6,2,section,Ch6/6.4.3 Worked Example — Total Mass of a Chemical in a Pool,ch6-f01,6.4.3 Worked Example — Total Mass of a Chemical in a Pool,"A pool holds 20,000 gallons. You want to know the total mass of chlorine present at a reading of 3 ppm. Step 1 — Convert gallons to liters: 20,000 gal × 3.78541 = 75,708 L Step 2 — Apply the mg/L concentration: 75,708 L × 3 mg/L = 227,124 mg Step 3 — Convert to grams: 227,124 mg ÷ 1,000 = 227.1 g Step 4 — Convert to ounces if needed: 227.1 g × 0.035274 = 8.01 oz",131,False,False,"[""mass"", ""total"", ""convert"", ""step"", ""example"", ""pool"", ""gallons"", ""worked"", ""chemical""]","{""chunk_id"": ""ch6-6-4-3"", ""chunk_id_legacy"": ""ch6-6-4-3"", ""parent_chunk_id"": ""ch6-f01"", ""fragment_type"": ""section"", ""level"": 2, ""chapter"": 6, ""hierarchy_path"": ""Ch6/6.4.3 Worked Example — Total Mass of a Chemical in a Pool"", ""is_regulatory"": false, ""is_stub"": false, ""token_count"": 131, ""keywords"": [""mass"", ""total"", ""convert"", ""step"", ""example"", ""pool"", ""gallons"", ""worked"", ""chemical""]}"
ch6-6-7-1-f01,ch6-6-7-1,6,3,subsection,Ch6/Key Checks,,Key Checks,"[ ] All values in a single calculation are in the same unit system before any math is performed. [ ] Chemical label units (weight vs. volume, % strength) are matched to the formula being used. [ ] ppm/mg/L equivalence is applied only to dilute aqueous solutions. [ ] Surface area and volume are not substituted for one another. [ ] Freeform-area estimates are labeled as estimates, not used for code-driven decisions. [ ] Numeric targets are checked against local code and product label before use.",105,False,False,"[""key"", ""label"", ""checks"", ""before"", ""volume""]","{""chunk_id"": ""ch6-6-7-1-f01"", ""chunk_id_legacy"": ""ch6-6-7-1"", ""parent_chunk_id"": null, ""fragment_type"": ""subsection"", ""level"": 3, ""chapter"": 6, ""hierarchy_path"": ""Ch6/Key Checks"", ""is_regulatory"": false, ""is_stub"": false, ""token_count"": 105, ""keywords"": [""key"", ""label"", ""checks"", ""before"", ""volume""]}"
ch6-6-7-1-f02,ch6-6-7-1,6,3,subsection,Ch6/Common Mistakes,,Common Mistakes,"Multiplying a gallon figure by a metric conversion factor meant for cubic feet, or vice versa. Treating ppm and mg/L as different quantities that need converting into each other (they don't, for pool water). Using a diameter value where the formula calls for a radius (circular area errors). Confusing total surface area with total volume when sizing a cover or estimating bather load. Dropping the intermediate calculation step, making it impossible to audit an error later. Applying a percentage-strength conversion for a liquid chemical to a dry, granular product (or the reverse).",116,False,False,"[""total"", ""area"", ""common"", ""mistakes"", ""conversion""]","{""chunk_id"": ""ch6-6-7-1-f02"", ""chunk_id_legacy"": ""ch6-6-7-1"", ""parent_chunk_id"": null, ""fragment_type"": ""subsection"", ""level"": 3, ""chapter"": 6, ""hierarchy_path"": ""Ch6/Common Mistakes"", ""is_regulatory"": false, ""is_stub"": false, ""token_count"": 116, ""keywords"": [""total"", ""area"", ""common"", ""mistakes"", ""conversion""]}"
ch6-6-7-1-f03,ch6-6-7-1,6,3,subsection,Ch6/When to Call a Professional,,When to Call a Professional,"When an irregular pool shape needs an area or volume figure for a code-required determination (permit, bather-load capacity, variance application) — request an as-built survey or licensed engineer's figure rather than a field estimate. When a chemical supplier's delivery documentation uses unit conventions you cannot reconcile with your facility's dosing records — contact the supplier or a certified water-treatment consultant before dosing. When metric and US customary equipment are mixed at a single site and staff report inconsistent readings — bring in a calibration technician to verify both instrument sets before trusting either.",111,False,False,"[""professional"", ""figure"", ""when"", ""supplier"", ""call""]","{""chunk_id"": ""ch6-6-7-1-f03"", ""chunk_id_legacy"": ""ch6-6-7-1"", ""parent_chunk_id"": null, ""fragment_type"": ""subsection"", ""level"": 3, ""chapter"": 6, ""hierarchy_path"": ""Ch6/When to Call a Professional"", ""is_regulatory"": false, ""is_stub"": false, ""token_count"": 111, ""keywords"": [""professional"", ""figure"", ""when"", ""supplier"", ""call""]}"
ch6-6-7-1-f04,ch6-6-7-1,6,3,subsection,Ch6/Sources Used in This Chapter,,Sources Used in This Chapter,"US customary–to–metric volume, weight, and length conversion factors: standard SI/US customary definitions (NIST Guide for the Use of the International System of Units). ppm-to-mg/L equivalence for dilute aqueous solutions: standard water-treatment education convention (US EPA public water-system educational materials on concentration units). Water density approximation (~1 kg per liter at everyday pool temperatures) used to derive the ppm/mg/L equivalence: standard physical chemistry reference value. Local health code, facility permits, and product labels govern all applied numeric targets. This chapter provides unit-conversion mechanics only and does not itself establish a regulatory limit.",128,False,False,"[""used"", ""this"", ""standard"", ""water"", ""customary"", ""sources"", ""chapter""]","{""chunk_id"": ""ch6-6-7-1-f04"", ""chunk_id_legacy"": ""ch6-6-7-1"", ""parent_chunk_id"": null, ""fragment_type"": ""subsection"", ""level"": 3, ""chapter"": 6, ""hierarchy_path"": ""Ch6/Sources Used in This Chapter"", ""is_regulatory"": false, ""is_stub"": false, ""token_count"": 128, ""keywords"": [""used"", ""this"", ""standard"", ""water"", ""customary"", ""sources"", ""chapter""]}"
ch7-f01,ch7,7,1,chapter,Ch7,,Chapter 7 — Volume Calculations,Chapter 7 — Volume Calculations,7,False,True,"[""volume"", ""calculations"", ""chapter""]","{""chunk_id"": ""ch7-f01"", ""chunk_id_legacy"": ""ch7"", ""parent_chunk_id"": null, ""fragment_type"": ""chapter"", ""level"": 1, ""chapter"": 7, ""hierarchy_path"": ""Ch7"", ""is_regulatory"": false, ""is_stub"": true, ""token_count"": 7, ""keywords"": [""volume"", ""calculations"", ""chapter""]}"
ch7-7-2-1-1,ch7-7-2-1-1,7,3,subsection,"Ch7/Numeric ranges given for turnover, slope, and depth are labeled typical educational targets and are provided only to help you judge whether an answer is plausible. Local code, the health authority having jurisdiction, the design engineer's specifications, and the EPA-registered product label control in every case. Where a chapter statement is regulatory, health-related, or chemical, it maps to an entry in §7.19 Sources.",,"Numeric ranges given for turnover, slope, and depth are labeled typical educational targets and are provided only to help you judge whether an answer is plausible. Local code, the health authority having jurisdiction, the design engineer's specifications, and the EPA-registered product label control in every case. Where a chapter statement is regulatory, health-related, or chemical, it maps to an entry in §7.19 Sources.","1 cubic foot of water = 7.48 US gallons 1 cubic meter of water = 1,000 liters The 7.48 figure is not arbitrary. It is derived, and you should be able to derive it in front of an inspector: 1 cubic foot = 12 in x 12 in x 12 in = 1,728 cubic inches 1 US liquid gallon = 231 cubic inches (defined) 1,728 / 231 = 7.4805...",103,False,False,"[""registered"", ""control"", ""entry"", ""authority"", ""slope"", ""judge"", ""provided"", ""ranges"", ""jurisdiction"", ""local""]","{""chunk_id"": ""ch7-7-2-1-1"", ""chunk_id_legacy"": ""ch7-7-2-1-1"", ""parent_chunk_id"": null, ""fragment_type"": ""subsection"", ""level"": 3, ""chapter"": 7, ""hierarchy_path"": ""Ch7/Numeric ranges given for turnover, slope, and depth are labeled typical educational targets and are provided only to help you judge whether an answer is plausible. Local code, the health authority having jurisdiction, the design engineer's specifications, and the EPA-registered product label control in every case. Where a chapter statement is regulatory, health-related, or chemical, it maps to an entry in §7.19 Sources."", ""is_regulatory"": false, ""is_stub"": false, ""token_count"": 103, ""keywords"": [""registered"", ""control"", ""entry"", ""authority"", ""slope"", ""judge"", ""provided"", ""ranges"", ""jurisdiction"", ""local""]}"
ch7-7-3-1,ch7-7-3-1,7,2,section,Ch7/7.3.1 Tools,ch7-f01,7.3.1 Tools,"100 ft (30 m) fiberglass tape, non-stretch Rigid measuring pole or telescoping rod marked in tenths of a foot (or cm) Laser distance meter for across-water spans (verify against tape once per session) Waterproof sketch pad or tablet; camera Chalk or removable tape for marking break points on the deck",66,False,False,"[""tools"", ""fiberglass"", ""stretch"", ""tape""]","{""chunk_id"": ""ch7-7-3-1"", ""chunk_id_legacy"": ""ch7-7-3-1"", ""parent_chunk_id"": ""ch7-f01"", ""fragment_type"": ""section"", ""level"": 2, ""chapter"": 7, ""hierarchy_path"": ""Ch7/7.3.1 Tools"", ""is_regulatory"": false, ""is_stub"": false, ""token_count"": 66, ""keywords"": [""tools"", ""fiberglass"", ""stretch"", ""tape""]}"
ch7-7-4-2,ch7-7-4-2,7,2,section,Ch7/7.4.2 Average depth — when the simple version is legal,ch7-f01,7.4.2 Average depth — when the simple version is legal,Average Depth = (Shallow Depth + Deep Depth) / 2,14,False,False,"[""version"", ""the"", ""shallow"", ""depth"", ""average"", ""when"", ""simple"", ""legal""]","{""chunk_id"": ""ch7-7-4-2"", ""chunk_id_legacy"": ""ch7-7-4-2"", ""parent_chunk_id"": ""ch7-f01"", ""fragment_type"": ""section"", ""level"": 2, ""chapter"": 7, ""hierarchy_path"": ""Ch7/7.4.2 Average depth — when the simple version is legal"", ""is_regulatory"": false, ""is_stub"": false, ""token_count"": 14, ""keywords"": [""version"", ""the"", ""shallow"", ""depth"", ""average"", ""when"", ""simple"", ""legal""]}"
ch7-7-4-3-1,ch7-7-4-3-1,7,3,subsection,"Ch7/This is valid only when the floor slopes at one constant grade across the entire length of the vessel — a true wedge. If there is a flat shallow shelf, a flat deep area, or a break in slope, this formula overstates or understates volume. Use §7.8 instead.",,"This is valid only when the floor slopes at one constant grade across the entire length of the vessel — a true wedge. If there is a flat shallow shelf, a flat deep area, or a break in slope, this formula overstates or understates volume. Use §7.8 instead.","A rectangular lap pool measures 25.0 ft wide and 45.0 ft long. Depth is 3.5 ft at the shallow wall and 8.0 ft at the deep wall, sloping continuously with no flat sections. Step 1  Average depth = (3.5 + 8.0) / 2 = 5.75 ft Step 2  Volume (cu ft) = 25.0 x 45.0 x 5.75 = 6,468.75 cu ft Step 3  Volume (gal)   = 6,468.75 x 7.48 = 48,386 gal Step 4  Round for operational use = 48,400 gal",149,False,False,"[""vessel"", ""area"", ""overstates"", ""step"", ""slope"", ""formula"", ""true"", ""flat"", ""shelf"", ""across""]","{""chunk_id"": ""ch7-7-4-3-1"", ""chunk_id_legacy"": ""ch7-7-4-3-1"", ""parent_chunk_id"": null, ""fragment_type"": ""subsection"", ""level"": 3, ""chapter"": 7, ""hierarchy_path"": ""Ch7/This is valid only when the floor slopes at one constant grade across the entire length of the vessel — a true wedge. If there is a flat shallow shelf, a flat deep area, or a break in slope, this formula overstates or understates volume. Use §7.8 instead."", ""is_regulatory"": false, ""is_stub"": false, ""token_count"": 149, ""keywords"": [""vessel"", ""area"", ""overstates"", ""step"", ""slope"", ""formula"", ""true"", ""flat"", ""shelf"", ""across""]}"
ch7-7-4-4-1,ch7-7-4-4-1,7,3,subsection,"Ch7/Record: 48,400 gal. Check: a 45 ft pool averaging 5.75 ft is a plausible mid-size rectangle; the answer is in the tens of thousands, not hundreds of thousands.",,"Record: 48,400 gal. Check: a 45 ft pool averaging 5.75 ft is a plausible mid-size rectangle; the answer is in the tens of thousands, not hundreds of thousands.","A therapy pool measures 12.0 m by 5.0 m with a uniform floor depth of 1.60 m. Step 1  Volume (cu m) = 12.0 x 5.0 x 1.60 = 96.0 cu m Step 2  Volume (L)    = 96.0 x 1,000 = 96,000 L Step 3  Volume (gal)  = 96.0 x 264.2 = 25,363 gal -> 25,400 gal",114,False,False,"[""rectangle"", ""averaging"", ""thousands"", ""size"", ""not"", ""gal"", ""the"", ""therapy"", ""plausible"", ""step""]","{""chunk_id"": ""ch7-7-4-4-1"", ""chunk_id_legacy"": ""ch7-7-4-4-1"", ""parent_chunk_id"": null, ""fragment_type"": ""subsection"", ""level"": 3, ""chapter"": 7, ""hierarchy_path"": ""Ch7/Record: 48,400 gal. Check: a 45 ft pool averaging 5.75 ft is a plausible mid-size rectangle; the answer is in the tens of thousands, not hundreds of thousands."", ""is_regulatory"": false, ""is_stub"": false, ""token_count"": 114, ""keywords"": [""rectangle"", ""averaging"", ""thousands"", ""size"", ""not"", ""gal"", ""the"", ""therapy"", ""plausible"", ""step""]}"
ch7-7-5-2,ch7-7-5-2,7,2,section,Ch7/7.5.2 Worked example — uniform-depth circular pool,ch7-f01,7.5.2 Worked example — uniform-depth circular pool,"An 18.0 ft diameter above-ground pool with uniform water depth of 4.0 ft. Step 1  Area = 0.785 x 18.0 x 18.0 = 0.785 x 324 = 254.34 sq ft Step 2  Volume (cu ft) = 254.34 x 4.0 = 1,017.36 cu ft Step 3  Volume (gal) = 1,017.36 x 7.48 = 7,610 gal",110,False,False,"[""diameter"", ""step"", ""uniform"", ""circular"", ""volume"", ""example"", ""pool"", ""worked"", ""depth""]","{""chunk_id"": ""ch7-7-5-2"", ""chunk_id_legacy"": ""ch7-7-5-2"", ""parent_chunk_id"": ""ch7-f01"", ""fragment_type"": ""section"", ""level"": 2, ""chapter"": 7, ""hierarchy_path"": ""Ch7/7.5.2 Worked example — uniform-depth circular pool"", ""is_regulatory"": false, ""is_stub"": false, ""token_count"": 110, ""keywords"": [""diameter"", ""step"", ""uniform"", ""circular"", ""volume"", ""example"", ""pool"", ""worked"", ""depth""]}"
ch7-7-6-1,ch7-7-6-1,7,2,section,Ch7/7.6.1 Formula,ch7-f01,7.6.1 Formula,"Area (sq ft)     = 0.785 x Long Axis x Short Axis Volume (gallons) = Area x Average Depth x 7.48 Long axis and short axis are the full widths through the center, not half-widths.",51,False,False,"[""area"", ""axis"", ""long"", ""formula""]","{""chunk_id"": ""ch7-7-6-1"", ""chunk_id_legacy"": ""ch7-7-6-1"", ""parent_chunk_id"": ""ch7-f01"", ""fragment_type"": ""section"", ""level"": 2, ""chapter"": 7, ""hierarchy_path"": ""Ch7/7.6.1 Formula"", ""is_regulatory"": false, ""is_stub"": false, ""token_count"": 51, ""keywords"": [""area"", ""axis"", ""long"", ""formula""]}"
ch7-7-6-2,ch7-7-6-2,7,2,section,Ch7/7.6.2 Worked example,ch7-f01,7.6.2 Worked example,"An oval spa-adjacent plunge pool: long axis 32.0 ft, short axis 16.0 ft, uniform depth 4.5 ft. Step 1  Area = 0.785 x 32.0 x 16.0 = 0.785 x 512 = 401.92 sq ft Step 2  Volume (cu ft) = 401.92 x 4.5 = 1,808.64 cu ft Step 3  Volume (gal) = 1,808.64 x 7.48 = 13,529 gal -> 13,500 gal",128,False,False,"[""axis"", ""step"", ""volume"", ""example"", ""worked""]","{""chunk_id"": ""ch7-7-6-2"", ""chunk_id_legacy"": ""ch7-7-6-2"", ""parent_chunk_id"": ""ch7-f01"", ""fragment_type"": ""section"", ""level"": 2, ""chapter"": 7, ""hierarchy_path"": ""Ch7/7.6.2 Worked example"", ""is_regulatory"": false, ""is_stub"": false, ""token_count"": 128, ""keywords"": [""axis"", ""step"", ""volume"", ""example"", ""worked""]}"
ch7-7-7-2-1,ch7-7-7-2-1,7,3,subsection,"Ch7/This is an approximation, typically within about 5% for conventional kidney shapes. Do label it as approximate on your worksheet.",,"This is an approximation, typically within about 5% for conventional kidney shapes. Do label it as approximate on your worksheet.","Width A = 14.0 ft, Width B = 20.0 ft, centerline length = 34.0 ft, average depth = 4.5 ft. Step 1  Area = 0.45 x (14.0 + 20.0) x 34.0 = 0.45 x 34.0 x 34.0 = 520.2 sq ft Step 2  Volume (cu ft) = 520.2 x 4.5 = 2,340.9 cu ft Step 3  Volume (gal) = 2,340.9 x 7.48 = 17,510 gal",139,False,False,"[""this"", ""shapes"", ""width"", ""typically"", ""approximation"", ""conventional"", ""your"", ""kidney"", ""step"", ""label""]","{""chunk_id"": ""ch7-7-7-2-1"", ""chunk_id_legacy"": ""ch7-7-7-2-1"", ""parent_chunk_id"": null, ""fragment_type"": ""subsection"", ""level"": 3, ""chapter"": 7, ""hierarchy_path"": ""Ch7/This is an approximation, typically within about 5% for conventional kidney shapes. Do label it as approximate on your worksheet."", ""is_regulatory"": false, ""is_stub"": false, ""token_count"": 139, ""keywords"": [""this"", ""shapes"", ""width"", ""typically"", ""approximation"", ""conventional"", ""your"", ""kidney"", ""step"", ""label""]}"
ch7-7-7-3,ch7-7-7-3,7,2,section,Ch7/7.7.3 Segment (strip) method for true freeform,ch7-f01,7.7.3 Segment (strip) method for true freeform,"For lagoon shapes, grottos, and anything the kidney factor cannot honestly cover:",18,False,False,"[""shapes"", ""freeform"", ""segment"", ""lagoon"", ""grottos"", ""method"", ""strip"", ""for"", ""true""]","{""chunk_id"": ""ch7-7-7-3"", ""chunk_id_legacy"": ""ch7-7-7-3"", ""parent_chunk_id"": ""ch7-f01"", ""fragment_type"": ""section"", ""level"": 2, ""chapter"": 7, ""hierarchy_path"": ""Ch7/7.7.3 Segment (strip) method for true freeform"", ""is_regulatory"": false, ""is_stub"": false, ""token_count"": 18, ""keywords"": [""shapes"", ""freeform"", ""segment"", ""lagoon"", ""grottos"", ""method"", ""strip"", ""for"", ""true""]}"
ch7-20-0-f01,ch7-20-0,7,2,section,"Ch7/20.0 x 15.0 x 3.5                     = 1,050.0 cu ft",ch7-f01,"20.0 x 15.0 x 3.5                     = 1,050.0 cu ft","Zone B (slope, 13.0 ft long) Average depth = (3.5 + 9.0) / 2 = 6.25 ft",34,False,False,"[""zone"", ""slope"", ""long""]","{""chunk_id"": ""ch7-20-0-f01"", ""chunk_id_legacy"": ""ch7-20-0"", ""parent_chunk_id"": ""ch7-f01"", ""fragment_type"": ""section"", ""level"": 2, ""chapter"": 7, ""hierarchy_path"": ""Ch7/20.0 x 15.0 x 3.5                     = 1,050.0 cu ft"", ""is_regulatory"": false, ""is_stub"": false, ""token_count"": 34, ""keywords"": [""zone"", ""slope"", ""long""]}"
ch7-20-0-f02,ch7-20-0,7,2,section,"Ch7/20.0 x 13.0 x 6.25                    = 1,625.0 cu ft",ch7-f01,"20.0 x 13.0 x 6.25                    = 1,625.0 cu ft","Zone C (flat deep, 12.0 ft long)",13,False,False,"[""zone"", ""flat"", ""deep""]","{""chunk_id"": ""ch7-20-0-f02"", ""chunk_id_legacy"": ""ch7-20-0"", ""parent_chunk_id"": ""ch7-f01"", ""fragment_type"": ""section"", ""level"": 2, ""chapter"": 7, ""hierarchy_path"": ""Ch7/20.0 x 13.0 x 6.25                    = 1,625.0 cu ft"", ""is_regulatory"": false, ""is_stub"": false, ""token_count"": 13, ""keywords"": [""zone"", ""flat"", ""deep""]}"
ch7-20-0-f03,ch7-20-0,7,2,section,"Ch7/20.0 x 12.0 x 9.0                     = 2,160.0 cu ft",ch7-f01,"20.0 x 12.0 x 9.0                     = 2,160.0 cu ft","Total                                   = 4,835.0 cu ft Volume (gal) = 4,835.0 x 7.48           = 36,166 gal -> 36,200 gal",40,False,False,"[""volume"", ""total""]","{""chunk_id"": ""ch7-20-0-f03"", ""chunk_id_legacy"": ""ch7-20-0"", ""parent_chunk_id"": ""ch7-f01"", ""fragment_type"": ""section"", ""level"": 2, ""chapter"": 7, ""hierarchy_path"": ""Ch7/20.0 x 12.0 x 9.0                     = 2,160.0 cu ft"", ""is_regulatory"": false, ""is_stub"": false, ""token_count"": 40, ""keywords"": [""volume"", ""total""]}"
ch7-7-8-3,ch7-7-8-3,7,2,section,Ch7/7.8.3 Why the shortcut fails — quantified,ch7-f01,7.8.3 Why the shortcut fails — quantified,Apply the naive whole-pool average to the same vessel: Naive average depth = (3.5 + 9.0) / 2 = 6.25 ft,36,False,False,"[""quantified"", ""the"", ""shortcut"", ""fails"", ""naive"", ""average"", ""apply"", ""why""]","{""chunk_id"": ""ch7-7-8-3"", ""chunk_id_legacy"": ""ch7-7-8-3"", ""parent_chunk_id"": ""ch7-f01"", ""fragment_type"": ""section"", ""level"": 2, ""chapter"": 7, ""hierarchy_path"": ""Ch7/7.8.3 Why the shortcut fails — quantified"", ""is_regulatory"": false, ""is_stub"": false, ""token_count"": 36, ""keywords"": [""quantified"", ""the"", ""shortcut"", ""fails"", ""naive"", ""average"", ""apply"", ""why""]}"
ch7-20-0-f04,ch7-20-0,7,2,section,"Ch7/20.0 x 40.0 x 6.25 = 5,000 cu ft",ch7-f01,"20.0 x 40.0 x 6.25 = 5,000 cu ft","5,000 x 7.48 = 37,400 gal",15,False,False,[],"{""chunk_id"": ""ch7-20-0-f04"", ""chunk_id_legacy"": ""ch7-20-0"", ""parent_chunk_id"": ""ch7-f01"", ""fragment_type"": ""section"", ""level"": 2, ""chapter"": 7, ""hierarchy_path"": ""Ch7/20.0 x 40.0 x 6.25 = 5,000 cu ft"", ""is_regulatory"": false, ""is_stub"": false, ""token_count"": 15, ""keywords"": []}"
ch7-7-10-2,ch7-7-10-2,7,2,section,Ch7/7.10.2 Worked example — spa with wrap-around bench,ch7-f01,7.10.2 Worked example — spa with wrap-around bench,"Square spa, 8.0 ft x 8.0 ft at the waterline. Floor depth 3.5 ft. A bench 1.5 ft wide runs the full length of two adjacent walls; water depth over the bench seat is 1.5 ft. Step 1  Full prism",63,False,False,"[""wrap"", ""bench"", ""full"", ""with"", ""spa"", ""example"", ""worked"", ""depth"", ""around""]","{""chunk_id"": ""ch7-7-10-2"", ""chunk_id_legacy"": ""ch7-7-10-2"", ""parent_chunk_id"": ""ch7-f01"", ""fragment_type"": ""section"", ""level"": 2, ""chapter"": 7, ""hierarchy_path"": ""Ch7/7.10.2 Worked example — spa with wrap-around bench"", ""is_regulatory"": false, ""is_stub"": false, ""token_count"": 63, ""keywords"": [""wrap"", ""bench"", ""full"", ""with"", ""spa"", ""example"", ""worked"", ""depth"", ""around""]}"
ch7-8-0,ch7-8-0,7,2,section,Ch7/8.0 x 8.0 x 3.5                      = 224.0 cu ft,ch7-f01,8.0 x 8.0 x 3.5                      = 224.0 cu ft,"Step 2  Bench footprint Strip 1: 1.5 x 8.0                   =  12.0 sq ft Strip 2: 1.5 x 8.0                   =  12.0 sq ft Corner counted twice: 1.5 x 1.5      =  -2.25 sq ft Net footprint                        =  21.75 sq ft Step 3  Bench solid height = 3.5 - 1.5       =   2.0 ft Step 4  Bench solid volume = 21.75 x 2.0     =  43.5 cu ft Step 5  Net water = 224.0 - 43.5             = 180.5 cu ft Step 6  Volume (gal) = 180.5 x 7.48          = 1,350 gal",183,False,False,"[""step"", ""bench"", ""footprint""]","{""chunk_id"": ""ch7-8-0"", ""chunk_id_legacy"": ""ch7-8-0"", ""parent_chunk_id"": ""ch7-f01"", ""fragment_type"": ""section"", ""level"": 2, ""chapter"": 7, ""hierarchy_path"": ""Ch7/8.0 x 8.0 x 3.5                      = 224.0 cu ft"", ""is_regulatory"": false, ""is_stub"": false, ""token_count"": 183, ""keywords"": [""step"", ""bench"", ""footprint""]}"
ch7-2-0,ch7-2-0,7,2,section,"Ch7/2.0 x 36,200 x 8.34 / 1,000,000 = 0.604 lb",ch7-f01,"2.0 x 36,200 x 8.34 / 1,000,000 = 0.604 lb",Step 2  Product needed,6,False,False,"[""step"", ""needed"", ""product""]","{""chunk_id"": ""ch7-2-0"", ""chunk_id_legacy"": ""ch7-2-0"", ""parent_chunk_id"": ""ch7-f01"", ""fragment_type"": ""section"", ""level"": 2, ""chapter"": 7, ""hierarchy_path"": ""Ch7/2.0 x 36,200 x 8.34 / 1,000,000 = 0.604 lb"", ""is_regulatory"": false, ""is_stub"": false, ""token_count"": 6, ""keywords"": [""step"", ""needed"", ""product""]}"
ch7-0-604,ch7-0-604,7,2,section,Ch7/0.604 / 0.65 = 0.929 lb,ch7-f01,0.604 / 0.65 = 0.929 lb,Step 3  Convert to ounces,7,False,False,"[""step"", ""convert"", ""ounces""]","{""chunk_id"": ""ch7-0-604"", ""chunk_id_legacy"": ""ch7-0-604"", ""parent_chunk_id"": ""ch7-f01"", ""fragment_type"": ""section"", ""level"": 2, ""chapter"": 7, ""hierarchy_path"": ""Ch7/0.604 / 0.65 = 0.929 lb"", ""is_regulatory"": false, ""is_stub"": false, ""token_count"": 7, ""keywords"": [""step"", ""convert"", ""ounces""]}"
ch7-7-14-4,ch7-7-14-4,7,2,section,Ch7/7.14.4 Depth log,ch7-f01,7.14.4 Depth log,Reference wall used: ______________________,6,False,False,"[""used"", ""reference"", ""wall"", ""depth"", ""log""]","{""chunk_id"": ""ch7-7-14-4"", ""chunk_id_legacy"": ""ch7-7-14-4"", ""parent_chunk_id"": ""ch7-f01"", ""fragment_type"": ""section"", ""level"": 2, ""chapter"": 7, ""hierarchy_path"": ""Ch7/7.14.4 Depth log"", ""is_regulatory"": false, ""is_stub"": false, ""token_count"": 6, ""keywords"": [""used"", ""reference"", ""wall"", ""depth"", ""log""]}"
ch7-7-14-8,ch7-7-14-8,7,2,section,Ch7/7.14.8 Cross-check,ch7-f01,7.14.8 Cross-check,Operator signature: ______________________ Date: ____________,10,False,False,"[""date"", ""cross"", ""operator"", ""signature"", ""check""]","{""chunk_id"": ""ch7-7-14-8"", ""chunk_id_legacy"": ""ch7-7-14-8"", ""parent_chunk_id"": ""ch7-f01"", ""fragment_type"": ""section"", ""level"": 2, ""chapter"": 7, ""hierarchy_path"": ""Ch7/7.14.8 Cross-check"", ""is_regulatory"": false, ""is_stub"": false, ""token_count"": 10, ""keywords"": [""date"", ""cross"", ""operator"", ""signature"", ""check""]}"
ch7-7-15,ch7-7-15,7,2,section,Ch7/7.15 Quick reference — shape factor table,ch7-f01,7.15 Quick reference — shape factor table,All: Gallons = Plan area x Average depth x 7.48,15,False,False,"[""reference"", ""shape"", ""table"", ""area"", ""plan"", ""quick"", ""gallons"", ""factor""]","{""chunk_id"": ""ch7-7-15"", ""chunk_id_legacy"": ""ch7-7-15"", ""parent_chunk_id"": ""ch7-f01"", ""fragment_type"": ""section"", ""level"": 2, ""chapter"": 7, ""hierarchy_path"": ""Ch7/7.15 Quick reference — shape factor table"", ""is_regulatory"": false, ""is_stub"": false, ""token_count"": 15, ""keywords"": [""reference"", ""shape"", ""table"", ""area"", ""plan"", ""quick"", ""gallons"", ""factor""]}"
ch7-7-18-1,ch7-7-18-1,7,3,subsection,"Ch7/Stop and escalate to a licensed design professional, licensed contractor, or your health authority when:",,"Stop and escalate to a licensed design professional, licensed contractor, or your health authority when:","As-built drawings are unavailable and the vessel has complex geometry (multiple hoppers, vanishing edge, tiered levels, integrated spa spillover) that you cannot segment with confidence. Your measured volume differs from the design or permitted volume by more than about 10% and you cannot account for the difference. A metered-fill cross-check will not reconcile, and a leak is suspected — call a leak detection specialist and a licensed contractor. Do not simply add makeup water and keep dosing. The turnover calculation using your measured volume shows the system cannot meet the code-required turnover. This is a design or equipment matter for an engineer and the health authority — not something to resolve by adjusting the volume figure. You are asked to certify or file a volume figure for a permit, plan review, or variance. Filed figures should rest on stamped drawings. Vessel geometry has been altered (resurfacing that changed depths, bench added, ledge installed) — the volume must be recomputed and the recirculation design reviewed. Depth markings or ""no diving"" markings do not match your measured depths. This is a life-safety discrepancy. Report it immediately and restrict use of the affected area pending review. [S5, S6]",247,True,False,"[""professional"", ""and"", ""stop"", ""your"", ""health"", ""contractor"", ""design"", ""licensed"", ""authority"", ""when""]","{""chunk_id"": ""ch7-7-18-1"", ""chunk_id_legacy"": ""ch7-7-18-1"", ""parent_chunk_id"": null, ""fragment_type"": ""subsection"", ""level"": 3, ""chapter"": 7, ""hierarchy_path"": ""Ch7/Stop and escalate to a licensed design professional, licensed contractor, or your health authority when:"", ""is_regulatory"": true, ""is_stub"": false, ""token_count"": 247, ""keywords"": [""professional"", ""and"", ""stop"", ""your"", ""health"", ""contractor"", ""design"", ""licensed"", ""authority"", ""when""]}"
ch8-f02,ch8,8,1,chapter,Ch8,,"Chapter 8 — Flow Rate, Turnover, and Circulation Math","Chapter 8 — Flow Rate, Turnover, and Circulation Math",14,False,True,"[""circulation"", ""and"", ""flow"", ""math"", ""turnover"", ""rate"", ""chapter""]","{""chunk_id"": ""ch8-f02"", ""chunk_id_legacy"": ""ch8"", ""parent_chunk_id"": null, ""fragment_type"": ""chapter"", ""level"": 1, ""chapter"": 8, ""hierarchy_path"": ""Ch8"", ""is_regulatory"": false, ""is_stub"": true, ""token_count"": 14, ""keywords"": [""circulation"", ""and"", ""flow"", ""math"", ""turnover"", ""rate"", ""chapter""]}"
ch7-f02,ch7,7,1,chapter,Ch7,,Operator Manual — Directive Reference Prerequisite: Chapter 7 (Volume Calculations). You cannot do this chapter without a documented gallon figure.,Operator Manual — Directive Reference Prerequisite: Chapter 7 (Volume Calculations). You cannot do this chapter without a documented gallon figure.,27,False,False,"[""figure"", ""this"", ""reference"", ""prerequisite"", ""operator"", ""directive"", ""calculations"", ""you"", ""documented"", ""gallon""]","{""chunk_id"": ""ch7-f02"", ""chunk_id_legacy"": ""ch7"", ""parent_chunk_id"": null, ""fragment_type"": ""chapter"", ""level"": 1, ""chapter"": 7, ""hierarchy_path"": ""Ch7"", ""is_regulatory"": false, ""is_stub"": false, ""token_count"": 27, ""keywords"": [""figure"", ""this"", ""reference"", ""prerequisite"", ""operator"", ""directive"", ""calculations"", ""you"", ""documented"", ""gallon""]}"
ch7-8-3-2,ch7-8-3-2,7,2,section,Ch7/8.3.2 Useful derived expressions,ch7-f01,8.3.2 Useful derived expressions,"Gallons per hour        = Q x 60 Gallons per day         = Q x 1,440 Turnovers per day, N    = 24 / t = (Q x 1,440) / V",45,False,False,"[""derived"", ""turnovers"", ""hour"", ""expressions"", ""useful"", ""gallons""]","{""chunk_id"": ""ch7-8-3-2"", ""chunk_id_legacy"": ""ch7-8-3-2"", ""parent_chunk_id"": ""ch7-f01"", ""fragment_type"": ""section"", ""level"": 2, ""chapter"": 7, ""hierarchy_path"": ""Ch7/8.3.2 Useful derived expressions"", ""is_regulatory"": false, ""is_stub"": false, ""token_count"": 45, ""keywords"": [""derived"", ""turnovers"", ""hour"", ""expressions"", ""useful"", ""gallons""]}"
ch7-f03,ch7,7,1,chapter,Ch7,,Do confirm the volume of record from the Chapter 7 worksheet.,Do confirm the volume of record from the Chapter 7 worksheet.,13,False,True,"[""confirm"", ""the"", ""from"", ""record"", ""chapter"", ""volume"", ""worksheet""]","{""chunk_id"": ""ch7-f03"", ""chunk_id_legacy"": ""ch7"", ""parent_chunk_id"": null, ""fragment_type"": ""chapter"", ""level"": 1, ""chapter"": 7, ""hierarchy_path"": ""Ch7"", ""is_regulatory"": false, ""is_stub"": true, ""token_count"": 13, ""keywords"": [""confirm"", ""the"", ""from"", ""record"", ""chapter"", ""volume"", ""worksheet""]}"
ch7-f04,ch7,7,1,chapter,Ch7,,"Volume of record 36,200 gal (Chapter 7, §7.8.2). Installed paddlewheel meter reads 150 gpm with a freshly backwashed filter.","Volume of record 36,200 gal (Chapter 7, §7.8.2). Installed paddlewheel meter reads 150 gpm with a freshly backwashed filter.",37,False,False,"[""paddlewheel"", ""backwashed"", ""gal"", ""meter"", ""record"", ""filter"", ""with"", ""installed"", ""reads"", ""freshly""]","{""chunk_id"": ""ch7-f04"", ""chunk_id_legacy"": ""ch7"", ""parent_chunk_id"": null, ""fragment_type"": ""chapter"", ""level"": 1, ""chapter"": 7, ""hierarchy_path"": ""Ch7"", ""is_regulatory"": false, ""is_stub"": false, ""token_count"": 37, ""keywords"": [""paddlewheel"", ""backwashed"", ""gal"", ""meter"", ""record"", ""filter"", ""with"", ""installed"", ""reads"", ""freshly""]}"
ch7-f05,ch7,7,1,chapter,Ch7,,"An 18.0 ft diameter circular pool, volume of record 7,610 gal (Chapter 7, §7.5.2). Meter reads 12 gpm.","An 18.0 ft diameter circular pool, volume of record 7,610 gal (Chapter 7, §7.5.2). Meter reads 12 gpm.",37,False,False,"[""diameter"", ""gal"", ""meter"", ""record"", ""circular"", ""volume"", ""pool"", ""gpm"", ""chapter"", ""reads""]","{""chunk_id"": ""ch7-f05"", ""chunk_id_legacy"": ""ch7"", ""parent_chunk_id"": null, ""fragment_type"": ""chapter"", ""level"": 1, ""chapter"": 7, ""hierarchy_path"": ""Ch7"", ""is_regulatory"": false, ""is_stub"": false, ""token_count"": 37, ""keywords"": [""diameter"", ""gal"", ""meter"", ""record"", ""circular"", ""volume"", ""pool"", ""gpm"", ""chapter"", ""reads""]}"
ch7-f06,ch7,7,1,chapter,Ch7,,"Rectangular lap pool, volume of record 48,400 gal (Chapter 7, §7.4.3). Code requires 6-hour turnover.","Rectangular lap pool, volume of record 48,400 gal (Chapter 7, §7.4.3). Code requires 6-hour turnover.",32,False,False,"[""rectangular"", ""gal"", ""requires"", ""hour"", ""record"", ""code"", ""turnover"", ""volume"", ""pool"", ""lap""]","{""chunk_id"": ""ch7-f06"", ""chunk_id_legacy"": ""ch7"", ""parent_chunk_id"": null, ""fragment_type"": ""chapter"", ""level"": 1, ""chapter"": 7, ""hierarchy_path"": ""Ch7"", ""is_regulatory"": false, ""is_stub"": false, ""token_count"": 32, ""keywords"": [""rectangular"", ""gal"", ""requires"", ""hour"", ""record"", ""code"", ""turnover"", ""volume"", ""pool"", ""lap""]}"
ch7-f07,ch7,7,1,chapter,Ch7,,"Kidney pool, volume of record 17,510 gal (Chapter 7, §7.7.2). Code requires 8-hour turnover.","Kidney pool, volume of record 17,510 gal (Chapter 7, §7.7.2). Code requires 8-hour turnover.",31,False,False,"[""gal"", ""requires"", ""hour"", ""kidney"", ""record"", ""code"", ""turnover"", ""volume"", ""pool"", ""chapter""]","{""chunk_id"": ""ch7-f07"", ""chunk_id_legacy"": ""ch7"", ""parent_chunk_id"": null, ""fragment_type"": ""chapter"", ""level"": 1, ""chapter"": 7, ""hierarchy_path"": ""Ch7"", ""is_regulatory"": false, ""is_stub"": false, ""token_count"": 31, ""keywords"": [""gal"", ""requires"", ""hour"", ""kidney"", ""record"", ""code"", ""turnover"", ""volume"", ""pool"", ""chapter""]}"
ch7-8-5-4,ch7-8-5-4,7,2,section,Ch7/8.5.4 Worked example — comparison table for a multi-vessel facility,ch7-f01,8.5.4 Worked example — comparison table for a multi-vessel facility,"A facility with three vessels, each with a different code-required turnover. Spa calculation shown: Required: 1,350 / (0.5 x 60) = 1,350 / 30 = 45.0 gpm Actual:   1,350 / (38 x 60) = 1,350 / 2,280 = 0.59 hours = 35.5 minutes",84,False,False,"[""example"", ""vessel"", ""comparison"", ""required"", ""table"", ""multi"", ""with"", ""for"", ""worked"", ""facility""]","{""chunk_id"": ""ch7-8-5-4"", ""chunk_id_legacy"": ""ch7-8-5-4"", ""parent_chunk_id"": ""ch7-f01"", ""fragment_type"": ""section"", ""level"": 2, ""chapter"": 7, ""hierarchy_path"": ""Ch7/8.5.4 Worked example — comparison table for a multi-vessel facility"", ""is_regulatory"": false, ""is_stub"": false, ""token_count"": 84, ""keywords"": [""example"", ""vessel"", ""comparison"", ""required"", ""table"", ""multi"", ""with"", ""for"", ""worked"", ""facility""]}"
ch7-f08,ch7,7,1,chapter,Ch7,,"This form is a verification tool, not a way to establish a volume of record. Chapter 7 measurement and metered-fill reconciliation establish volume; this form checks it.","This form is a verification tool, not a way to establish a volume of record. Chapter 7 measurement and metered-fill reconciliation establish volume; this form checks it.",34,False,False,"[""measurement"", ""establish"", ""not"", ""this"", ""metered"", ""form"", ""and"", ""tool"", ""verification"", ""record""]","{""chunk_id"": ""ch7-f08"", ""chunk_id_legacy"": ""ch7"", ""parent_chunk_id"": null, ""fragment_type"": ""chapter"", ""level"": 1, ""chapter"": 7, ""hierarchy_path"": ""Ch7"", ""is_regulatory"": false, ""is_stub"": false, ""token_count"": 34, ""keywords"": [""measurement"", ""establish"", ""not"", ""this"", ""metered"", ""form"", ""and"", ""tool"", ""verification"", ""record""]}"
ch7-f09,ch7,7,1,chapter,Ch7,,"Compare against the Chapter 7 computed volume. Check agreement within about 5%. Larger discrepancies mean remeasure, or investigate a leak, or suspect the fill rate was not steady.","Compare against the Chapter 7 computed volume. Check agreement within about 5%. Larger discrepancies mean remeasure, or investigate a leak, or suspect the fill rate was not steady.",37,False,False,"[""discrepancies"", ""within"", ""computed"", ""suspect"", ""about"", ""agreement"", ""fill"", ""leak"", ""compare"", ""remeasure""]","{""chunk_id"": ""ch7-f09"", ""chunk_id_legacy"": ""ch7"", ""parent_chunk_id"": null, ""fragment_type"": ""chapter"", ""level"": 1, ""chapter"": 7, ""hierarchy_path"": ""Ch7"", ""is_regulatory"": false, ""is_stub"": false, ""token_count"": 37, ""keywords"": [""discrepancies"", ""within"", ""computed"", ""suspect"", ""about"", ""agreement"", ""fill"", ""leak"", ""compare"", ""remeasure""]}"
ch7-8-8-1,ch7-8-8-1,7,2,section,Ch7/8.8.1 The mixing reality,ch7-f01,8.8.1 The mixing reality,A pool is not a pipe. Treated water returning through inlets mixes with untreated water already in the vessel. Some treated water short-circuits directly back to a nearby main drain or skimmer. Some water sits in a dead zone behind a ladder or under a bench and circulates poorly regardless of how many turnovers you log.,67,False,False,"[""the"", ""mixing"", ""reality"", ""water"", ""some"", ""treated""]","{""chunk_id"": ""ch7-8-8-1"", ""chunk_id_legacy"": ""ch7-8-8-1"", ""parent_chunk_id"": ""ch7-f01"", ""fragment_type"": ""section"", ""level"": 2, ""chapter"": 7, ""hierarchy_path"": ""Ch7/8.8.1 The mixing reality"", ""is_regulatory"": false, ""is_stub"": false, ""token_count"": 67, ""keywords"": [""the"", ""mixing"", ""reality"", ""water"", ""some"", ""treated""]}"
ch7-8-11-1,ch7-8-11-1,7,2,section,Ch7/8.11.1 Filter loading rate,ch7-f01,8.11.1 Filter loading rate,Filter loading rate (gpm per sq ft) = Q (gpm) / Effective filter area (sq ft),24,False,False,"[""loading"", ""filter"", ""rate""]","{""chunk_id"": ""ch7-8-11-1"", ""chunk_id_legacy"": ""ch7-8-11-1"", ""parent_chunk_id"": ""ch7-f01"", ""fragment_type"": ""section"", ""level"": 2, ""chapter"": 7, ""hierarchy_path"": ""Ch7/8.11.1 Filter loading rate"", ""is_regulatory"": false, ""is_stub"": false, ""token_count"": 24, ""keywords"": [""loading"", ""filter"", ""rate""]}"
ch7-f10,ch7,7,1,chapter,Ch7,,"Or, using the gallons-per-inch figure from Chapter 7 §7.13.1:","Or, using the gallons-per-inch figure from Chapter 7 §7.13.1:",19,False,False,"[""figure"", ""the"", ""inch"", ""from"", ""using"", ""per"", ""gallons"", ""chapter""]","{""chunk_id"": ""ch7-f10"", ""chunk_id_legacy"": ""ch7"", ""parent_chunk_id"": null, ""fragment_type"": ""chapter"", ""level"": 1, ""chapter"": 7, ""hierarchy_path"": ""Ch7"", ""is_regulatory"": false, ""is_stub"": false, ""token_count"": 19, ""keywords"": [""figure"", ""the"", ""inch"", ""from"", ""using"", ""per"", ""gallons"", ""chapter""]}"
ch7-8-14-1,ch7-8-14-1,7,2,section,Ch7/8.14.1 Timed drawdown method,ch7-f01,8.14.1 Timed drawdown method,Q (gpm) = (Gallons per inch x Drop in inches) / Elapsed time (minutes),24,False,False,"[""inch"", ""timed"", ""drawdown"", ""method"", ""drop"", ""gallons""]","{""chunk_id"": ""ch7-8-14-1"", ""chunk_id_legacy"": ""ch7-8-14-1"", ""parent_chunk_id"": ""ch7-f01"", ""fragment_type"": ""section"", ""level"": 2, ""chapter"": 7, ""hierarchy_path"": ""Ch7/8.14.1 Timed drawdown method"", ""is_regulatory"": false, ""is_stub"": false, ""token_count"": 24, ""keywords"": [""inch"", ""timed"", ""drawdown"", ""method"", ""drop"", ""gallons""]}"
ch7-f11,ch7,7,1,chapter,Ch7,,Do confirm plan area and gallons-per-inch from the Chapter 7 worksheet.,Do confirm plan area and gallons-per-inch from the Chapter 7 worksheet.,15,False,True,"[""confirm"", ""the"", ""inch"", ""area"", ""from"", ""and"", ""plan"", ""chapter"", ""per"", ""gallons""]","{""chunk_id"": ""ch7-f11"", ""chunk_id_legacy"": ""ch7"", ""parent_chunk_id"": null, ""fragment_type"": ""chapter"", ""level"": 1, ""chapter"": 7, ""hierarchy_path"": ""Ch7"", ""is_regulatory"": false, ""is_stub"": true, ""token_count"": 15, ""keywords"": [""confirm"", ""the"", ""inch"", ""area"", ""from"", ""and"", ""plan"", ""chapter"", ""per"", ""gallons""]}"
ch7-f12,ch7,7,1,chapter,Ch7,,"Worked example. Plan area 900 sq ft (gallons per inch = 561, per Chapter 7 §7.13.1). Water drops 2.0 inches in 10.0 minutes with the pump discharging to waste.","Worked example. Plan area 900 sq ft (gallons per inch = 561, per Chapter 7 §7.13.1). Water drops 2.0 inches in 10.0 minutes with the pump discharging to waste.",52,False,False,"[""pump"", ""the"", ""inches"", ""inch"", ""area"", ""minutes"", ""waste"", ""discharging"", ""water"", ""plan""]","{""chunk_id"": ""ch7-f12"", ""chunk_id_legacy"": ""ch7"", ""parent_chunk_id"": null, ""fragment_type"": ""chapter"", ""level"": 1, ""chapter"": 7, ""hierarchy_path"": ""Ch7"", ""is_regulatory"": false, ""is_stub"": false, ""token_count"": 52, ""keywords"": [""pump"", ""the"", ""inches"", ""inch"", ""area"", ""minutes"", ""waste"", ""discharging"", ""water"", ""plan""]}"
ch7-8-14-2-1,ch7-8-14-2-1,7,3,subsection,Ch7/Worked example. Discharge gauge at the pump reads 18 psi. Suction gauge reads 6 in Hg vacuum. Both gauges are at pump centerline.,,Worked example. Discharge gauge at the pump reads 18 psi. Suction gauge reads 6 in Hg vacuum. Both gauges are at pump centerline.,"Step 1  Discharge head = 18 x 2.31 = 41.6 ft Step 2  Suction head   = 6 x 1.13  =  6.8 ft Step 3  TDH = 41.6 + 6.8 = 48.4 ft Step 4  Enter the manufacturer's curve for this pump model, impeller size, and motor speed at 48.4 ft of head; read gpm off the horizontal axis.",105,False,False,"[""pump"", ""head"", ""the"", ""centerline"", ""suction"", ""gauge"", ""both"", ""vacuum"", ""psi"", ""step""]","{""chunk_id"": ""ch7-8-14-2-1"", ""chunk_id_legacy"": ""ch7-8-14-2-1"", ""parent_chunk_id"": null, ""fragment_type"": ""subsection"", ""level"": 3, ""chapter"": 7, ""hierarchy_path"": ""Ch7/Worked example. Discharge gauge at the pump reads 18 psi. Suction gauge reads 6 in Hg vacuum. Both gauges are at pump centerline."", ""is_regulatory"": false, ""is_stub"": false, ""token_count"": 105, ""keywords"": [""pump"", ""head"", ""the"", ""centerline"", ""suction"", ""gauge"", ""both"", ""vacuum"", ""psi"", ""step""]}"
ch7-8-17,ch7-8-17,7,2,section,Ch7/8.17 Quick reference card,ch7-f01,8.17 Quick reference card,"t (hours)  = V / (Q x 60) Q (gpm)    = V / (t x 60) V (gallons)= Q x t x 60 N per day  = 24 / t = (Q x 1,440) / V gph        = Q x 60 gpd        = Q x 1,440 Filter loading (gpm/sq ft) = Q / filter area Pipe velocity (ft/s)       = 0.4085 x Q / (inside dia. in inches)² Drawdown flow (gpm) = (gal per inch x inches dropped) / minutes Head from psi (ft)  = psi x 2.31 Head from in Hg (ft)= in Hg x 1.13 Untreated fraction after N turnovers = 2.718 ^ (-N) 1 turnover = 36.8% untreated    3 turnovers = 5.0% untreated 2 turnovers = 13.5% untreated   4 turnovers = 1.8% untreated",222,False,False,"[""untreated"", ""reference"", ""turnovers"", ""filter"", ""quick"", ""card""]","{""chunk_id"": ""ch7-8-17"", ""chunk_id_legacy"": ""ch7-8-17"", ""parent_chunk_id"": ""ch7-f01"", ""fragment_type"": ""section"", ""level"": 2, ""chapter"": 7, ""hierarchy_path"": ""Ch7/8.17 Quick reference card"", ""is_regulatory"": false, ""is_stub"": false, ""token_count"": 222, ""keywords"": [""untreated"", ""reference"", ""turnovers"", ""filter"", ""quick"", ""card""]}"
ch7-8-20-1,ch7-8-20-1,7,3,subsection,"Ch7/Stop and escalate to a licensed contractor, professional engineer, or the health authority when:",,"Stop and escalate to a licensed contractor, professional engineer, or the health authority when:","Measured flow is below the code-required flow and §8.15 troubleshooting does not restore it. Do not keep the vessel open pending a slow diagnosis. Measured flow is materially below the design flow on the as-builts with no identifiable cause — suspect piping, impeller, or a design/installation defect. [S8] Turnover cannot be met even with a clean filter and correct valve positions. This is a capacity problem, not a maintenance problem, and requires engineering review and likely health authority involvement. Filter loading rate exceeds the filter's labeled maximum at the flow required for code turnover. The system has conflicting requirements and cannot be operated compliantly as built. Computed pipe velocity substantially exceeds typical guidance, or you observe cavitation, hammer, or persistent air entrainment you cannot trace. Piping modification is an engineer's decision. The required flow meter is missing, unreadable, out of calibration with no service record, or installed in violation of its straight-run requirement. Replacement and correct installation should be done by a qualified contractor. A pump, motor, or VFD requires internal service, rewiring, or setpoint reprogramming beyond your authorization. Electrical work is licensed work.",240,False,False,"[""professional"", ""required"", ""the"", ""engineer"", ""and"", ""stop"", ""health"", ""flow"", ""contractor"", ""licensed""]","{""chunk_id"": ""ch7-8-20-1"", ""chunk_id_legacy"": ""ch7-8-20-1"", ""parent_chunk_id"": null, ""fragment_type"": ""subsection"", ""level"": 3, ""chapter"": 7, ""hierarchy_path"": ""Ch7/Stop and escalate to a licensed contractor, professional engineer, or the health authority when:"", ""is_regulatory"": false, ""is_stub"": false, ""token_count"": 240, ""keywords"": [""professional"", ""required"", ""the"", ""engineer"", ""and"", ""stop"", ""health"", ""flow"", ""contractor"", ""licensed""]}"
ch7-f13,ch7,7,1,chapter,Ch7,,Source IDs S1–S8 continue the numbering established in Chapter 7 and retain the same meanings.,Source IDs S1–S8 continue the numbering established in Chapter 7 and retain the same meanings.,21,False,False,"[""same"", ""established"", ""the"", ""source"", ""and"", ""numbering"", ""meanings"", ""continue"", ""ids"", ""chapter""]","{""chunk_id"": ""ch7-f13"", ""chunk_id_legacy"": ""ch7"", ""parent_chunk_id"": null, ""fragment_type"": ""chapter"", ""level"": 1, ""chapter"": 7, ""hierarchy_path"": ""Ch7"", ""is_regulatory"": false, ""is_stub"": false, ""token_count"": 21, ""keywords"": [""same"", ""established"", ""the"", ""source"", ""and"", ""numbering"", ""meanings"", ""continue"", ""ids"", ""chapter""]}"
ch8-f03,ch8,8,1,chapter,Ch8,,End of Chapter 8.,End of Chapter 8.,6,False,True,"[""end"", ""chapter""]","{""chunk_id"": ""ch8-f03"", ""chunk_id_legacy"": ""ch8"", ""parent_chunk_id"": null, ""fragment_type"": ""chapter"", ""level"": 1, ""chapter"": 8, ""hierarchy_path"": ""Ch8"", ""is_regulatory"": false, ""is_stub"": true, ""token_count"": 6, ""keywords"": [""end"", ""chapter""]}"
ch9-f01,ch9,9,1,chapter,Ch9,,Chapter 9 — Chemical Dosage Calculations,Chapter 9 — Chemical Dosage Calculations,9,False,True,"[""dosage"", ""calculations"", ""chapter"", ""chemical""]","{""chunk_id"": ""ch9-f01"", ""chunk_id_legacy"": ""ch9"", ""parent_chunk_id"": null, ""fragment_type"": ""chapter"", ""level"": 1, ""chapter"": 9, ""hierarchy_path"": ""Ch9"", ""is_regulatory"": false, ""is_stub"": true, ""token_count"": 9, ""keywords"": [""dosage"", ""calculations"", ""chapter"", ""chemical""]}"
ch7-f14,ch7,7,1,chapter,Ch7,,"Operator Manual — Directive Reference Prerequisite: Chapter 7 (Volume Calculations). Every calculation in this chapter multiplies your volume of record. If that number is wrong, every dose in this chapter is wrong by the same percentage.","Operator Manual — Directive Reference Prerequisite: Chapter 7 (Volume Calculations). Every calculation in this chapter multiplies your volume of record. If that number is wrong, every dose in this chapter is wrong by the same percentage.",46,False,False,"[""calculation"", ""your"", ""record"", ""reference"", ""operator"", ""calculations"", ""multiplies"", ""dose"", ""manual"", ""same""]","{""chunk_id"": ""ch7-f14"", ""chunk_id_legacy"": ""ch7"", ""parent_chunk_id"": null, ""fragment_type"": ""chapter"", ""level"": 1, ""chapter"": 7, ""hierarchy_path"": ""Ch7"", ""is_regulatory"": false, ""is_stub"": false, ""token_count"": 46, ""keywords"": [""calculation"", ""your"", ""record"", ""reference"", ""operator"", ""calculations"", ""multiplies"", ""dose"", ""manual"", ""same""]}"
ch7-9-1-1,ch7-9-1-1,7,3,subsection,Ch7/The product label is the legally enforceable instruction. This chapter is not.,,The product label is the legally enforceable instruction. This chapter is not.,"For sanitizers, disinfectants, oxidizers, and algaecides sold in the United States, the label is an EPA-approved document issued under the Federal Insecticide, Fungicide, and Rodenticide Act. Federal law makes it unlawful to use a registered pesticide in a manner inconsistent with its labeling. That is not a formality — it means the label's dose rates, application method, sequencing, dilution instructions, personal protective equipment, and re-entry restrictions are requirements, not suggestions. [S7]",107,False,False,"[""instruction"", ""not"", ""this"", ""the"", ""sanitizers"", ""federal"", ""label"", ""legally"", ""enforceable"", ""product""]","{""chunk_id"": ""ch7-9-1-1"", ""chunk_id_legacy"": ""ch7-9-1-1"", ""parent_chunk_id"": null, ""fragment_type"": ""subsection"", ""level"": 3, ""chapter"": 7, ""hierarchy_path"": ""Ch7/The product label is the legally enforceable instruction. This chapter is not."", ""is_regulatory"": false, ""is_stub"": false, ""token_count"": 107, ""keywords"": [""instruction"", ""not"", ""this"", ""the"", ""sanitizers"", ""federal"", ""label"", ""legally"", ""enforceable"", ""product""]}"
ch7-9-6-1-1,ch7-9-6-1-1,7,3,subsection,Ch7/Record everything before you open the container.,ch7-9-6-1,Record everything before you open the container.,"ppm is parts per million by weight, so start from the weight of the water. Step 1  Weight of water = Volume (gal) x 8.34 lb/gal Step 2  1 ppm = 1 part in 1,000,000 parts by weight Step 3  lb of 100% active per ppm = Volume (gal) x 8.34 / 1,000,000 For a convenient 10,000-gallon reference: 10,000 gal x 8.34 lb/gal = 83,400 lb of water 83,400 / 1,000,000 = 0.0834 lb",137,False,False,"[""container"", ""the"", ""everything"", ""open"", ""weight"", ""you"", ""step"", ""record"", ""water"", ""before""]","{""chunk_id"": ""ch7-9-6-1-1"", ""chunk_id_legacy"": ""ch7-9-6-1-1"", ""parent_chunk_id"": ""ch7-9-6-1"", ""fragment_type"": ""subsection"", ""level"": 3, ""chapter"": 7, ""hierarchy_path"": ""Ch7/Record everything before you open the container."", ""is_regulatory"": false, ""is_stub"": false, ""token_count"": 137, ""keywords"": [""container"", ""the"", ""everything"", ""open"", ""weight"", ""you"", ""step"", ""record"", ""water"", ""before""]}"
ch7-f15,ch7,7,1,chapter,Ch7,,9.6.2 Worked derivation — vessel card for the Chapter 7 pool,9.6.2 Worked derivation — vessel card for the Chapter 7 pool,17,False,False,"[""vessel"", ""the"", ""derivation"", ""for"", ""pool"", ""worked"", ""card"", ""chapter""]","{""chunk_id"": ""ch7-f15"", ""chunk_id_legacy"": ""ch7"", ""parent_chunk_id"": null, ""fragment_type"": ""chapter"", ""level"": 1, ""chapter"": 7, ""hierarchy_path"": ""Ch7"", ""is_regulatory"": false, ""is_stub"": false, ""token_count"": 17, ""keywords"": [""vessel"", ""the"", ""derivation"", ""for"", ""pool"", ""worked"", ""card"", ""chapter""]}"
ch7-9-6-1,ch7-9-6-1,7,2,section,Ch7/9.6.1 Derivation — U.S. customary,ch7-f01,9.6.1 Derivation — U.S. customary,"Volume of record 36,200 gallons. VF = (36,200 / 10,000) x 0.0834 = 3.62 x 0.0834 = 0.3019 lb per ppm",47,False,False,"[""derivation"", ""record"", ""customary"", ""volume"", ""gallons""]","{""chunk_id"": ""ch7-9-6-1"", ""chunk_id_legacy"": ""ch7-9-6-1"", ""parent_chunk_id"": ""ch7-f01"", ""fragment_type"": ""section"", ""level"": 2, ""chapter"": 7, ""hierarchy_path"": ""Ch7/9.6.1 Derivation — U.S. customary"", ""is_regulatory"": false, ""is_stub"": false, ""token_count"": 47, ""keywords"": [""derivation"", ""record"", ""customary"", ""volume"", ""gallons""]}"
ch7-9-7,ch7-9-7,7,2,section,Ch7/9.7 The Product Factor,ch7-f01,9.7 The Product Factor,PRODUCT FACTOR = 1 / (percent active expressed as a decimal),15,False,False,"[""the"", ""percent"", ""product"", ""factor""]","{""chunk_id"": ""ch7-9-7"", ""chunk_id_legacy"": ""ch7-9-7"", ""parent_chunk_id"": ""ch7-f01"", ""fragment_type"": ""section"", ""level"": 2, ""chapter"": 7, ""hierarchy_path"": ""Ch7/9.7 The Product Factor"", ""is_regulatory"": false, ""is_stub"": false, ""token_count"": 15, ""keywords"": [""the"", ""percent"", ""product"", ""factor""]}"
ch7-9-7-3-1,ch7-9-7-3-1,7,3,subsection,"Ch7/Liquid chlorine is labeled by trade percent — available chlorine per unit volume — so it is dosed by volume, not weight. Derive the relationship:",,"Liquid chlorine is labeled by trade percent — available chlorine per unit volume — so it is dosed by volume, not weight. Derive the relationship:","Trade percent T means T grams available chlorine per 100 mL = T x 10 grams per liter 1 gallon = 3.785 L Grams per gallon    = T x 10 x 3.785 = T x 37.85 Pounds per gallon   = T x 37.85 / 453.6 = T x 0.08345 lb Now compare that to the Volume Factor for 10,000 gallons (0.0834 lb per ppm). The two constants are numerically the same, which produces a genuinely useful identity: 1 GALLON of sodium hypochlorite at trade percent T, added to 10,000 GALLONS of water, raises free chlorine by approximately T ppm. So one gallon of 12.5% liquid in 10,000 gallons ≈ 12.5 ppm. One gallon of 10% in 10,000 gallons ≈ 10 ppm. Rearranged into a working formula: GALLONS OF LIQUID = Desired ppm change x (Volume in gallons / 10,000) / Trade percent",226,False,False,"[""not"", ""labeled"", ""the"", ""percent"", ""relationship"", ""trade"", ""weight"", ""available"", ""dosed"", ""per""]","{""chunk_id"": ""ch7-9-7-3-1"", ""chunk_id_legacy"": ""ch7-9-7-3-1"", ""parent_chunk_id"": null, ""fragment_type"": ""subsection"", ""level"": 3, ""chapter"": 7, ""hierarchy_path"": ""Ch7/Liquid chlorine is labeled by trade percent — available chlorine per unit volume — so it is dosed by volume, not weight. Derive the relationship:"", ""is_regulatory"": false, ""is_stub"": false, ""token_count"": 226, ""keywords"": [""not"", ""labeled"", ""the"", ""percent"", ""relationship"", ""trade"", ""weight"", ""available"", ""dosed"", ""per""]}"
ch7-f16,ch7,7,1,chapter,Ch7,,"All examples use the Chapter 7 pool: volume of record 36,200 gallons, Volume Factor 0.302 lb per ppm. Assume the test result and target are as stated.","All examples use the Chapter 7 pool: volume of record 36,200 gallons, Volume Factor 0.302 lb per ppm. Assume the test result and target are as stated.",38,False,False,"[""stated"", ""examples"", ""ppm"", ""record"", ""target"", ""gallons"", ""result"", ""all"", ""and"", ""test""]","{""chunk_id"": ""ch7-f16"", ""chunk_id_legacy"": ""ch7"", ""parent_chunk_id"": null, ""fragment_type"": ""chapter"", ""level"": 1, ""chapter"": 7, ""hierarchy_path"": ""Ch7"", ""is_regulatory"": false, ""is_stub"": false, ""token_count"": 38, ""keywords"": [""stated"", ""examples"", ""ppm"", ""record"", ""target"", ""gallons"", ""result"", ""all"", ""and"", ""test""]}"
ch7-9-9-1-1,ch7-9-9-1-1,7,3,subsection,"Ch7/Do convert to the unit your scale or measure reads before going to the chemical room, and write the final figure on the worksheet.",,"Do convert to the unit your scale or measure reads before going to the chemical room, and write the final figure on the worksheet.",Measured FC 1.2 ppm. Target 3.0 ppm (mid-range). Step 1  Desired change = 3.0 - 1.2 = 1.8 ppm Step 2  Volume Factor  = 0.302 lb per ppm Step 3  Product Factor = 1 / 0.65 = 1.538 Step 4  Amount = 1.8 x 0.302 x 1.538 = 0.836 lb Step 5  Convert: 0.836 x 16 = 13.4 oz wt,121,False,False,"[""write"", ""your"", ""step"", ""scale"", ""reads"", ""before"", ""convert"", ""going"", ""and"", ""final""]","{""chunk_id"": ""ch7-9-9-1-1"", ""chunk_id_legacy"": ""ch7-9-9-1-1"", ""parent_chunk_id"": null, ""fragment_type"": ""subsection"", ""level"": 3, ""chapter"": 7, ""hierarchy_path"": ""Ch7/Do convert to the unit your scale or measure reads before going to the chemical room, and write the final figure on the worksheet."", ""is_regulatory"": false, ""is_stub"": false, ""token_count"": 121, ""keywords"": [""write"", ""your"", ""step"", ""scale"", ""reads"", ""before"", ""convert"", ""going"", ""and"", ""final""]}"
ch7-9-9-3-1,ch7-9-9-3-1,7,3,subsection,Ch7/The dose is 11% smaller purely because the container is different. This is why you read the label every time.,,The dose is 11% smaller purely because the container is different. This is why you read the label every time.,"Same water, same target. Method A (identity formula) Gallons = 1.8 x (36,200 / 10,000) / 12.5 = 1.8 x 3.62 / 12.5 = 6.516 / 12.5 = 0.521 gal Convert: 0.521 x 128 = 66.7 fl oz  (about 2 quarts plus 3 fl oz) Method B (mass cross-check) Active needed     = 1.8 x 0.302 = 0.544 lb available chlorine Active per gallon = 12.5 x 0.08345 = 1.043 lb per gal Gallons           = 0.544 / 1.043 = 0.521 gal",164,False,False,"[""container"", ""every"", ""same"", ""this"", ""the"", ""different"", ""you"", ""read"", ""label"", ""time""]","{""chunk_id"": ""ch7-9-9-3-1"", ""chunk_id_legacy"": ""ch7-9-9-3-1"", ""parent_chunk_id"": null, ""fragment_type"": ""subsection"", ""level"": 3, ""chapter"": 7, ""hierarchy_path"": ""Ch7/The dose is 11% smaller purely because the container is different. This is why you read the label every time."", ""is_regulatory"": false, ""is_stub"": false, ""token_count"": 164, ""keywords"": [""container"", ""every"", ""same"", ""this"", ""the"", ""different"", ""you"", ""read"", ""label"", ""time""]}"
ch7-9-9-7,ch7-9-9-7,7,2,section,Ch7/9.9.7 Example — metric,ch7-f01,9.9.7 Example — metric,"Same correction, in a 137.0 m³ vessel, using 65% calcium hypochlorite. Step 1  Desired change = 1.8 ppm Step 2  Volume Factor  = 137.0 grams per ppm Step 3  Product Factor = 1.538 Step 4  Amount = 1.8 x 137.0 x 1.538 = 379 grams Cross-check against §9.9.1: 0.836 lb × 453.6 = 379 g. ✓",111,False,False,"[""metric"", ""grams"", ""step"", ""example"", ""factor""]","{""chunk_id"": ""ch7-9-9-7"", ""chunk_id_legacy"": ""ch7-9-9-7"", ""parent_chunk_id"": ""ch7-f01"", ""fragment_type"": ""section"", ""level"": 2, ""chapter"": 7, ""hierarchy_path"": ""Ch7/9.9.7 Example — metric"", ""is_regulatory"": false, ""is_stub"": false, ""token_count"": 111, ""keywords"": [""metric"", ""grams"", ""step"", ""example"", ""factor""]}"
ch7-9-10-1,ch7-9-10-1,7,2,section,Ch7/9.10.1 Cyanuric acid from stabilized chlorine — derivation,ch7-f01,9.10.1 Cyanuric acid from stabilized chlorine — derivation,"Compare the cyanuric acid released per unit of available chlorine delivered, using molecular weights. Available chlorine is expressed as Cl₂ equivalent (70.9 g per mole Cl₂). DICHLOR (sodium dichloroisocyanurate) Releases 1 cyanuric acid (129.1) per 2 Cl2 equivalent (141.8) Ratio = 129.1 / 141.8 = 0.91 ppm CYA per 1 ppm FC delivered TRICHLOR (trichloroisocyanuric acid) Releases 1 cyanuric acid (129.1) per 3 Cl2 equivalent (212.7) Ratio = 129.1 / 212.7 = 0.61 ppm CYA per 1 ppm FC delivered",160,False,False,"[""cyanuric"", ""from"", ""delivered"", ""derivation"", ""acid"", ""stabilized"", ""chlorine""]","{""chunk_id"": ""ch7-9-10-1"", ""chunk_id_legacy"": ""ch7-9-10-1"", ""parent_chunk_id"": ""ch7-f01"", ""fragment_type"": ""section"", ""level"": 2, ""chapter"": 7, ""hierarchy_path"": ""Ch7/9.10.1 Cyanuric acid from stabilized chlorine — derivation"", ""is_regulatory"": false, ""is_stub"": false, ""token_count"": 160, ""keywords"": [""cyanuric"", ""from"", ""delivered"", ""derivation"", ""acid"", ""stabilized"", ""chlorine""]}"
ch7-9-11-2,ch7-9-11-2,7,2,section,Ch7/9.11.2 Worked example,ch7-f01,9.11.2 Worked example,"The 36,200 gal pool. Total chlorine 2.4 ppm, free chlorine 1.5 ppm. Step 1  CC = 2.4 - 1.5 = 0.9 ppm Step 2  Target FC = 10 x 0.9 = 9.0 ppm Step 3  Desired change = 9.0 - 1.5 = 7.5 ppm With 12.5% liquid: Gallons = 7.5 x 3.62 / 12.5 = 27.15 / 12.5 = 2.17 gal With 65% cal hypo: lb = 7.5 x 0.302 x 1.538 = 3.48 lb Side effect: CH added = 7.5 x 0.71 = 5.3 ppm",178,False,False,"[""step"", ""with"", ""example"", ""worked"", ""chlorine""]","{""chunk_id"": ""ch7-9-11-2"", ""chunk_id_legacy"": ""ch7-9-11-2"", ""parent_chunk_id"": ""ch7-f01"", ""fragment_type"": ""section"", ""level"": 2, ""chapter"": 7, ""hierarchy_path"": ""Ch7/9.11.2 Worked example"", ""is_regulatory"": false, ""is_stub"": false, ""token_count"": 178, ""keywords"": [""step"", ""with"", ""example"", ""worked"", ""chlorine""]}"
ch8-f04,ch8,8,1,chapter,Ch8,,"Stop if the required dose seems implausibly large relative to the vessel. Recheck CC, recheck volume, and consider that persistent high combined chlorine with adequate free chlorine often signals inadequate circulation, inadequate dilution with fresh water, or a filtration problem — not simply an under-oxidized pool. See Chapter 8, §8.8.","Stop if the required dose seems implausibly large relative to the vessel. Recheck CC, recheck volume, and consider that persistent high combined chlorine with adequate free chlorine often signals inadequate circulation, inadequate dilution with fresh water, or a filtration problem — not simply an under-oxidized pool. See Chapter 8, §8.8.",70,False,False,"[""vessel"", ""signals"", ""oxidized"", ""often"", ""dilution"", ""large"", ""required"", ""adequate"", ""inadequate"", ""high""]","{""chunk_id"": ""ch8-f04"", ""chunk_id_legacy"": ""ch8"", ""parent_chunk_id"": null, ""fragment_type"": ""chapter"", ""level"": 1, ""chapter"": 8, ""hierarchy_path"": ""Ch8"", ""is_regulatory"": false, ""is_stub"": false, ""token_count"": 70, ""keywords"": [""vessel"", ""signals"", ""oxidized"", ""often"", ""dilution"", ""large"", ""required"", ""adequate"", ""inadequate"", ""high""]}"
ch8-9-12-1,ch8-9-12-1,8,2,section,"Ch8/9.12.1 Raising alkalinity — sodium bicarbonate, derivation",ch8-f01,"9.12.1 Raising alkalinity — sodium bicarbonate, derivation","Step 1  To raise alkalinity 10 ppm as CaCO3: 10 / 50.0 = 0.200 milliequivalents per liter needed Step 2  Sodium bicarbonate (NaHCO3), molecular weight 84.0, supplies 1 equivalent per mole:",63,False,False,"[""bicarbonate"", ""raising"", ""derivation"", ""step"", ""alkalinity"", ""sodium"", ""raise""]","{""chunk_id"": ""ch8-9-12-1"", ""chunk_id_legacy"": ""ch8-9-12-1"", ""parent_chunk_id"": ""ch8-f01"", ""fragment_type"": ""section"", ""level"": 2, ""chapter"": 8, ""hierarchy_path"": ""Ch8/9.12.1 Raising alkalinity — sodium bicarbonate, derivation"", ""is_regulatory"": false, ""is_stub"": false, ""token_count"": 63, ""keywords"": [""bicarbonate"", ""raising"", ""derivation"", ""step"", ""alkalinity"", ""sodium"", ""raise""]}"
ch8-0-200-f01,ch8-0-200,8,2,section,Ch8/0.200 x 84.0 = 16.8 mg/L of sodium bicarbonate,ch8-f01,0.200 x 84.0 = 16.8 mg/L of sodium bicarbonate,"Step 3  Convert to pounds per 10,000 gallons:",14,False,False,"[""bicarbonate"", ""convert"", ""pounds"", ""step"", ""sodium""]","{""chunk_id"": ""ch8-0-200-f01"", ""chunk_id_legacy"": ""ch8-0-200"", ""parent_chunk_id"": ""ch8-f01"", ""fragment_type"": ""section"", ""level"": 2, ""chapter"": 8, ""hierarchy_path"": ""Ch8/0.200 x 84.0 = 16.8 mg/L of sodium bicarbonate"", ""is_regulatory"": false, ""is_stub"": false, ""token_count"": 14, ""keywords"": [""bicarbonate"", ""convert"", ""pounds"", ""step"", ""sodium""]}"
ch8-16-8,ch8-16-8,8,2,section,Ch8/16.8 x 0.0834 = 1.40 lb,ch8-f01,16.8 x 0.0834 = 1.40 lb,"RESULT: 1.40 lb sodium bicarbonate per 10,000 gal raises TA by 10 ppm Factor = 0.140 lb per ppm TA per 10,000 gal",38,False,False,"[""result"", ""sodium"", ""bicarbonate""]","{""chunk_id"": ""ch8-16-8"", ""chunk_id_legacy"": ""ch8-16-8"", ""parent_chunk_id"": ""ch8-f01"", ""fragment_type"": ""section"", ""level"": 2, ""chapter"": 8, ""hierarchy_path"": ""Ch8/16.8 x 0.0834 = 1.40 lb"", ""is_regulatory"": false, ""is_stub"": false, ""token_count"": 38, ""keywords"": [""result"", ""sodium"", ""bicarbonate""]}"
ch8-9-12-2,ch8-9-12-2,8,2,section,Ch8/9.12.2 Worked example — raising alkalinity,ch8-f01,9.12.2 Worked example — raising alkalinity,"The 36,200 gal pool. Measured TA 68 ppm. Target 100 ppm. Step 1  Desired change = 100 - 68 = 32 ppm Step 2  Volume Factor  = 0.302 lb per ppm (per 100% active basis) Step 3  Product Factor for sodium bicarbonate = 16.8 (the mg/L of product needed per 1 ppm of alkalinity, from the derivation above) Amount = 32 x 0.302 x ...",105,False,False,"[""raising"", ""step"", ""example"", ""alkalinity"", ""worked"", ""product"", ""factor""]","{""chunk_id"": ""ch8-9-12-2"", ""chunk_id_legacy"": ""ch8-9-12-2"", ""parent_chunk_id"": ""ch8-f01"", ""fragment_type"": ""section"", ""level"": 2, ""chapter"": 8, ""hierarchy_path"": ""Ch8/9.12.2 Worked example — raising alkalinity"", ""is_regulatory"": false, ""is_stub"": false, ""token_count"": 105, ""keywords"": [""raising"", ""step"", ""example"", ""alkalinity"", ""worked"", ""product"", ""factor""]}"
ch8-f05,ch8,8,1,chapter,Ch8,,"Directive: a 16 lb single addition is large. Do add in increments of no more than about half the calculated amount, circulate for at least one turnover (Chapter 8, §8.3), retest, and repeat. Do expect pH to rise as well.","Directive: a 16 lb single addition is large. Do add in increments of no more than about half the calculated amount, circulate for at least one turnover (Chapter 8, §8.3), retest, and repeat. Do expect pH to rise as well.",56,False,False,"[""than"", ""least"", ""add"", ""single"", ""increments"", ""more"", ""amount"", ""large"", ""well"", ""circulate""]","{""chunk_id"": ""ch8-f05"", ""chunk_id_legacy"": ""ch8"", ""parent_chunk_id"": null, ""fragment_type"": ""chapter"", ""level"": 1, ""chapter"": 8, ""hierarchy_path"": ""Ch8"", ""is_regulatory"": false, ""is_stub"": false, ""token_count"": 56, ""keywords"": [""than"", ""least"", ""add"", ""single"", ""increments"", ""more"", ""amount"", ""large"", ""well"", ""circulate""]}"
ch8-0-200-f02,ch8-0-200,8,2,section,Ch8/0.200 x 36.46 = 7.29 mg/L of 100% HCl,ch8-f01,0.200 x 36.46 = 7.29 mg/L of 100% HCl,"Step 3  Pounds of 100% HCl per 10,000 gal = 7.29 x 0.0834 = 0.608 lb Step 4  Commercial muriatic acid at 31.45% HCl by weight (20 degrees Baume, specific gravity 1.16, about 9.68 lb/gal): Pounds of product = 0.608 / 0.3145 = 1.93 lb Gallons of product = 1.93 / 9.68 = 0.200 gal = 25.6 fl oz RESULT: about 25.6 fl oz of 31.45% muriatic acid per 10,000 gal lowers TA by 10 ppm Factor = 2.56 fl oz per ppm TA per 10,000 gal",172,False,False,"[""pounds"", ""hcl"", ""step"", ""muriatic""]","{""chunk_id"": ""ch8-0-200-f02"", ""chunk_id_legacy"": ""ch8-0-200"", ""parent_chunk_id"": ""ch8-f01"", ""fragment_type"": ""section"", ""level"": 2, ""chapter"": 8, ""hierarchy_path"": ""Ch8/0.200 x 36.46 = 7.29 mg/L of 100% HCl"", ""is_regulatory"": false, ""is_stub"": false, ""token_count"": 172, ""keywords"": [""pounds"", ""hcl"", ""step"", ""muriatic""]}"
ch8-0-200-f03,ch8-0-200,8,2,section,Ch8/0.200 x 120.1 = 24.0 mg/L of 100% NaHSO4,ch8-f01,0.200 x 120.1 = 24.0 mg/L of 100% NaHSO4,"Step 3  Pounds per 10,000 gal = 24.0 x 0.0834 = 2.00 lb of 100% Step 4  Commercial dry acid at about 93.2%:",48,False,False,"[""pounds"", ""step"", ""commercial""]","{""chunk_id"": ""ch8-0-200-f03"", ""chunk_id_legacy"": ""ch8-0-200"", ""parent_chunk_id"": ""ch8-f01"", ""fragment_type"": ""section"", ""level"": 2, ""chapter"": 8, ""hierarchy_path"": ""Ch8/0.200 x 120.1 = 24.0 mg/L of 100% NaHSO4"", ""is_regulatory"": false, ""is_stub"": false, ""token_count"": 48, ""keywords"": [""pounds"", ""step"", ""commercial""]}"
ch8-2-00,ch8-2-00,8,2,section,Ch8/2.00 / 0.932 = 2.15 lb of product,ch8-f01,2.00 / 0.932 = 2.15 lb of product,"RESULT: about 2.15 lb dry acid per 10,000 gal lowers TA by 10 ppm Factor = 0.215 lb per ppm TA per 10,000 gal",38,False,False,"[""result"", ""acid"", ""product"", ""about""]","{""chunk_id"": ""ch8-2-00"", ""chunk_id_legacy"": ""ch8-2-00"", ""parent_chunk_id"": ""ch8-f01"", ""fragment_type"": ""section"", ""level"": 2, ""chapter"": 8, ""hierarchy_path"": ""Ch8/2.00 / 0.932 = 2.15 lb of product"", ""is_regulatory"": false, ""is_stub"": false, ""token_count"": 38, ""keywords"": [""result"", ""acid"", ""product"", ""about""]}"
ch8-0-200-f04,ch8-0-200,8,2,section,Ch8/0.200 x 53.0 = 10.6 mg/L of sodium carbonate,ch8-f01,0.200 x 53.0 = 10.6 mg/L of sodium carbonate,"Step 3  Pounds per 10,000 gal = 10.6 x 0.0834 = 0.883 lb RESULT: 0.883 lb soda ash per 10,000 gal raises TA by 10 ppm Factor = 0.0883 lb per ppm TA per 10,000 gal (and raises pH by an amount that depends on existing alkalinity)",81,False,False,"[""carbonate"", ""pounds"", ""raises"", ""step"", ""sodium""]","{""chunk_id"": ""ch8-0-200-f04"", ""chunk_id_legacy"": ""ch8-0-200"", ""parent_chunk_id"": ""ch8-f01"", ""fragment_type"": ""section"", ""level"": 2, ""chapter"": 8, ""hierarchy_path"": ""Ch8/0.200 x 53.0 = 10.6 mg/L of sodium carbonate"", ""is_regulatory"": false, ""is_stub"": false, ""token_count"": 81, ""keywords"": [""carbonate"", ""pounds"", ""raises"", ""step"", ""sodium""]}"
ch8-9-13-4-1,ch8-9-13-4-1,8,3,subsection,Ch8/Stop and reassess if alkalinity reaches the top of your range before pH reaches target. At that point soda ash is the wrong tool — switch to aeration.,ch8-9-13-4,Stop and reassess if alkalinity reaches the top of your range before pH reaches target. At that point soda ash is the wrong tool — switch to aeration.,"The 36,200 gal pool. Measured pH 7.1, TA 95 ppm. Target pH 7.5. Step 1  Alkalinity is mid-range, so a soda ash addition is acceptable. Step 2  Starting increment: 6 oz wt per 10,000 gal 6 x 3.62 = 21.7 oz wt = 1.36 lb soda ash Step 3  Predicted alkalinity rise: 1.36 / (0.0883 x 3.62) = 4.3 ppm New expected TA = 95 + 4 = 99 ppm  (still mid-range - acceptable) Step 4  Pre-dissolve per label, add, circulate one turnover (about 4 hours",161,False,False,"[""point"", ""range"", ""aeration"", ""your"", ""step"", ""target"", ""soda"", ""before"", ""and"", ""tool""]","{""chunk_id"": ""ch8-9-13-4-1"", ""chunk_id_legacy"": ""ch8-9-13-4-1"", ""parent_chunk_id"": ""ch8-9-13-4"", ""fragment_type"": ""subsection"", ""level"": 3, ""chapter"": 8, ""hierarchy_path"": ""Ch8/Stop and reassess if alkalinity reaches the top of your range before pH reaches target. At that point soda ash is the wrong tool — switch to aeration."", ""is_regulatory"": false, ""is_stub"": false, ""token_count"": 161, ""keywords"": [""point"", ""range"", ""aeration"", ""your"", ""step"", ""target"", ""soda"", ""before"", ""and"", ""tool""]}"
ch8-f06,ch8,8,1,chapter,Ch8,,"at 150 gpm - Chapter 8, section 8.4.2)","at 150 gpm - Chapter 8, section 8.4.2)",18,False,False,"[""section"", ""gpm"", ""chapter""]","{""chunk_id"": ""ch8-f06"", ""chunk_id_legacy"": ""ch8"", ""parent_chunk_id"": null, ""fragment_type"": ""chapter"", ""level"": 1, ""chapter"": 8, ""hierarchy_path"": ""Ch8"", ""is_regulatory"": false, ""is_stub"": false, ""token_count"": 18, ""keywords"": [""section"", ""gpm"", ""chapter""]}"
ch8-9-13-4,ch8-9-13-4,8,2,section,Ch8/9.13.4 Worked example — raising pH,ch8-f01,9.13.4 Worked example — raising pH,Step 5  Retest pH and TA. Record both. Repeat increment only if pH is still below target and TA has room.,27,False,False,"[""raising"", ""step"", ""record"", ""example"", ""worked"", ""retest""]","{""chunk_id"": ""ch8-9-13-4"", ""chunk_id_legacy"": ""ch8-9-13-4"", ""parent_chunk_id"": ""ch8-f01"", ""fragment_type"": ""section"", ""level"": 2, ""chapter"": 8, ""hierarchy_path"": ""Ch8/9.13.4 Worked example — raising pH"", ""is_regulatory"": false, ""is_stub"": false, ""token_count"": 27, ""keywords"": [""raising"", ""step"", ""record"", ""example"", ""worked"", ""retest""]}"
ch8-9-14-1,ch8-9-14-1,8,2,section,"Ch8/9.14.1 Raising hardness — calcium chloride, derivation",ch8-f01,"9.14.1 Raising hardness — calcium chloride, derivation","Step 1  0.200 meq/L raises hardness 10 ppm as CaCO3 Step 2  Calcium chloride (CaCl2), molecular weight 111.0, 2 equivalents per mole (equivalent weight 55.5):",52,False,False,"[""chloride"", ""raising"", ""derivation"", ""hardness"", ""step"", ""weight"", ""raises"", ""calcium""]","{""chunk_id"": ""ch8-9-14-1"", ""chunk_id_legacy"": ""ch8-9-14-1"", ""parent_chunk_id"": ""ch8-f01"", ""fragment_type"": ""section"", ""level"": 2, ""chapter"": 8, ""hierarchy_path"": ""Ch8/9.14.1 Raising hardness — calcium chloride, derivation"", ""is_regulatory"": false, ""is_stub"": false, ""token_count"": 52, ""keywords"": [""chloride"", ""raising"", ""derivation"", ""hardness"", ""step"", ""weight"", ""raises"", ""calcium""]}"
ch8-0-200-f05,ch8-0-200,8,2,section,Ch8/0.200 x 55.5 = 11.1 mg/L of 100% CaCl2,ch8-f01,0.200 x 55.5 = 11.1 mg/L of 100% CaCl2,"Step 3  Pounds per 10,000 gal = 11.1 x 0.0834 = 0.926 lb of 100% Step 4  Commercial flake at about 77% CaCl2:",49,False,False,"[""pounds"", ""step"", ""commercial""]","{""chunk_id"": ""ch8-0-200-f05"", ""chunk_id_legacy"": ""ch8-0-200"", ""parent_chunk_id"": ""ch8-f01"", ""fragment_type"": ""section"", ""level"": 2, ""chapter"": 8, ""hierarchy_path"": ""Ch8/0.200 x 55.5 = 11.1 mg/L of 100% CaCl2"", ""is_regulatory"": false, ""is_stub"": false, ""token_count"": 49, ""keywords"": [""pounds"", ""step"", ""commercial""]}"
ch8-0-926,ch8-0-926,8,2,section,Ch8/0.926 / 0.77 = 1.20 lb of product,ch8-f01,0.926 / 0.77 = 1.20 lb of product,"RESULT: about 1.20 lb of 77% calcium chloride per 10,000 gal raises CH by 10 ppm Factor = 0.120 lb per ppm CH per 10,000 gal",42,False,False,"[""result"", ""calcium"", ""product"", ""about""]","{""chunk_id"": ""ch8-0-926"", ""chunk_id_legacy"": ""ch8-0-926"", ""parent_chunk_id"": ""ch8-f01"", ""fragment_type"": ""section"", ""level"": 2, ""chapter"": 8, ""hierarchy_path"": ""Ch8/0.926 / 0.77 = 1.20 lb of product"", ""is_regulatory"": false, ""is_stub"": false, ""token_count"": 42, ""keywords"": [""result"", ""calcium"", ""product"", ""about""]}"
ch8-0-0834,ch8-0-0834,8,2,section,"Ch8/0.0834 / 0.99 = 0.0842 lb per ppm per 10,000 gal",ch8-f01,"0.0834 / 0.99 = 0.0842 lb per ppm per 10,000 gal","= 1.35 oz wt per ppm per 10,000 gal",15,False,False,"[""per"", ""ppm"", ""gal""]","{""chunk_id"": ""ch8-0-0834"", ""chunk_id_legacy"": ""ch8-0-0834"", ""parent_chunk_id"": ""ch8-f01"", ""fragment_type"": ""section"", ""level"": 2, ""chapter"": 8, ""hierarchy_path"": ""Ch8/0.0834 / 0.99 = 0.0842 lb per ppm per 10,000 gal"", ""is_regulatory"": false, ""is_stub"": false, ""token_count"": 15, ""keywords"": [""per"", ""ppm"", ""gal""]}"
ch8-9-15-1,ch8-9-15-1,8,2,section,Ch8/9.15.1 Worked example — raising CYA,ch8-f01,9.15.1 Worked example — raising CYA,"The 36,200 gal pool. Measured CYA 12 ppm. Target 40 ppm. Desired change = 40 - 12 = 28 ppm Amount = 28 x 3.62 x 0.0842 = 8.53 lb of stabilizer",57,False,False,"[""raising"", ""cya"", ""target"", ""measured"", ""example"", ""pool"", ""worked""]","{""chunk_id"": ""ch8-9-15-1"", ""chunk_id_legacy"": ""ch8-9-15-1"", ""parent_chunk_id"": ""ch8-f01"", ""fragment_type"": ""section"", ""level"": 2, ""chapter"": 8, ""hierarchy_path"": ""Ch8/9.15.1 Worked example — raising CYA"", ""is_regulatory"": false, ""is_stub"": false, ""token_count"": 57, ""keywords"": [""raising"", ""cya"", ""target"", ""measured"", ""example"", ""pool"", ""worked""]}"
ch8-9-16-1,ch8-9-16-1,8,2,section,Ch8/9.16.1 Worked example,ch8-f01,9.16.1 Worked example,"The 36,200 gal pool. Measured salinity 1,800 ppm. Target set by the generator manufacturer at 3,200 ppm. Desired change = 3,200 - 1,800 = 1,400 ppm Amount = 1,400 x 3.62 x 0.0834 = 423 lb of salt",72,False,False,"[""measured"", ""salinity"", ""example"", ""pool"", ""worked""]","{""chunk_id"": ""ch8-9-16-1"", ""chunk_id_legacy"": ""ch8-9-16-1"", ""parent_chunk_id"": ""ch8-f01"", ""fragment_type"": ""section"", ""level"": 2, ""chapter"": 8, ""hierarchy_path"": ""Ch8/9.16.1 Worked example"", ""is_regulatory"": false, ""is_stub"": false, ""token_count"": 72, ""keywords"": [""measured"", ""salinity"", ""example"", ""pool"", ""worked""]}"
ch8-9-17-1,ch8-9-17-1,8,2,section,Ch8/9.17.1 Formula,ch8-f01,9.17.1 Formula,"Fraction to replace = (Current - Target) / (Current - Fill water concentration) Gallons to replace  = Volume x Fraction to replace If the fill water contains none of the substance, the denominator is simply Current.",44,False,False,"[""fraction"", ""current"", ""formula"", ""replace""]","{""chunk_id"": ""ch8-9-17-1"", ""chunk_id_legacy"": ""ch8-9-17-1"", ""parent_chunk_id"": ""ch8-f01"", ""fragment_type"": ""section"", ""level"": 2, ""chapter"": 8, ""hierarchy_path"": ""Ch8/9.17.1 Formula"", ""is_regulatory"": false, ""is_stub"": false, ""token_count"": 44, ""keywords"": [""fraction"", ""current"", ""formula"", ""replace""]}"
ch8-9-17-2,ch8-9-17-2,8,2,section,"Ch8/9.17.2 Worked example — cyanuric acid, clean fill water",ch8-f01,"9.17.2 Worked example — cyanuric acid, clean fill water","The 36,200 gal pool. CYA 120 ppm, target 50 ppm, fill water CYA 0. Fraction = (120 - 50) / (120 - 0) = 70 / 120 = 0.583 Gallons  = 36,200 x 0.583 = 21,100 gallons to replace",73,False,False,"[""clean"", ""cyanuric"", ""acid"", ""fill"", ""water"", ""target"", ""example"", ""pool"", ""gallons"", ""worked""]","{""chunk_id"": ""ch8-9-17-2"", ""chunk_id_legacy"": ""ch8-9-17-2"", ""parent_chunk_id"": ""ch8-f01"", ""fragment_type"": ""section"", ""level"": 2, ""chapter"": 8, ""hierarchy_path"": ""Ch8/9.17.2 Worked example — cyanuric acid, clean fill water"", ""is_regulatory"": false, ""is_stub"": false, ""token_count"": 73, ""keywords"": [""clean"", ""cyanuric"", ""acid"", ""fill"", ""water"", ""target"", ""example"", ""pool"", ""gallons"", ""worked""]}"
ch600,ch600,600,1,chapter,Ch600,,"Same pool. CH 600 ppm, target 300 ppm, fill water CH 150 ppm.","Same pool. CH 600 ppm, target 300 ppm, fill water CH 150 ppm.",20,False,False,"[""same"", ""ppm"", ""water"", ""target"", ""fill"", ""pool""]","{""chunk_id"": ""ch600"", ""chunk_id_legacy"": ""ch600"", ""parent_chunk_id"": null, ""fragment_type"": ""chapter"", ""level"": 1, ""chapter"": 600, ""hierarchy_path"": ""Ch600"", ""is_regulatory"": false, ""is_stub"": false, ""token_count"": 20, ""keywords"": [""same"", ""ppm"", ""water"", ""target"", ""fill"", ""pool""]}"
ch600-9-17-3,ch600-9-17-3,600,2,section,"Ch600/9.17.3 Worked example — calcium hardness, hard fill water",ch600,"9.17.3 Worked example — calcium hardness, hard fill water","Fraction = (600 - 300) / (600 - 150) = 300 / 450 = 0.667 Gallons  = 36,200 x 0.667 = 24,100 gallons to replace",47,False,False,"[""example"", ""fraction"", ""replace"", ""hardness"", ""water"", ""calcium"", ""hard"", ""fill"", ""gallons"", ""worked""]","{""chunk_id"": ""ch600-9-17-3"", ""chunk_id_legacy"": ""ch600-9-17-3"", ""parent_chunk_id"": ""ch600"", ""fragment_type"": ""section"", ""level"": 2, ""chapter"": 600, ""hierarchy_path"": ""Ch600/9.17.3 Worked example — calcium hardness, hard fill water"", ""is_regulatory"": false, ""is_stub"": false, ""token_count"": 47, ""keywords"": [""example"", ""fraction"", ""replace"", ""hardness"", ""water"", ""calcium"", ""hard"", ""fill"", ""gallons"", ""worked""]}"
ch8-f07,ch8,8,1,chapter,Ch8,,"Do allow at least one full turnover between additions, and before retesting. Compute your turnover from Chapter 8, §8.4. For the 36,200 gal pool at 150 gpm that is about 4 hours.","Do allow at least one full turnover between additions, and before retesting. Compute your turnover from Chapter 8, §8.4. For the 36,200 gal pool at 150 gpm that is about 4 hours.",48,False,False,"[""least"", ""full"", ""your"", ""additions"", ""compute"", ""before"", ""and"", ""about"", ""hours"", ""for""]","{""chunk_id"": ""ch8-f07"", ""chunk_id_legacy"": ""ch8"", ""parent_chunk_id"": null, ""fragment_type"": ""chapter"", ""level"": 1, ""chapter"": 8, ""hierarchy_path"": ""Ch8"", ""is_regulatory"": false, ""is_stub"": false, ""token_count"": 48, ""keywords"": [""least"", ""full"", ""your"", ""additions"", ""compute"", ""before"", ""and"", ""about"", ""hours"", ""for""]}"
ch7-f17,ch7,7,1,chapter,Ch7,,"Use the volume of record from the Chapter 7 worksheet, and know that a 10% volume error is a 10% dose error.","Use the volume of record from the Chapter 7 worksheet, and know that a 10% volume error is a 10% dose error.",29,False,False,"[""error"", ""the"", ""from"", ""and"", ""record"", ""know"", ""dose"", ""that"", ""use"", ""chapter""]","{""chunk_id"": ""ch7-f17"", ""chunk_id_legacy"": ""ch7"", ""parent_chunk_id"": null, ""fragment_type"": ""chapter"", ""level"": 1, ""chapter"": 7, ""hierarchy_path"": ""Ch7"", ""is_regulatory"": false, ""is_stub"": false, ""token_count"": 29, ""keywords"": [""error"", ""the"", ""from"", ""and"", ""record"", ""know"", ""dose"", ""that"", ""use"", ""chapter""]}"
ch9-f02,ch9,9,1,chapter,Ch9,,End of Chapter 9.,End of Chapter 9.,6,False,True,"[""end"", ""chapter""]","{""chunk_id"": ""ch9-f02"", ""chunk_id_legacy"": ""ch9"", ""parent_chunk_id"": null, ""fragment_type"": ""chapter"", ""level"": 1, ""chapter"": 9, ""hierarchy_path"": ""Ch9"", ""is_regulatory"": false, ""is_stub"": true, ""token_count"": 6, ""keywords"": [""end"", ""chapter""]}"
ch10-f01,ch10,10,1,chapter,Ch10,,Chapter 10 — Filter Sizing and Flow Matching,Chapter 10 — Filter Sizing and Flow Matching,10,False,True,"[""sizing"", ""and"", ""flow"", ""filter"", ""chapter"", ""matching""]","{""chunk_id"": ""ch10-f01"", ""chunk_id_legacy"": ""ch10"", ""parent_chunk_id"": null, ""fragment_type"": ""chapter"", ""level"": 1, ""chapter"": 10, ""hierarchy_path"": ""Ch10"", ""is_regulatory"": false, ""is_stub"": true, ""token_count"": 10, ""keywords"": [""sizing"", ""and"", ""flow"", ""filter"", ""chapter"", ""matching""]}"
ch7-f18,ch7,7,1,chapter,Ch7,,"Operator Manual — Directive Reference Prerequisites: Chapter 7 (Volume Calculations) and Chapter 8 (Flow Rate, Turnover, and Circulation Math). You need a volume of record and a measured flow rate before this chapter is usable.","Operator Manual — Directive Reference Prerequisites: Chapter 7 (Volume Calculations) and Chapter 8 (Flow Rate, Turnover, and Circulation Math). You need a volume of record and a measured flow rate before this chapter is usable.",49,False,False,"[""flow"", ""record"", ""need"", ""before"", ""usable"", ""reference"", ""operator"", ""and"", ""calculations"", ""manual""]","{""chunk_id"": ""ch7-f18"", ""chunk_id_legacy"": ""ch7"", ""parent_chunk_id"": null, ""fragment_type"": ""chapter"", ""level"": 1, ""chapter"": 7, ""hierarchy_path"": ""Ch7"", ""is_regulatory"": false, ""is_stub"": false, ""token_count"": 49, ""keywords"": [""flow"", ""record"", ""need"", ""before"", ""usable"", ""reference"", ""operator"", ""and"", ""calculations"", ""manual""]}"
ch8-f08,ch8,8,1,chapter,Ch8,,"Chapter ownership note. This chapter is the authoritative location for filtration rates, filter area, and media flow limits within this manual. Chapter 8 §8.11.1–8.11.2 introduces the filter loading calculation as one of several rate checks on a circulation system; the governing figures, media distinctions, and sizing procedures live here. Where the two chapters appear to differ, this chapter controls.","Chapter ownership note. This chapter is the authoritative location for filtration rates, filter area, and media flow limits within this manual. Chapter 8 §8.11.1–8.11.2 introduces the filter loading calculation as one of several rate checks on a circulation system; the governing figures, media distinctions, and sizing procedures live here. Where the two chapters appear to differ, this chapter controls.",81,False,False,"[""calculation"", ""area"", ""flow"", ""loading"", ""distinctions"", ""governing"", ""within"", ""limits"", ""chapters"", ""live""]","{""chunk_id"": ""ch8-f08"", ""chunk_id_legacy"": ""ch8"", ""parent_chunk_id"": null, ""fragment_type"": ""chapter"", ""level"": 1, ""chapter"": 8, ""hierarchy_path"": ""Ch8"", ""is_regulatory"": false, ""is_stub"": false, ""token_count"": 81, ""keywords"": [""calculation"", ""area"", ""flow"", ""loading"", ""distinctions"", ""governing"", ""within"", ""limits"", ""chapters"", ""live""]}"
ch9-f03,ch9,9,1,chapter,Ch9,,Do not confuse NSF/ANSI/CAN 50 with NSF/ANSI/CAN 60. Standard 50 covers equipment and materials. Standard 60 covers the health effects of treatment chemicals and is discussed in Chapter 9 §9.3. [S14],Do not confuse NSF/ANSI/CAN 50 with NSF/ANSI/CAN 60. Standard 50 covers equipment and materials. Standard 60 covers the health effects of treatment chemicals and is discussed in Chapter 9 §9.3. [S14],55,False,False,"[""confuse"", ""not"", ""the"", ""can"", ""and"", ""health"", ""discussed"", ""equipment"", ""effects"", ""chemicals""]","{""chunk_id"": ""ch9-f03"", ""chunk_id_legacy"": ""ch9"", ""parent_chunk_id"": null, ""fragment_type"": ""chapter"", ""level"": 1, ""chapter"": 9, ""hierarchy_path"": ""Ch9"", ""is_regulatory"": false, ""is_stub"": false, ""token_count"": 55, ""keywords"": [""confuse"", ""not"", ""the"", ""can"", ""and"", ""health"", ""discussed"", ""equipment"", ""effects"", ""chemicals""]}"
ch9-0-785,ch9-0-785,9,2,section,Ch9/0.785 x 3.50 x 3.50 = 0.785 x 12.25 = 9.62 sq ft,ch9-f01,0.785 x 3.50 x 3.50 = 0.785 x 12.25 = 9.62 sq ft,"The label and the geometry agree, which increases confidence that the label belongs to this tank. [S1]",22,False,False,"[""label"", ""agree"", ""geometry""]","{""chunk_id"": ""ch9-0-785"", ""chunk_id_legacy"": ""ch9-0-785"", ""parent_chunk_id"": ""ch9-f01"", ""fragment_type"": ""section"", ""level"": 2, ""chapter"": 9, ""hierarchy_path"": ""Ch9/0.785 x 3.50 x 3.50 = 0.785 x 12.25 = 9.62 sq ft"", ""is_regulatory"": false, ""is_stub"": false, ""token_count"": 22, ""keywords"": [""label"", ""agree"", ""geometry""]}"
ch8-f09,ch8,8,1,chapter,Ch8,,"However, an unexpectedly low rate is diagnostic. If the rate is far below design, the cause is almost always low flow — a circulation problem, not a filtration problem. Do work Chapter 8 §8.15 troubleshooting.","However, an unexpectedly low rate is diagnostic. If the rate is far below design, the cause is almost always low flow — a circulation problem, not a filtration problem. Do work Chapter 8 §8.15 troubleshooting.",45,False,False,"[""diagnostic"", ""flow"", ""far"", ""cause"", ""circulation"", ""low"", ""almost"", ""problem"", ""below"", ""work""]","{""chunk_id"": ""ch8-f09"", ""chunk_id_legacy"": ""ch8"", ""parent_chunk_id"": null, ""fragment_type"": ""chapter"", ""level"": 1, ""chapter"": 8, ""hierarchy_path"": ""Ch8"", ""is_regulatory"": false, ""is_stub"": false, ""token_count"": 45, ""keywords"": [""diagnostic"", ""flow"", ""far"", ""cause"", ""circulation"", ""low"", ""almost"", ""problem"", ""below"", ""work""]}"
ch8-f10,ch8,8,1,chapter,Ch8,,"From Chapter 8, §8.5:","From Chapter 8, §8.5:",10,False,True,"[""from"", ""chapter""]","{""chunk_id"": ""ch8-f10"", ""chunk_id_legacy"": ""ch8"", ""parent_chunk_id"": null, ""fragment_type"": ""chapter"", ""level"": 1, ""chapter"": 8, ""hierarchy_path"": ""Ch8"", ""is_regulatory"": false, ""is_stub"": true, ""token_count"": 10, ""keywords"": [""from"", ""chapter""]}"
ch8-10-8-4,ch8-10-8-4,8,2,section,Ch8/10.8.4 Step 4 — Confirm backwash or cleaning capability,ch8-f01,10.8.4 Step 4 — Confirm backwash or cleaning capability,"For granular media, this is often the binding constraint. See §10.11. Required backwash flow = A x required backwash rate TEST: The pump must deliver that flow at backwash head, AND the waste line must carry it.",50,True,False,"[""cleaning"", ""required"", ""confirm"", ""capability"", ""flow"", ""backwash"", ""step""]","{""chunk_id"": ""ch8-10-8-4"", ""chunk_id_legacy"": ""ch8-10-8-4"", ""parent_chunk_id"": ""ch8-f01"", ""fragment_type"": ""section"", ""level"": 2, ""chapter"": 8, ""hierarchy_path"": ""Ch8/10.8.4 Step 4 — Confirm backwash or cleaning capability"", ""is_regulatory"": true, ""is_stub"": false, ""token_count"": 50, ""keywords"": [""cleaning"", ""required"", ""confirm"", ""capability"", ""flow"", ""backwash"", ""step""]}"
ch8-f11,ch8,8,1,chapter,Ch8,,"From Chapter 8, §8.11.3:","From Chapter 8, §8.11.3:",12,False,True,"[""from"", ""chapter""]","{""chunk_id"": ""ch8-f11"", ""chunk_id_legacy"": ""ch8"", ""parent_chunk_id"": null, ""fragment_type"": ""chapter"", ""level"": 1, ""chapter"": 8, ""hierarchy_path"": ""Ch8"", ""is_regulatory"": false, ""is_stub"": true, ""token_count"": 12, ""keywords"": [""from"", ""chapter""]}"
ch8-10-8-5,ch8-10-8-5,8,2,section,Ch8/10.8.5 Step 5 — Confirm pipe velocity,ch8-f01,10.8.5 Step 5 — Confirm pipe velocity,"Velocity (ft/s) = 0.4085 x Q / (inside diameter in inches) squared TEST: within typical guidance - roughly 6 ft/s suction, 8-10 ft/s return",41,False,False,"[""confirm"", ""diameter"", ""pipe"", ""step"", ""inside"", ""velocity""]","{""chunk_id"": ""ch8-10-8-5"", ""chunk_id_legacy"": ""ch8-10-8-5"", ""parent_chunk_id"": ""ch8-f01"", ""fragment_type"": ""section"", ""level"": 2, ""chapter"": 8, ""hierarchy_path"": ""Ch8/10.8.5 Step 5 — Confirm pipe velocity"", ""is_regulatory"": false, ""is_stub"": false, ""token_count"": 41, ""keywords"": [""confirm"", ""diameter"", ""pipe"", ""step"", ""inside"", ""velocity""]}"
ch8-f12,ch8,8,1,chapter,Ch8,,"TEST: Measured Q (Chapter 8, section 8.13) divided by A","TEST: Measured Q (Chapter 8, section 8.13) divided by A",19,False,False,"[""divided"", ""section"", ""test"", ""measured"", ""chapter""]","{""chunk_id"": ""ch8-f12"", ""chunk_id_legacy"": ""ch8"", ""parent_chunk_id"": null, ""fragment_type"": ""chapter"", ""level"": 1, ""chapter"": 8, ""hierarchy_path"": ""Ch8"", ""is_regulatory"": false, ""is_stub"": false, ""token_count"": 19, ""keywords"": [""divided"", ""section"", ""test"", ""measured"", ""chapter""]}"
ch8-10-8-6,ch8-10-8-6,8,2,section,"Ch8/10.8.6 Step 6 — Confirm the actual measured flow, not the design flow",ch8-f01,"10.8.6 Step 6 — Confirm the actual measured flow, not the design flow","must be within the governing maximum, at BOTH clean-filter and loaded-filter condition",15,False,False,"[""must"", ""not"", ""confirm"", ""the"", ""actual"", ""flow"", ""step"", ""filter"", ""measured"", ""design""]","{""chunk_id"": ""ch8-10-8-6"", ""chunk_id_legacy"": ""ch8-10-8-6"", ""parent_chunk_id"": ""ch8-f01"", ""fragment_type"": ""section"", ""level"": 2, ""chapter"": 8, ""hierarchy_path"": ""Ch8/10.8.6 Step 6 — Confirm the actual measured flow, not the design flow"", ""is_regulatory"": false, ""is_stub"": false, ""token_count"": 15, ""keywords"": [""must"", ""not"", ""confirm"", ""the"", ""actual"", ""flow"", ""step"", ""filter"", ""measured"", ""design""]}"
ch7-f19,ch7,7,1,chapter,Ch7,,All examples use vessels established in Chapter 7 and required flows established in Chapter 8.,All examples use vessels established in Chapter 7 and required flows established in Chapter 8.,18,False,False,"[""examples"", ""established"", ""required"", ""flows"", ""all"", ""and"", ""vessels"", ""use"", ""chapter""]","{""chunk_id"": ""ch7-f19"", ""chunk_id_legacy"": ""ch7"", ""parent_chunk_id"": null, ""fragment_type"": ""chapter"", ""level"": 1, ""chapter"": 7, ""hierarchy_path"": ""Ch7"", ""is_regulatory"": false, ""is_stub"": false, ""token_count"": 18, ""keywords"": [""examples"", ""established"", ""required"", ""flows"", ""all"", ""and"", ""vessels"", ""use"", ""chapter""]}"
ch7-f20,ch7,7,1,chapter,Ch7,,"Vessel: rectangular lap pool, volume of record 48,400 gal (Chapter 7 §7.4.3). Code turnover: 6 hours. Required flow (Chapter 8 §8.5.2):","Vessel: rectangular lap pool, volume of record 48,400 gal (Chapter 7 §7.4.3). Code turnover: 6 hours. Required flow (Chapter 8 §8.5.2):",46,False,False,"[""rectangular"", ""vessel"", ""required"", ""gal"", ""flow"", ""record"", ""code"", ""turnover"", ""hours"", ""volume""]","{""chunk_id"": ""ch7-f20"", ""chunk_id_legacy"": ""ch7"", ""parent_chunk_id"": null, ""fragment_type"": ""chapter"", ""level"": 1, ""chapter"": 7, ""hierarchy_path"": ""Ch7"", ""is_regulatory"": false, ""is_stub"": false, ""token_count"": 46, ""keywords"": [""rectangular"", ""vessel"", ""required"", ""gal"", ""flow"", ""record"", ""code"", ""turnover"", ""hours"", ""volume""]}"
ch7-9-0-1,ch7-9-0-1,7,3,subsection,"Ch7/Option B — precoat (DE), code maximum 2.0 gpm/sq ft",ch7-9-0,"Option B — precoat (DE), code maximum 2.0 gpm/sq ft",Area required = 135 / 2.0 = 67.5 sq ft Candidate: listed area 72 sq ft Filtration rate = 135 / 72 = 1.88 gpm per sq ft   PASS Margin = (2.0 - 1.88) / 2.0 = 6%   -- thin Candidate: listed area 96 sq ft Filtration rate = 135 / 96 = 1.41 gpm per sq ft   PASS Margin = 30%   -- comfortable,109,False,False,"[""candidate"", ""area"", ""option"", ""code"", ""listed"", ""precoat"", ""gpm"", ""maximum""]","{""chunk_id"": ""ch7-9-0-1"", ""chunk_id_legacy"": ""ch7-9-0-1"", ""parent_chunk_id"": ""ch7-9-0"", ""fragment_type"": ""subsection"", ""level"": 3, ""chapter"": 7, ""hierarchy_path"": ""Ch7/Option B — precoat (DE), code maximum 2.0 gpm/sq ft"", ""is_regulatory"": false, ""is_stub"": false, ""token_count"": 109, ""keywords"": [""candidate"", ""area"", ""option"", ""code"", ""listed"", ""precoat"", ""gpm"", ""maximum""]}"
ch7-9-0,ch7-9-0,7,2,section,Ch7/9.0 = 0.785 x D squared,ch7-f01,9.0 = 0.785 x D squared,D squared = 9.0 / 0.785 = 11.46 D = 3.39 ft = 40.6 inches internal So a nominal 36-inch tank is too small; a nominal 42-inch is the first candidate. CONFIRM against the listed rating before selecting. Candidate: listed area 9.6 sq ft Filtration rate = 135 / 9.6 = 14.1 gpm per sq ft   PASS (limit 15) Margin = (15 - 14.1) / 15 = 6%   -- thin,120,False,False,"[""nominal"", ""inch"", ""candidate"", ""squared""]","{""chunk_id"": ""ch7-9-0"", ""chunk_id_legacy"": ""ch7-9-0"", ""parent_chunk_id"": ""ch7-f01"", ""fragment_type"": ""section"", ""level"": 2, ""chapter"": 7, ""hierarchy_path"": ""Ch7/9.0 = 0.785 x D squared"", ""is_regulatory"": false, ""is_stub"": false, ""token_count"": 120, ""keywords"": [""nominal"", ""inch"", ""candidate"", ""squared""]}"
ch7-f21,ch7,7,1,chapter,Ch7,,"Vessel: 1,350 gal (Chapter 7 §7.10.2). Code turnover: 0.5 hour.","Vessel: 1,350 gal (Chapter 7 §7.10.2). Code turnover: 0.5 hour.",28,False,False,"[""vessel"", ""gal"", ""hour"", ""turnover"", ""code"", ""chapter""]","{""chunk_id"": ""ch7-f21"", ""chunk_id_legacy"": ""ch7"", ""parent_chunk_id"": null, ""fragment_type"": ""chapter"", ""level"": 1, ""chapter"": 7, ""hierarchy_path"": ""Ch7"", ""is_regulatory"": false, ""is_stub"": false, ""token_count"": 28, ""keywords"": [""vessel"", ""gal"", ""hour"", ""turnover"", ""code"", ""chapter""]}"
ch7-10-9-2-1,ch7-10-9-2-1,7,3,subsection,Ch7/Do note that the area figures differ by a factor of roughly 34 between sand and cartridge for identical flow. Do not read that as a quality ranking — the media capture particles by different mechanisms at different size cutoffs. It means only that sizing is media-specific.,,Do note that the area figures differ by a factor of roughly 34 between sand and cartridge for identical flow. Do not read that as a quality ranking — the media capture particles by different mechanisms at different size cutoffs. It means only that sizing is media-specific.,"Q_r = 1,350 / (0.5 x 60) = 1,350 / 30 = 45 gpm Cartridge at 0.375 gpm/sq ft: Area required = 45 / 0.375 = 120 sq ft Candidate listed area 150 sq ft Rate = 45 / 150 = 0.30 gpm per sq ft   PASS, margin 20% High-rate sand at 15 gpm/sq ft: Area required = 45 / 15 = 3.0 sq ft Preliminary: D = sqrt(3.0 / 0.785) = sqrt(3.82) = 1.96 ft = 23.5 in Candidate listed area 3.1 sq ft Rate = 45 / 3.1 = 14.5 gpm per sq ft   PASS but margin only 3%",186,False,False,"[""roughly"", ""area"", ""cartridge"", ""flow"", ""identical"", ""particles"", ""required"", ""and"", ""capture"", ""cutoffs""]","{""chunk_id"": ""ch7-10-9-2-1"", ""chunk_id_legacy"": ""ch7-10-9-2-1"", ""parent_chunk_id"": null, ""fragment_type"": ""subsection"", ""level"": 3, ""chapter"": 7, ""hierarchy_path"": ""Ch7/Do note that the area figures differ by a factor of roughly 34 between sand and cartridge for identical flow. Do not read that as a quality ranking — the media capture particles by different mechanisms at different size cutoffs. It means only that sizing is media-specific."", ""is_regulatory"": false, ""is_stub"": false, ""token_count"": 186, ""keywords"": [""roughly"", ""area"", ""cartridge"", ""flow"", ""identical"", ""particles"", ""required"", ""and"", ""capture"", ""cutoffs""]}"
ch7-f22,ch7,7,1,chapter,Ch7,,"Vessel: 17,510 gal (Chapter 7 §7.7.2). Code turnover: 8 hours.","Vessel: 17,510 gal (Chapter 7 §7.7.2). Code turnover: 8 hours.",26,False,False,"[""vessel"", ""gal"", ""turnover"", ""code"", ""hours"", ""chapter""]","{""chunk_id"": ""ch7-f22"", ""chunk_id_legacy"": ""ch7"", ""parent_chunk_id"": null, ""fragment_type"": ""chapter"", ""level"": 1, ""chapter"": 7, ""hierarchy_path"": ""Ch7"", ""is_regulatory"": false, ""is_stub"": false, ""token_count"": 26, ""keywords"": [""vessel"", ""gal"", ""turnover"", ""code"", ""hours"", ""chapter""]}"
ch7-10-10,ch7-10-10,7,2,section,Ch7/10.10 Resolving an existing mismatch — worked example,ch7-f01,10.10 Resolving an existing mismatch — worked example,"This is the situation you will actually encounter: equipment already installed, and the numbers do not work.",20,False,False,"[""will"", ""this"", ""situation"", ""resolving"", ""mismatch"", ""example"", ""worked"", ""existing""]","{""chunk_id"": ""ch7-10-10"", ""chunk_id_legacy"": ""ch7-10-10"", ""parent_chunk_id"": ""ch7-f01"", ""fragment_type"": ""section"", ""level"": 2, ""chapter"": 7, ""hierarchy_path"": ""Ch7/10.10 Resolving an existing mismatch — worked example"", ""is_regulatory"": false, ""is_stub"": false, ""token_count"": 20, ""keywords"": [""will"", ""this"", ""situation"", ""resolving"", ""mismatch"", ""example"", ""worked"", ""existing""]}"
ch8-f13,ch8,8,1,chapter,Ch8,,"From Chapter 8 §8.11.1. The 36,200 gal pool (Chapter 7 §7.8.2) has a nominal 36-inch high-rate sand filter, listed area 7.1 sq ft, and a measured flow of 150 gpm at clean-filter condition. Code turnover is 6 hours; code maximum filtration rate is 15 gpm/sq ft.","From Chapter 8 §8.11.1. The 36,200 gal pool (Chapter 7 §7.8.2) has a nominal 36-inch high-rate sand filter, listed area 7.1 sq ft, and a measured flow of 150 gpm at clean-filter condition. Code turnover is 6 hours; code maximum filtration rate is 15 gpm/sq ft.",83,False,False,"[""area"", ""flow"", ""nominal"", ""listed"", ""and"", ""filter"", ""hours"", ""sand"", ""pool"", ""gal""]","{""chunk_id"": ""ch8-f13"", ""chunk_id_legacy"": ""ch8"", ""parent_chunk_id"": null, ""fragment_type"": ""chapter"", ""level"": 1, ""chapter"": 8, ""hierarchy_path"": ""Ch8"", ""is_regulatory"": false, ""is_stub"": false, ""token_count"": 83, ""keywords"": [""area"", ""flow"", ""nominal"", ""listed"", ""and"", ""filter"", ""hours"", ""sand"", ""pool"", ""gal""]}"
ch8-10-10-1,ch8-10-10-1,8,2,section,Ch8/10.10.1 The situation,ch8-f01,10.10.1 The situation,"Required flow  = 36,200 / (6 x 60) = 100.6 gpm  ->  101 gpm Measured flow  = 150 gpm Filtration rate at measured flow = 150 / 7.1 = 21.1 gpm per sq ft TEST: 21.1 exceeds 15.   FAIL",75,False,False,"[""required"", ""the"", ""situation"", ""flow"", ""measured""]","{""chunk_id"": ""ch8-10-10-1"", ""chunk_id_legacy"": ""ch8-10-10-1"", ""parent_chunk_id"": ""ch8-f01"", ""fragment_type"": ""section"", ""level"": 2, ""chapter"": 8, ""hierarchy_path"": ""Ch8/10.10.1 The situation"", ""is_regulatory"": false, ""is_stub"": false, ""token_count"": 75, ""keywords"": [""required"", ""the"", ""situation"", ""flow"", ""measured""]}"
ch8-f14,ch8,8,1,chapter,Ch8,,"pump curve at the actual backwash TDH (Chapter 8, section 8.14.2)","pump curve at the actual backwash TDH (Chapter 8, section 8.14.2)",23,False,False,"[""pump"", ""curve"", ""the"", ""actual"", ""backwash"", ""section"", ""tdh"", ""chapter""]","{""chunk_id"": ""ch8-f14"", ""chunk_id_legacy"": ""ch8"", ""parent_chunk_id"": null, ""fragment_type"": ""chapter"", ""level"": 1, ""chapter"": 8, ""hierarchy_path"": ""Ch8"", ""is_regulatory"": false, ""is_stub"": false, ""token_count"": 23, ""keywords"": [""pump"", ""curve"", ""the"", ""actual"", ""backwash"", ""section"", ""tdh"", ""chapter""]}"
ch8-10-11-2,ch8-10-11-2,8,2,section,Ch8/10.11.2 Worked example,ch8-f01,10.11.2 Worked example,or measure it. TEST 2: Can the waste line carry 189 gpm?,18,False,False,"[""worked"", ""waste"", ""test"", ""example"", ""measure""]","{""chunk_id"": ""ch8-10-11-2"", ""chunk_id_legacy"": ""ch8-10-11-2"", ""parent_chunk_id"": ""ch8-f01"", ""fragment_type"": ""section"", ""level"": 2, ""chapter"": 8, ""hierarchy_path"": ""Ch8/10.11.2 Worked example"", ""is_regulatory"": false, ""is_stub"": false, ""token_count"": 18, ""keywords"": [""worked"", ""waste"", ""test"", ""example"", ""measure""]}"
ch8-f15,ch8,8,1,chapter,Ch8,,"Check velocity (Chapter 8, section 8.11.3):","Check velocity (Chapter 8, section 8.11.3):",15,False,True,"[""check"", ""section"", ""velocity"", ""chapter""]","{""chunk_id"": ""ch8-f15"", ""chunk_id_legacy"": ""ch8"", ""parent_chunk_id"": null, ""fragment_type"": ""chapter"", ""level"": 1, ""chapter"": 8, ""hierarchy_path"": ""Ch8"", ""is_regulatory"": false, ""is_stub"": true, ""token_count"": 15, ""keywords"": [""check"", ""section"", ""velocity"", ""chapter""]}"
ch9-f04,ch9,9,1,chapter,Ch9,,"Consequence 1 — makeup water and rebalancing. 756 gal out of a 36,200 gal vessel is 2.1% of the volume, replaced with fill water. Do expect measurable dilution of alkalinity, hardness, sanitizer, and stabilizer after each backwash, and do retest and rebalance per Chapter 9 §9.18.1.","Consequence 1 — makeup water and rebalancing. 756 gal out of a 36,200 gal vessel is 2.1% of the volume, replaced with fill water. Do expect measurable dilution of alkalinity, hardness, sanitizer, and stabilizer after each backwash, and do retest and rebalance per Chapter 9 §9.18.1.",78,False,False,"[""vessel"", ""measurable"", ""makeup"", ""dilution"", ""consequence"", ""and"", ""sanitizer"", ""backwash"", ""hardness"", ""replaced""]","{""chunk_id"": ""ch9-f04"", ""chunk_id_legacy"": ""ch9"", ""parent_chunk_id"": null, ""fragment_type"": ""chapter"", ""level"": 1, ""chapter"": 9, ""hierarchy_path"": ""Ch9"", ""is_regulatory"": false, ""is_stub"": false, ""token_count"": 78, ""keywords"": [""vessel"", ""measurable"", ""makeup"", ""dilution"", ""consequence"", ""and"", ""sanitizer"", ""backwash"", ""hardness"", ""replaced""]}"
ch9-f05,ch9,9,1,chapter,Ch9,,"Each backwash replaces a fraction f = 756 / 36,200 = 0.0209 of the water. After n backwashes, the fraction of the original substance remaining is (1 − f)ⁿ. Chapter 9 §9.17.2 required a 58.3% replacement to bring cyanuric acid from 120 ppm to 50 ppm, leaving 41.7% remaining:","Each backwash replaces a fraction f = 756 / 36,200 = 0.0209 of the water. After n backwashes, the fraction of the original substance remaining is (1 − f)ⁿ. Chapter 9 §9.17.2 required a 58.3% replacement to bring cyanuric acid from 120 ppm to 50 ppm, leaving 41.7% remaining:",87,False,False,"[""cyanuric"", ""ppm"", ""fraction"", ""required"", ""replaces"", ""backwash"", ""substance"", ""after"", ""backwashes"", ""original""]","{""chunk_id"": ""ch9-f05"", ""chunk_id_legacy"": ""ch9"", ""parent_chunk_id"": null, ""fragment_type"": ""chapter"", ""level"": 1, ""chapter"": 9, ""hierarchy_path"": ""Ch9"", ""is_regulatory"": false, ""is_stub"": false, ""token_count"": 87, ""keywords"": [""cyanuric"", ""ppm"", ""fraction"", ""required"", ""replaces"", ""backwash"", ""substance"", ""after"", ""backwashes"", ""original""]}"
ch9-f06,ch9,9,1,chapter,Ch9,,"Forty-one backwashes to accomplish what one planned partial drain accomplishes in an afternoon. Do treat backwash dilution as a modest ongoing benefit, not as a substitute for the planned dilution in Chapter 9 §9.17.","Forty-one backwashes to accomplish what one planned partial drain accomplishes in an afternoon. Do treat backwash dilution as a modest ongoing benefit, not as a substitute for the planned dilution in Chapter 9 §9.17.",49,False,False,"[""forty"", ""modest"", ""treat"", ""dilution"", ""afternoon"", ""substitute"", ""planned"", ""backwash"", ""for"", ""backwashes""]","{""chunk_id"": ""ch9-f06"", ""chunk_id_legacy"": ""ch9"", ""parent_chunk_id"": null, ""fragment_type"": ""chapter"", ""level"": 1, ""chapter"": 9, ""hierarchy_path"": ""Ch9"", ""is_regulatory"": false, ""is_stub"": false, ""token_count"": 49, ""keywords"": [""forty"", ""modest"", ""treat"", ""dilution"", ""afternoon"", ""substitute"", ""planned"", ""backwash"", ""for"", ""backwashes""]}"
ch9-f07,ch9,9,1,chapter,Ch9,,"Do weigh the precoat charge. Do not estimate it by scoop — see Chapter 9 §9.8.2 on bulk density variability. Follow the manufacturer's specified quantity and the product label. [S7, S11]","Do weigh the precoat charge. Do not estimate it by scoop — see Chapter 9 §9.8.2 on bulk density variability. Follow the manufacturer's specified quantity and the product label. [S7, S11]",47,False,False,"[""precoat"", ""and"", ""label"", ""density"", ""see"", ""charge"", ""product"", ""quantity"", ""manufacturer"", ""scoop""]","{""chunk_id"": ""ch9-f07"", ""chunk_id_legacy"": ""ch9"", ""parent_chunk_id"": null, ""fragment_type"": ""chapter"", ""level"": 1, ""chapter"": 9, ""hierarchy_path"": ""Ch9"", ""is_regulatory"": false, ""is_stub"": false, ""token_count"": 47, ""keywords"": [""precoat"", ""and"", ""label"", ""density"", ""see"", ""charge"", ""product"", ""quantity"", ""manufacturer"", ""scoop""]}"
ch9-10-12-1,ch9-10-12-1,9,2,section,Ch9/10.12.1 Areas add — if flow is balanced,ch9-f01,10.12.1 Areas add — if flow is balanced,Total effective area = A1 + A2 + ... + An Filtration rate = Total Q / Total area   -- ONLY IF flow is evenly split,31,False,False,"[""total"", ""add"", ""area"", ""flow"", ""effective"", ""areas"", ""balanced""]","{""chunk_id"": ""ch9-10-12-1"", ""chunk_id_legacy"": ""ch9-10-12-1"", ""parent_chunk_id"": ""ch9-f01"", ""fragment_type"": ""section"", ""level"": 2, ""chapter"": 9, ""hierarchy_path"": ""Ch9/10.12.1 Areas add — if flow is balanced"", ""is_regulatory"": false, ""is_stub"": false, ""token_count"": 31, ""keywords"": [""total"", ""add"", ""area"", ""flow"", ""effective"", ""areas"", ""balanced""]}"
ch9-10-12-2-1,ch9-10-12-2-1,9,3,subsection,"Ch9/Stop. Flow does not split evenly by itself. Unequal pipe runs, unequal fitting counts, different media conditions, and different loading states cause one filter to take more flow than another. The filter taking more flow is being driven at a higher rate than your average calculation shows.",,"Stop. Flow does not split evenly by itself. Unequal pipe runs, unequal fitting counts, different media conditions, and different loading states cause one filter to take more flow than another. The filter taking more flow is being driven at a higher rate than your average calculation shows.","Two filters, each listed 7.1 sq ft, total 14.2 sq ft, total flow 150 gpm. Assumed even split: 75 gpm each Rate = 75 / 7.1 = 10.6 gpm per sq ft   PASS Actual split, measured: 95 gpm and 55 gpm Filter 1: 95 / 7.1 = 13.4 gpm per sq ft   PASS but margin only 11% Filter 2: 55 / 7.1 = 7.7 gpm per sq ft    well under-utilized",127,False,False,"[""than"", ""calculation"", ""flow"", ""loading"", ""pipe"", ""your"", ""more"", ""driven"", ""total"", ""unequal""]","{""chunk_id"": ""ch9-10-12-2-1"", ""chunk_id_legacy"": ""ch9-10-12-2-1"", ""parent_chunk_id"": null, ""fragment_type"": ""subsection"", ""level"": 3, ""chapter"": 9, ""hierarchy_path"": ""Ch9/Stop. Flow does not split evenly by itself. Unequal pipe runs, unequal fitting counts, different media conditions, and different loading states cause one filter to take more flow than another. The filter taking more flow is being driven at a higher rate than your average calculation shows."", ""is_regulatory"": false, ""is_stub"": false, ""token_count"": 127, ""keywords"": [""than"", ""calculation"", ""flow"", ""loading"", ""pipe"", ""your"", ""more"", ""driven"", ""total"", ""unequal""]}"
ch8-f16,ch8,8,1,chapter,Ch8,,Never compute a bank's capability by adding nameplate ratings and assuming even split without measurement. This parallels the parallel-pump caution in Chapter 8 §8.10.2.,Never compute a bank's capability by adding nameplate ratings and assuming even split without measurement. This parallels the parallel-pump caution in Chapter 8 §8.10.2.,36,False,False,"[""capability"", ""even"", ""never"", ""compute"", ""without"", ""adding"", ""measurement"", ""pump"", ""bank"", ""and""]","{""chunk_id"": ""ch8-f16"", ""chunk_id_legacy"": ""ch8"", ""parent_chunk_id"": null, ""fragment_type"": ""chapter"", ""level"": 1, ""chapter"": 8, ""hierarchy_path"": ""Ch8"", ""is_regulatory"": false, ""is_stub"": false, ""token_count"": 36, ""keywords"": [""capability"", ""even"", ""never"", ""compute"", ""without"", ""adding"", ""measurement"", ""pump"", ""bank"", ""and""]}"
ch8-10-15-5,ch8-10-15-5,8,2,section,Ch8/10.15.5 Cleaning event record,ch8-f01,10.15.5 Cleaning event record,Operator signature: ______________________ Date: ____________,10,False,False,"[""cleaning"", ""event"", ""date"", ""operator"", ""signature"", ""record""]","{""chunk_id"": ""ch8-10-15-5"", ""chunk_id_legacy"": ""ch8-10-15-5"", ""parent_chunk_id"": ""ch8-f01"", ""fragment_type"": ""section"", ""level"": 2, ""chapter"": 8, ""hierarchy_path"": ""Ch8/10.15.5 Cleaning event record"", ""is_regulatory"": false, ""is_stub"": false, ""token_count"": 10, ""keywords"": [""cleaning"", ""event"", ""date"", ""operator"", ""signature"", ""record""]}"
ch10-f02,ch10,10,1,chapter,Ch10,,End of Chapter 10.,End of Chapter 10.,6,False,True,"[""end"", ""chapter""]","{""chunk_id"": ""ch10-f02"", ""chunk_id_legacy"": ""ch10"", ""parent_chunk_id"": null, ""fragment_type"": ""chapter"", ""level"": 1, ""chapter"": 10, ""hierarchy_path"": ""Ch10"", ""is_regulatory"": false, ""is_stub"": true, ""token_count"": 6, ""keywords"": [""end"", ""chapter""]}"
ch11-f01,ch11,11,1,chapter,Ch11,,Chapter 11 — Water Chemistry Parameters You Must Control,Chapter 11 — Water Chemistry Parameters You Must Control,10,False,True,"[""must"", ""control"", ""you"", ""water"", ""chemistry"", ""parameters"", ""chapter""]","{""chunk_id"": ""ch11-f01"", ""chunk_id_legacy"": ""ch11"", ""parent_chunk_id"": null, ""fragment_type"": ""chapter"", ""level"": 1, ""chapter"": 11, ""hierarchy_path"": ""Ch11"", ""is_regulatory"": false, ""is_stub"": true, ""token_count"": 10, ""keywords"": [""must"", ""control"", ""you"", ""water"", ""chemistry"", ""parameters"", ""chapter""]}"
ch7-f23,ch7,7,1,chapter,Ch7,,"Operator Manual — Directive Reference Prerequisites: Chapter 7 (Volume), Chapter 8 (Circulation), Chapter 9 (Dosage). This chapter tells you what to control and why. Chapter 9 tells you how much to add.","Operator Manual — Directive Reference Prerequisites: Chapter 7 (Volume), Chapter 8 (Circulation), Chapter 9 (Dosage). This chapter tells you what to control and why. Chapter 9 tells you how much to add.",49,False,False,"[""add"", ""control"", ""dosage"", ""reference"", ""operator"", ""and"", ""much"", ""how"", ""why"", ""manual""]","{""chunk_id"": ""ch7-f23"", ""chunk_id_legacy"": ""ch7"", ""parent_chunk_id"": null, ""fragment_type"": ""chapter"", ""level"": 1, ""chapter"": 7, ""hierarchy_path"": ""Ch7"", ""is_regulatory"": false, ""is_stub"": false, ""token_count"": 49, ""keywords"": [""add"", ""control"", ""dosage"", ""reference"", ""operator"", ""and"", ""much"", ""how"", ""why"", ""manual""]}"
ch9-f08,ch9,9,1,chapter,Ch9,,"Do note which rows say ""dilution only."" Calcium hardness, cyanuric acid, and total dissolved solids cannot be reduced by adding anything. They accumulate permanently until water is replaced. This is why Chapter 9 §9.10 tracking of secondary contributions matters — the products you use to control chlorine are simultaneously loading the parameters you cannot chemically remove.","Do note which rows say ""dilution only."" Calcium hardness, cyanuric acid, and total dissolved solids cannot be reduced by adding anything. They accumulate permanently until water is replaced. This is why Chapter 9 §9.10 tracking of secondary contributions matters — the products you use to control chlorine are simultaneously loading the parameters you cannot chemically remove.",72,False,False,"[""products"", ""cyanuric"", ""simultaneously"", ""solids"", ""secondary"", ""contributions"", ""loading"", ""reduced"", ""control"", ""permanently""]","{""chunk_id"": ""ch9-f08"", ""chunk_id_legacy"": ""ch9"", ""parent_chunk_id"": null, ""fragment_type"": ""chapter"", ""level"": 1, ""chapter"": 9, ""hierarchy_path"": ""Ch9"", ""is_regulatory"": false, ""is_stub"": false, ""token_count"": 72, ""keywords"": [""products"", ""cyanuric"", ""simultaneously"", ""solids"", ""secondary"", ""contributions"", ""loading"", ""reduced"", ""control"", ""permanently""]}"
ch9-f09,ch9,9,1,chapter,Ch9,,Secondary contribution ratios are derived in Chapter 9 §9.10.,Secondary contribution ratios are derived in Chapter 9 §9.10.,14,False,True,"[""contribution"", ""derived"", ""ratios"", ""secondary"", ""are"", ""chapter""]","{""chunk_id"": ""ch9-f09"", ""chunk_id_legacy"": ""ch9"", ""parent_chunk_id"": null, ""fragment_type"": ""chapter"", ""level"": 1, ""chapter"": 9, ""hierarchy_path"": ""Ch9"", ""is_regulatory"": false, ""is_stub"": true, ""token_count"": 14, ""keywords"": [""contribution"", ""derived"", ""ratios"", ""secondary"", ""are"", ""chapter""]}"
ch8-f17,ch8,8,1,chapter,Ch8,,"Do test multiple locations, including the point farthest from the returns and any suspected dead zone. Uniform results across locations are your real evidence of adequate circulation. See Chapter 8 §8.8.","Do test multiple locations, including the point farthest from the returns and any suspected dead zone. Uniform results across locations are your real evidence of adequate circulation. See Chapter 8 §8.8.",40,False,False,"[""suspected"", ""point"", ""your"", ""locations"", ""adequate"", ""farthest"", ""across"", ""and"", ""multiple"", ""test""]","{""chunk_id"": ""ch8-f17"", ""chunk_id_legacy"": ""ch8"", ""parent_chunk_id"": null, ""fragment_type"": ""chapter"", ""level"": 1, ""chapter"": 8, ""hierarchy_path"": ""Ch8"", ""is_regulatory"": false, ""is_stub"": false, ""token_count"": 40, ""keywords"": [""suspected"", ""point"", ""your"", ""locations"", ""adequate"", ""farthest"", ""across"", ""and"", ""multiple"", ""test""]}"
ch8-11-6-2-1,ch8-11-6-2-1,8,3,subsection,"Ch8/Do obtain the current CDC remediation guidance and your local code's required response, and keep both on site. Do not improvise a fecal or vomit incident response from this chapter. [S5, S6, S17]",,"Do obtain the current CDC remediation guidance and your local code's required response, and keep both on site. Do not improvise a fecal or vomit incident response from this chapter. [S5, S6, S17]","Worked CT arithmetic, for understanding the trade only: 15,300 ppm-min at 20 ppm FC = 15,300 / 20 = 765 minutes = 12.75 hours 15,300 ppm-min at 10 ppm FC = 15,300 / 10 = 1,530 minutes = 25.5 hours 15,300 ppm-min at 30 ppm FC = 15,300 / 30 = 510 minutes = 8.5 hours",100,False,False,"[""fecal"", ""your"", ""site"", ""response"", ""cdc"", ""current"", ""improvise"", ""required"", ""local"", ""remediation""]","{""chunk_id"": ""ch8-11-6-2-1"", ""chunk_id_legacy"": ""ch8-11-6-2-1"", ""parent_chunk_id"": null, ""fragment_type"": ""subsection"", ""level"": 3, ""chapter"": 8, ""hierarchy_path"": ""Ch8/Do obtain the current CDC remediation guidance and your local code's required response, and keep both on site. Do not improvise a fecal or vomit incident response from this chapter. [S5, S6, S17]"", ""is_regulatory"": false, ""is_stub"": false, ""token_count"": 100, ""keywords"": [""fecal"", ""your"", ""site"", ""response"", ""cdc"", ""current"", ""improvise"", ""required"", ""local"", ""remediation""]}"
ch8-11-6-3,ch8-11-6-3,8,2,section,Ch8/11.6.3 Typical educational target band,ch8-f01,11.6.3 Typical educational target band,"Spa minimums are higher because water temperature accelerates disinfectant demand, bather-to-water ratio is extreme, and aeration strips chlorine. [S5, S18]",36,False,False,"[""minimums"", ""band"", ""higher"", ""educational"", ""target"", ""water"", ""typical""]","{""chunk_id"": ""ch8-11-6-3"", ""chunk_id_legacy"": ""ch8-11-6-3"", ""parent_chunk_id"": ""ch8-f01"", ""fragment_type"": ""section"", ""level"": 2, ""chapter"": 8, ""hierarchy_path"": ""Ch8/11.6.3 Typical educational target band"", ""is_regulatory"": false, ""is_stub"": false, ""token_count"": 36, ""keywords"": [""minimums"", ""band"", ""higher"", ""educational"", ""target"", ""water"", ""typical""]}"
ch9-f10,ch9,9,1,chapter,Ch9,,Do perform breakpoint chlorination per Chapter 9 §9.11.,Do perform breakpoint chlorination per Chapter 9 §9.11.,14,False,True,"[""perform"", ""chlorination"", ""breakpoint"", ""chapter"", ""per""]","{""chunk_id"": ""ch9-f10"", ""chunk_id_legacy"": ""ch9"", ""parent_chunk_id"": null, ""fragment_type"": ""chapter"", ""level"": 1, ""chapter"": 9, ""hierarchy_path"": ""Ch9"", ""is_regulatory"": false, ""is_stub"": true, ""token_count"": 14, ""keywords"": [""perform"", ""chlorination"", ""breakpoint"", ""chapter"", ""per""]}"
ch9-f11,ch9,9,1,chapter,Ch9,,Do dilute with fresh water where the nitrogen load is chronic. Chapter 9 §9.17.,Do dilute with fresh water where the nitrogen load is chronic. Chapter 9 §9.17.,21,False,False,"[""with"", ""the"", ""chronic"", ""nitrogen"", ""water"", ""dilute"", ""load"", ""fresh"", ""chapter"", ""where""]","{""chunk_id"": ""ch9-f11"", ""chunk_id_legacy"": ""ch9"", ""parent_chunk_id"": null, ""fragment_type"": ""chapter"", ""level"": 1, ""chapter"": 9, ""hierarchy_path"": ""Ch9"", ""is_regulatory"": false, ""is_stub"": false, ""token_count"": 21, ""keywords"": [""with"", ""the"", ""chronic"", ""nitrogen"", ""water"", ""dilute"", ""load"", ""fresh"", ""chapter"", ""where""]}"
ch8-f18,ch8,8,1,chapter,Ch8,,Stop and reconsider if the required breakpoint dose seems implausible. Persistent high CC despite adequate FC and repeated oxidation often indicates inadequate circulation or filtration rather than an oxidation deficit. See Chapter 8 §8.8 and Chapter 10 §10.14.,Stop and reconsider if the required breakpoint dose seems implausible. Persistent high CC despite adequate FC and repeated oxidation often indicates inadequate circulation or filtration rather than an oxidation deficit. See Chapter 8 §8.8 and Chapter 10 §10.14.,50,False,False,"[""than"", ""implausible"", ""indicates"", ""often"", ""required"", ""adequate"", ""inadequate"", ""repeated"", ""deficit"", ""and""]","{""chunk_id"": ""ch8-f18"", ""chunk_id_legacy"": ""ch8"", ""parent_chunk_id"": null, ""fragment_type"": ""chapter"", ""level"": 1, ""chapter"": 8, ""hierarchy_path"": ""Ch8"", ""is_regulatory"": false, ""is_stub"": false, ""token_count"": 50, ""keywords"": [""than"", ""implausible"", ""indicates"", ""often"", ""required"", ""adequate"", ""inadequate"", ""repeated"", ""deficit"", ""and""]}"
ch9-f12,ch9,9,1,chapter,Ch9,,Do correct pH before correcting anything else except a chlorine emergency. Do use the incremental method in Chapter 9 §9.13 — pH is not amenable to single-dose calculation.,Do correct pH before correcting anything else except a chlorine emergency. Do use the incremental method in Chapter 9 §9.13 — pH is not amenable to single-dose calculation.,37,False,False,"[""incremental"", ""emergency"", ""calculation"", ""correcting"", ""not"", ""the"", ""correct"", ""anything"", ""else"", ""chlorine""]","{""chunk_id"": ""ch9-f12"", ""chunk_id_legacy"": ""ch9"", ""parent_chunk_id"": null, ""fragment_type"": ""chapter"", ""level"": 1, ""chapter"": 9, ""hierarchy_path"": ""Ch9"", ""is_regulatory"": false, ""is_stub"": false, ""token_count"": 37, ""keywords"": [""incremental"", ""emergency"", ""calculation"", ""correcting"", ""not"", ""the"", ""correct"", ""anything"", ""else"", ""chlorine""]}"
ch9-f13,ch9,9,1,chapter,Ch9,,"Do lower high alkalinity using the acid-plus-aeration technique in Chapter 9 §9.12.4 — acid lowers both pH and alkalinity, then aeration restores pH while alkalinity stays down. Do work in increments and test both values at each step.","Do lower high alkalinity using the acid-plus-aeration technique in Chapter 9 §9.12.4 — acid lowers both pH and alkalinity, then aeration restores pH while alkalinity stays down. Do work in increments and test both values at each step.",54,False,False,"[""aeration"", ""step"", ""increments"", ""down"", ""stays"", ""restores"", ""and"", ""test"", ""then"", ""alkalinity""]","{""chunk_id"": ""ch9-f13"", ""chunk_id_legacy"": ""ch9"", ""parent_chunk_id"": null, ""fragment_type"": ""chapter"", ""level"": 1, ""chapter"": 9, ""hierarchy_path"": ""Ch9"", ""is_regulatory"": false, ""is_stub"": false, ""token_count"": 54, ""keywords"": [""aeration"", ""step"", ""increments"", ""down"", ""stays"", ""restores"", ""and"", ""test"", ""then"", ""alkalinity""]}"
ch9-f14,ch9,9,1,chapter,Ch9,,"Do remember that only dilution removes calcium hardness. Chapter 9 §9.17. Do track the calcium contributed by calcium hypochlorite — 0.71 ppm per ppm of free chlorine delivered, Chapter 9 §9.10.2 — because in a low-dilution vessel that is often the dominant source.","Do remember that only dilution removes calcium hardness. Chapter 9 §9.17. Do track the calcium contributed by calcium hypochlorite — 0.71 ppm per ppm of free chlorine delivered, Chapter 9 §9.10.2 — because in a low-dilution vessel that is often the dominant source.",67,False,False,"[""vessel"", ""ppm"", ""delivered"", ""removes"", ""hypochlorite"", ""often"", ""calcium"", ""dilution"", ""dominant"", ""hardness""]","{""chunk_id"": ""ch9-f14"", ""chunk_id_legacy"": ""ch9"", ""parent_chunk_id"": null, ""fragment_type"": ""chapter"", ""level"": 1, ""chapter"": 9, ""hierarchy_path"": ""Ch9"", ""is_regulatory"": false, ""is_stub"": false, ""token_count"": 67, ""keywords"": [""vessel"", ""ppm"", ""delivered"", ""removes"", ""hypochlorite"", ""often"", ""calcium"", ""dilution"", ""dominant"", ""hardness""]}"
ch9-f15,ch9,9,1,chapter,Ch9,,"It enters the water two ways: added deliberately as stabilizer (Chapter 9 §9.15), or delivered as an unavoidable by-product of stabilized chlorine products — 0.91 ppm per ppm FC from dichlor, 0.61 ppm per ppm FC from trichlor (Chapter 9 §9.10.1).","It enters the water two ways: added deliberately as stabilizer (Chapter 9 §9.15), or delivered as an unavoidable by-product of stabilized chlorine products — 0.91 ppm per ppm FC from dichlor, 0.61 ppm per ppm FC from trichlor (Chapter 9 §9.10.1).",68,False,False,"[""products"", ""ppm"", ""delivered"", ""deliberately"", ""trichlor"", ""added"", ""product"", ""two"", ""enters"", ""unavoidable""]","{""chunk_id"": ""ch9-f15"", ""chunk_id_legacy"": ""ch9"", ""parent_chunk_id"": null, ""fragment_type"": ""chapter"", ""level"": 1, ""chapter"": 9, ""hierarchy_path"": ""Ch9"", ""is_regulatory"": false, ""is_stub"": false, ""token_count"": 68, ""keywords"": [""products"", ""ppm"", ""delivered"", ""deliberately"", ""trichlor"", ""added"", ""product"", ""two"", ""enters"", ""unavoidable""]}"
ch9-f16,ch9,9,1,chapter,Ch9,,It is removed only by dilution. Chapter 9 §9.17.,It is removed only by dilution. Chapter 9 §9.17.,16,False,False,"[""only"", ""removed"", ""chapter"", ""dilution""]","{""chunk_id"": ""ch9-f16"", ""chunk_id_legacy"": ""ch9"", ""parent_chunk_id"": null, ""fragment_type"": ""chapter"", ""level"": 1, ""chapter"": 9, ""hierarchy_path"": ""Ch9"", ""is_regulatory"": false, ""is_stub"": false, ""token_count"": 16, ""keywords"": [""only"", ""removed"", ""chapter"", ""dilution""]}"
ch9-f17,ch9,9,1,chapter,Ch9,,Do track cumulative chlorine delivered when using stabilized products and plan the dilution before the cap is reached. Chapter 9 §9.10.1 gives a worked seasonal projection: 220 ppm of cumulative free chlorine from trichlor produces about 134 ppm of cyanuric acid. That is entirely predictable and entirely preventable with product selection.,Do track cumulative chlorine delivered when using stabilized products and plan the dilution before the cap is reached. Chapter 9 §9.10.1 gives a worked seasonal projection: 220 ppm of cumulative free chlorine from trichlor produces about 134 ppm of cyanuric acid. That is entirely predictable and entirely preventable with product selection.,69,False,False,"[""products"", ""cyanuric"", ""ppm"", ""produces"", ""predictable"", ""delivered"", ""gives"", ""plan"", ""dilution"", ""before""]","{""chunk_id"": ""ch9-f17"", ""chunk_id_legacy"": ""ch9"", ""parent_chunk_id"": null, ""fragment_type"": ""chapter"", ""level"": 1, ""chapter"": 9, ""hierarchy_path"": ""Ch9"", ""is_regulatory"": false, ""is_stub"": false, ""token_count"": 69, ""keywords"": [""products"", ""cyanuric"", ""ppm"", ""produces"", ""predictable"", ""delivered"", ""gives"", ""plan"", ""dilution"", ""before""]}"
ch10-f03,ch10,10,1,chapter,Ch10,,Do not rely on backwashing to control it. Chapter 10 §10.11.3 shows that roughly 41 backwashes accomplish what one planned partial drain does in an afternoon.,Do not rely on backwashing to control it. Chapter 10 §10.11.3 shows that roughly 41 backwashes accomplish what one planned partial drain does in an afternoon.,38,False,False,"[""drain"", ""roughly"", ""backwashing"", ""not"", ""shows"", ""does"", ""planned"", ""control"", ""one"", ""accomplish""]","{""chunk_id"": ""ch10-f03"", ""chunk_id_legacy"": ""ch10"", ""parent_chunk_id"": null, ""fragment_type"": ""chapter"", ""level"": 1, ""chapter"": 10, ""hierarchy_path"": ""Ch10"", ""is_regulatory"": false, ""is_stub"": false, ""token_count"": 38, ""keywords"": [""drain"", ""roughly"", ""backwashing"", ""not"", ""shows"", ""does"", ""planned"", ""control"", ""one"", ""accomplish""]}"
ch9-f18,ch9,9,1,chapter,Ch9,,"Do test the fill water at least annually — hardness, alkalinity, pH, TDS, metals, and stabilizer. You cannot dilute below your source concentration (Chapter 9 §9.17.3), and unexpected fill water chemistry explains a great many unexplained problems.","Do test the fill water at least annually — hardness, alkalinity, pH, TDS, metals, and stabilizer. You cannot dilute below your source concentration (Chapter 9 §9.17.3), and unexpected fill water chemistry explains a great many unexplained problems.",57,False,False,"[""problems"", ""least"", ""your"", ""many"", ""explains"", ""unexpected"", ""tds"", ""concentration"", ""annually"", ""and""]","{""chunk_id"": ""ch9-f18"", ""chunk_id_legacy"": ""ch9"", ""parent_chunk_id"": null, ""fragment_type"": ""chapter"", ""level"": 1, ""chapter"": 9, ""hierarchy_path"": ""Ch9"", ""is_regulatory"": false, ""is_stub"": false, ""token_count"": 57, ""keywords"": [""problems"", ""least"", ""your"", ""many"", ""explains"", ""unexpected"", ""tds"", ""concentration"", ""annually"", ""and""]}"
ch8-f19,ch8,8,1,chapter,Ch8,,Persistent high combined chlorine despite adequate free chlorine and repeated oxidation. Investigate circulation (Ch 8 §8.8) and filtration (Ch 10 §10.14) before assuming a chemistry deficit; escalate if neither resolves it.,Persistent high combined chlorine despite adequate free chlorine and repeated oxidation. Investigate circulation (Ch 8 §8.8) and filtration (Ch 10 §10.14) before assuming a chemistry deficit; escalate if neither resolves it.,47,False,False,"[""escalate"", ""before"", ""adequate"", ""repeated"", ""deficit"", ""and"", ""resolves"", ""circulation"", ""free"", ""despite""]","{""chunk_id"": ""ch8-f19"", ""chunk_id_legacy"": ""ch8"", ""parent_chunk_id"": null, ""fragment_type"": ""chapter"", ""level"": 1, ""chapter"": 8, ""hierarchy_path"": ""Ch8"", ""is_regulatory"": false, ""is_stub"": false, ""token_count"": 47, ""keywords"": [""escalate"", ""before"", ""adequate"", ""repeated"", ""deficit"", ""and"", ""resolves"", ""circulation"", ""free"", ""despite""]}"
ch9-f19,ch9,9,1,chapter,Ch9,,"A required drain or partial drain for dilution. Structural risk, high water table, liner float, and discharge permitting all require professional input. Chapter 9 §9.17.4. [S6]","A required drain or partial drain for dilution. Structural risk, high water table, liner float, and discharge permitting all require professional input. Chapter 9 §9.17.4. [S6]",42,False,False,"[""professional"", ""dilution"", ""required"", ""all"", ""and"", ""input"", ""structural"", ""for"", ""require"", ""float""]","{""chunk_id"": ""ch9-f19"", ""chunk_id_legacy"": ""ch9"", ""parent_chunk_id"": null, ""fragment_type"": ""chapter"", ""level"": 1, ""chapter"": 9, ""hierarchy_path"": ""Ch9"", ""is_regulatory"": false, ""is_stub"": false, ""token_count"": 42, ""keywords"": [""professional"", ""dilution"", ""required"", ""all"", ""and"", ""input"", ""structural"", ""for"", ""require"", ""float""]}"
ch11-f02,ch11,11,1,chapter,Ch11,,End of Chapter 11.,End of Chapter 11.,6,False,True,"[""end"", ""chapter""]","{""chunk_id"": ""ch11-f02"", ""chunk_id_legacy"": ""ch11"", ""parent_chunk_id"": null, ""fragment_type"": ""chapter"", ""level"": 1, ""chapter"": 11, ""hierarchy_path"": ""Ch11"", ""is_regulatory"": false, ""is_stub"": true, ""token_count"": 6, ""keywords"": [""end"", ""chapter""]}"
ch12-f01,ch12,12,1,chapter,Ch12,,Chapter 12 — Chlorine Disinfection,Chapter 12 — Chlorine Disinfection,9,False,True,"[""chapter"", ""disinfection"", ""chlorine""]","{""chunk_id"": ""ch12-f01"", ""chunk_id_legacy"": ""ch12"", ""parent_chunk_id"": null, ""fragment_type"": ""chapter"", ""level"": 1, ""chapter"": 12, ""hierarchy_path"": ""Ch12"", ""is_regulatory"": false, ""is_stub"": true, ""token_count"": 9, ""keywords"": [""chapter"", ""disinfection"", ""chlorine""]}"
ch9-f20,ch9,9,1,chapter,Ch9,,Operator Manual — Directive Reference Prerequisites: Chapter 9 (Chemical Dosage Calculations) and Chapter 11 (Water Chemistry Parameters). Chapter 13 covers cyanuric acid and stabilization in depth; Chapter 28 covers contamination-incident response.,Operator Manual — Directive Reference Prerequisites: Chapter 9 (Chemical Dosage Calculations) and Chapter 11 (Water Chemistry Parameters). Chapter 13 covers cyanuric acid and stabilization in depth; Chapter 28 covers contamination-incident response.,50,False,False,"[""cyanuric"", ""stabilization"", ""parameters"", ""dosage"", ""reference"", ""operator"", ""and"", ""calculations"", ""manual"", ""contamination""]","{""chunk_id"": ""ch9-f20"", ""chunk_id_legacy"": ""ch9"", ""parent_chunk_id"": null, ""fragment_type"": ""chapter"", ""level"": 1, ""chapter"": 9, ""hierarchy_path"": ""Ch9"", ""is_regulatory"": false, ""is_stub"": false, ""token_count"": 50, ""keywords"": [""cyanuric"", ""stabilization"", ""parameters"", ""dosage"", ""reference"", ""operator"", ""and"", ""calculations"", ""manual"", ""contamination""]}"
ch11-f03,ch11,11,1,chapter,Ch11,,Do not report a total chlorine reading as free chlorine. An OTO test measures total chlorine only and cannot distinguish the two. Operators routinely log an OTO result as FC and believe they have a residual they do not have. See Chapter 11 §11.5.2.,Do not report a total chlorine reading as free chlorine. An OTO test measures total chlorine only and cannot distinguish the two. Operators routinely log an OTO result as FC and believe they have a residual they do not have. See Chapter 11 §11.5.2.,56,False,False,"[""oto"", ""distinguish"", ""result"", ""total"", ""and"", ""test"", ""see"", ""believe"", ""they"", ""two""]","{""chunk_id"": ""ch11-f03"", ""chunk_id_legacy"": ""ch11"", ""parent_chunk_id"": null, ""fragment_type"": ""chapter"", ""level"": 1, ""chapter"": 11, ""hierarchy_path"": ""Ch11"", ""is_regulatory"": false, ""is_stub"": false, ""token_count"": 56, ""keywords"": [""oto"", ""distinguish"", ""result"", ""total"", ""and"", ""test"", ""see"", ""believe"", ""they"", ""two""]}"
ch11-f04,ch11,11,1,chapter,Ch11,,Chapter 11 §11.8.2 is the authoritative treatment of this relationship in this manual. This section gives the operational summary; go there for the full derivation and the fraction table.,Chapter 11 §11.8.2 is the authoritative treatment of this relationship in this manual. This section gives the operational summary; go there for the full derivation and the fraction table.,38,False,False,"[""operational"", ""fraction"", ""this"", ""the"", ""table"", ""relationship"", ""full"", ""and"", ""derivation"", ""section""]","{""chunk_id"": ""ch11-f04"", ""chunk_id_legacy"": ""ch11"", ""parent_chunk_id"": null, ""fragment_type"": ""chapter"", ""level"": 1, ""chapter"": 11, ""hierarchy_path"": ""Ch11"", ""is_regulatory"": false, ""is_stub"": false, ""token_count"": 38, ""keywords"": [""operational"", ""fraction"", ""this"", ""the"", ""table"", ""relationship"", ""full"", ""and"", ""derivation"", ""section""]}"
ch9-f21,ch9,9,1,chapter,Ch9,,All figures are typical ranges for plausibility checking. Read the actual percentage from the container label and recalculate — see Chapter 9 §9.7.,All figures are typical ranges for plausibility checking. Read the actual percentage from the container label and recalculate — see Chapter 9 §9.7.,32,False,False,"[""container"", ""checking"", ""plausibility"", ""ranges"", ""all"", ""and"", ""label"", ""are"", ""see"", ""for""]","{""chunk_id"": ""ch9-f21"", ""chunk_id_legacy"": ""ch9"", ""parent_chunk_id"": null, ""fragment_type"": ""chapter"", ""level"": 1, ""chapter"": 9, ""hierarchy_path"": ""Ch9"", ""is_regulatory"": false, ""is_stub"": false, ""token_count"": 32, ""keywords"": [""container"", ""checking"", ""plausibility"", ""ranges"", ""all"", ""and"", ""label"", ""are"", ""see"", ""for""]}"
ch9-f22,ch9,9,1,chapter,Ch9,,Do verify the delivered trade percent on each shipment and re-mark your measuring containers and recalculate feed settings when it changes. Chapter 9 §9.9.3–9.9.4 shows the dose difference between 12.5% and 10% product for an identical correction.,Do verify the delivered trade percent on each shipment and re-mark your measuring containers and recalculate feed settings when it changes. Chapter 9 §9.9.3–9.9.4 shows the dose difference between 12.5% and 10% product for an identical correction.,59,False,False,"[""delivered"", ""your"", ""mark"", ""identical"", ""and"", ""dose"", ""for"", ""product"", ""percent"", ""between""]","{""chunk_id"": ""ch9-f22"", ""chunk_id_legacy"": ""ch9"", ""parent_chunk_id"": null, ""fragment_type"": ""chapter"", ""level"": 1, ""chapter"": 9, ""hierarchy_path"": ""Ch9"", ""is_regulatory"": false, ""is_stub"": false, ""token_count"": 59, ""keywords"": [""delivered"", ""your"", ""mark"", ""identical"", ""and"", ""dose"", ""for"", ""product"", ""percent"", ""between""]}"
ch9-f23,ch9,9,1,chapter,Ch9,,Do account for the calcium it adds — roughly 0.71 ppm calcium hardness per ppm of free chlorine delivered (Chapter 9 §9.10.2). In a low-dilution vessel over a season this becomes the dominant calcium source.,Do account for the calcium it adds — roughly 0.71 ppm calcium hardness per ppm of free chlorine delivered (Chapter 9 §9.10.2). In a low-dilution vessel over a season this becomes the dominant calcium source.,50,False,False,"[""roughly"", ""vessel"", ""ppm"", ""delivered"", ""season"", ""calcium"", ""dilution"", ""becomes"", ""dominant"", ""hardness""]","{""chunk_id"": ""ch9-f23"", ""chunk_id_legacy"": ""ch9"", ""parent_chunk_id"": null, ""fragment_type"": ""chapter"", ""level"": 1, ""chapter"": 9, ""hierarchy_path"": ""Ch9"", ""is_regulatory"": false, ""is_stub"": false, ""token_count"": 50, ""keywords"": [""roughly"", ""vessel"", ""ppm"", ""delivered"", ""season"", ""calcium"", ""dilution"", ""becomes"", ""dominant"", ""hardness""]}"
ch9-f24,ch9,9,1,chapter,Ch9,,Do expect continuing downward pressure on pH and total alkalinity. Trichlor is strongly acidic. Budget for alkalinity maintenance (Chapter 9 §9.12) and monitor pH closely.,Do expect continuing downward pressure on pH and total alkalinity. Trichlor is strongly acidic. Budget for alkalinity maintenance (Chapter 9 §9.12) and monitor pH closely.,38,False,False,"[""monitor"", ""trichlor"", ""maintenance"", ""budget"", ""total"", ""continuing"", ""and"", ""expect"", ""strongly"", ""downward""]","{""chunk_id"": ""ch9-f24"", ""chunk_id_legacy"": ""ch9"", ""parent_chunk_id"": null, ""fragment_type"": ""chapter"", ""level"": 1, ""chapter"": 9, ""hierarchy_path"": ""Ch9"", ""is_regulatory"": false, ""is_stub"": false, ""token_count"": 38, ""keywords"": [""monitor"", ""trichlor"", ""maintenance"", ""budget"", ""total"", ""continuing"", ""and"", ""expect"", ""strongly"", ""downward""]}"
ch9-f25,ch9,9,1,chapter,Ch9,,"Do track cumulative cyanuric acid loading. At roughly 0.61 ppm CYA per ppm FC, a season delivering 220 ppm of cumulative chlorine produces about 134 ppm of cyanuric acid — enough to exceed common regulatory caps and to compromise contamination-response capability. See Chapter 9 §9.10.1 and Chapter 13.","Do track cumulative cyanuric acid loading. At roughly 0.61 ppm CYA per ppm FC, a season delivering 220 ppm of cumulative chlorine produces about 134 ppm of cyanuric acid — enough to exceed common regulatory caps and to compromise contamination-response capability. See Chapter 9 §9.10.1 and Chapter 13.",70,False,False,"[""roughly"", ""cyanuric"", ""ppm"", ""produces"", ""capability"", ""loading"", ""common"", ""season"", ""and"", ""about""]","{""chunk_id"": ""ch9-f25"", ""chunk_id_legacy"": ""ch9"", ""parent_chunk_id"": null, ""fragment_type"": ""chapter"", ""level"": 1, ""chapter"": 9, ""hierarchy_path"": ""Ch9"", ""is_regulatory"": false, ""is_stub"": false, ""token_count"": 70, ""keywords"": [""roughly"", ""cyanuric"", ""ppm"", ""produces"", ""capability"", ""loading"", ""common"", ""season"", ""and"", ""about""]}"
ch9-f26,ch9,9,1,chapter,Ch9,,"Storage and handling cautions. Store dry, closed, and separated as with any hypochlorite. Note that at roughly 35% available chlorine the doses are substantially larger than cal hypo for the same effect — Chapter 9 §9.9.6 works the comparison — and cost per unit of chlorine is higher. Standard oxidizer PPE and handling apply.","Storage and handling cautions. Store dry, closed, and separated as with any hypochlorite. Note that at roughly 35% available chlorine the doses are substantially larger than cal hypo for the same effect — Chapter 9 §9.9.6 works the comparison — and cost per unit of chlorine is higher. Standard oxidizer PPE and handling apply.",74,False,False,"[""roughly"", ""than"", ""comparison"", ""closed"", ""ppe"", ""hypochlorite"", ""available"", ""and"", ""are"", ""standard""]","{""chunk_id"": ""ch9-f26"", ""chunk_id_legacy"": ""ch9"", ""parent_chunk_id"": null, ""fragment_type"": ""chapter"", ""level"": 1, ""chapter"": 9, ""hierarchy_path"": ""Ch9"", ""is_regulatory"": false, ""is_stub"": false, ""token_count"": 74, ""keywords"": [""roughly"", ""than"", ""comparison"", ""closed"", ""ppe"", ""hypochlorite"", ""available"", ""and"", ""are"", ""standard""]}"
ch8-f20,ch8,8,1,chapter,Ch8,,"Do test at multiple points, including the location farthest from the returns. A single skimmer-side reading can be substantially higher than a dead corner. Chapter 8 §8.8, Chapter 11 §11.5.1.","Do test at multiple points, including the location farthest from the returns. A single skimmer-side reading can be substantially higher than a dead corner. Chapter 8 §8.8, Chapter 11 §11.5.1.",48,False,False,"[""than"", ""skimmer"", ""single"", ""farthest"", ""side"", ""multiple"", ""test"", ""points"", ""returns"", ""including""]","{""chunk_id"": ""ch8-f20"", ""chunk_id_legacy"": ""ch8"", ""parent_chunk_id"": null, ""fragment_type"": ""chapter"", ""level"": 1, ""chapter"": 8, ""hierarchy_path"": ""Ch8"", ""is_regulatory"": false, ""is_stub"": false, ""token_count"": 48, ""keywords"": [""than"", ""skimmer"", ""single"", ""farthest"", ""side"", ""multiple"", ""test"", ""points"", ""returns"", ""including""]}"
ch9-f27,ch9,9,1,chapter,Ch9,,"Do measure demand from your own consumption records rather than estimating it. For liquid product, use the Chapter 9 §9.7.3 identity:","Do measure demand from your own consumption records rather than estimating it. For liquid product, use the Chapter 9 §9.7.3 identity:",30,False,False,"[""product"", ""than"", ""rather"", ""estimating"", ""records"", ""the"", ""demand"", ""consumption"", ""from"", ""your""]","{""chunk_id"": ""ch9-f27"", ""chunk_id_legacy"": ""ch9"", ""parent_chunk_id"": null, ""fragment_type"": ""chapter"", ""level"": 1, ""chapter"": 9, ""hierarchy_path"": ""Ch9"", ""is_regulatory"": false, ""is_stub"": false, ""token_count"": 30, ""keywords"": [""product"", ""than"", ""rather"", ""estimating"", ""records"", ""the"", ""demand"", ""consumption"", ""from"", ""your""]}"
ch7-f24,ch7,7,1,chapter,Ch7,,"Worked example. The 36,200 gal pool (Chapter 7 §7.8.2) consumes 1.2 gallons per day of 12.5% sodium hypochlorite while holding a steady residual.","Worked example. The 36,200 gal pool (Chapter 7 §7.8.2) consumes 1.2 gallons per day of 12.5% sodium hypochlorite while holding a steady residual.",47,False,False,"[""steady"", ""worked"", ""holding"", ""consumes"", ""the"", ""gal"", ""while"", ""hypochlorite"", ""day"", ""per""]","{""chunk_id"": ""ch7-f24"", ""chunk_id_legacy"": ""ch7"", ""parent_chunk_id"": null, ""fragment_type"": ""chapter"", ""level"": 1, ""chapter"": 7, ""hierarchy_path"": ""Ch7"", ""is_regulatory"": false, ""is_stub"": false, ""token_count"": 47, ""keywords"": [""steady"", ""worked"", ""holding"", ""consumes"", ""the"", ""gal"", ""while"", ""hypochlorite"", ""day"", ""per""]}"
ch7-12-5-2,ch7-12-5-2,7,2,section,Ch7/12.5.2 Chlorine demand — the number that sets your feed rate,ch7-f01,12.5.2 Chlorine demand — the number that sets your feed rate,ppm per day = 1.2 x 12.5 / 3.62 = 15.0 / 3.62 = 4.14 ppm per day,36,False,False,"[""number"", ""the"", ""demand"", ""your"", ""sets"", ""rate"", ""that"", ""feed"", ""chlorine""]","{""chunk_id"": ""ch7-12-5-2"", ""chunk_id_legacy"": ""ch7-12-5-2"", ""parent_chunk_id"": ""ch7-f01"", ""fragment_type"": ""section"", ""level"": 2, ""chapter"": 7, ""hierarchy_path"": ""Ch7/12.5.2 Chlorine demand — the number that sets your feed rate"", ""is_regulatory"": false, ""is_stub"": false, ""token_count"": 36, ""keywords"": [""number"", ""the"", ""demand"", ""your"", ""sets"", ""rate"", ""that"", ""feed"", ""chlorine""]}"
ch11-f05,ch11,11,1,chapter,Ch11,,"Do verify controller output against manual testing on your code-required schedule and log both. A controller is an instrument, not an authority. Chapter 11 §11.5.4.","Do verify controller output against manual testing on your code-required schedule and log both. A controller is an instrument, not an authority. Chapter 11 §11.5.4.",36,False,False,"[""required"", ""not"", ""testing"", ""output"", ""controller"", ""schedule"", ""and"", ""your"", ""both"", ""code""]","{""chunk_id"": ""ch11-f05"", ""chunk_id_legacy"": ""ch11"", ""parent_chunk_id"": null, ""fragment_type"": ""chapter"", ""level"": 1, ""chapter"": 11, ""hierarchy_path"": ""Ch11"", ""is_regulatory"": false, ""is_stub"": false, ""token_count"": 36, ""keywords"": [""required"", ""not"", ""testing"", ""output"", ""controller"", ""schedule"", ""and"", ""your"", ""both"", ""code""]}"
ch8-f21,ch8,8,1,chapter,Ch8,,"Do allow at least one full turnover between a chemical addition and the verifying retest. Chapter 8 §8.4 — about 4 hours for the 36,200 gal pool at 150 gpm.","Do allow at least one full turnover between a chemical addition and the verifying retest. Chapter 8 §8.4 — about 4 hours for the 36,200 gal pool at 150 gpm.",43,False,False,"[""least"", ""full"", ""and"", ""about"", ""hours"", ""verifying"", ""for"", ""pool"", ""retest"", ""gal""]","{""chunk_id"": ""ch8-f21"", ""chunk_id_legacy"": ""ch8"", ""parent_chunk_id"": null, ""fragment_type"": ""chapter"", ""level"": 1, ""chapter"": 8, ""hierarchy_path"": ""Ch8"", ""is_regulatory"": false, ""is_stub"": false, ""token_count"": 43, ""keywords"": [""least"", ""full"", ""and"", ""about"", ""hours"", ""verifying"", ""for"", ""pool"", ""retest"", ""gal""]}"
ch9-f28,ch9,9,1,chapter,Ch9,,"Do compare actual change to predicted change and record the ratio. A persistent multi-parameter shortfall means your volume of record is wrong, not your chemistry. Chapter 9 §9.19.","Do compare actual change to predicted change and record the ratio. A persistent multi-parameter shortfall means your volume of record is wrong, not your chemistry. Chapter 9 §9.19.",37,False,False,"[""parameter"", ""predicted"", ""your"", ""record"", ""change"", ""shortfall"", ""ratio"", ""and"", ""multi"", ""compare""]","{""chunk_id"": ""ch9-f28"", ""chunk_id_legacy"": ""ch9"", ""parent_chunk_id"": null, ""fragment_type"": ""chapter"", ""level"": 1, ""chapter"": 9, ""hierarchy_path"": ""Ch9"", ""is_regulatory"": false, ""is_stub"": false, ""token_count"": 37, ""keywords"": [""parameter"", ""predicted"", ""your"", ""record"", ""change"", ""shortfall"", ""ratio"", ""and"", ""multi"", ""compare""]}"
ch13-f01,ch13,13,1,chapter,Ch13,,Chapter 13 covers cyanuric acid and stabilization in full. This is the operational headline.,Chapter 13 covers cyanuric acid and stabilization in full. This is the operational headline.,19,False,False,"[""operational"", ""cyanuric"", ""stabilization"", ""this"", ""the"", ""and"", ""full"", ""acid"", ""covers"", ""headline""]","{""chunk_id"": ""ch13-f01"", ""chunk_id_legacy"": ""ch13"", ""parent_chunk_id"": null, ""fragment_type"": ""chapter"", ""level"": 1, ""chapter"": 13, ""hierarchy_path"": ""Ch13"", ""is_regulatory"": false, ""is_stub"": false, ""token_count"": 19, ""keywords"": [""operational"", ""cyanuric"", ""stabilization"", ""this"", ""the"", ""and"", ""full"", ""acid"", ""covers"", ""headline""]}"
ch13-f02,ch13,13,1,chapter,Ch13,,"Do go to Chapter 13 for stabilizer targets, the disinfection trade quantified, accumulation tracking, and dilution planning.","Do go to Chapter 13 for stabilizer targets, the disinfection trade quantified, accumulation tracking, and dilution planning.",26,False,False,"[""tracking"", ""accumulation"", ""quantified"", ""the"", ""and"", ""planning"", ""trade"", ""stabilizer"", ""targets"", ""disinfection""]","{""chunk_id"": ""ch13-f02"", ""chunk_id_legacy"": ""ch13"", ""parent_chunk_id"": null, ""fragment_type"": ""chapter"", ""level"": 1, ""chapter"": 13, ""hierarchy_path"": ""Ch13"", ""is_regulatory"": false, ""is_stub"": false, ""token_count"": 26, ""keywords"": [""tracking"", ""accumulation"", ""quantified"", ""the"", ""and"", ""planning"", ""trade"", ""stabilizer"", ""targets"", ""disinfection""]}"
ch13-12-6-3-1,ch13-12-6-3-1,13,3,subsection,"Ch13/Assumed numbers. The 36,200 gal pool. Total chlorine 3.2 ppm, free chlorine 2.4 ppm, pH 7.5, cyanuric acid 35 ppm.",,"Assumed numbers. The 36,200 gal pool. Total chlorine 3.2 ppm, free chlorine 2.4 ppm, pH 7.5, cyanuric acid 35 ppm.","Step 1  CC = TC - FC = 3.2 - 2.4 = 0.8 ppm Step 2  Target FC = 10 x 0.8 = 8.0 ppm Step 3  Dose = 8.0 - 2.4 = 5.6 ppm of free chlorine to add Step 4  Volume Factor (Ch 9 sec 9.6.2) = 0.302 lb per ppm Option A - 12.5% sodium hypochlorite (Ch 9 sec 9.7.3 identity): Gallons = 5.6 x 3.62 / 12.5 = 20.27 / 12.5 = 1.62 gal (about 208 fl oz, or just over 1 1/2 gallons) Option B - 65% calcium hypochlorite: lb = 5.6 x 0.302 x 1.538 = 2.60 lb Side effect: calcium hardness rises 5.6 x 0.71 = 4.0 ppm",230,False,False,"[""assumed"", ""cyanuric"", ""total"", ""ppm"", ""gal"", ""the"", ""free"", ""option"", ""step"", ""acid""]","{""chunk_id"": ""ch13-12-6-3-1"", ""chunk_id_legacy"": ""ch13-12-6-3-1"", ""parent_chunk_id"": null, ""fragment_type"": ""subsection"", ""level"": 3, ""chapter"": 13, ""hierarchy_path"": ""Ch13/Assumed numbers. The 36,200 gal pool. Total chlorine 3.2 ppm, free chlorine 2.4 ppm, pH 7.5, cyanuric acid 35 ppm."", ""is_regulatory"": false, ""is_stub"": false, ""token_count"": 230, ""keywords"": [""assumed"", ""cyanuric"", ""total"", ""ppm"", ""gal"", ""the"", ""free"", ""option"", ""step"", ""acid""]}"
ch28-f01,ch28,28,1,chapter,Ch28,,"Stop. Do not respond to a contamination incident by superchlorinating and reopening. Contamination response requires the code-specified protocol, a defined CT, defined conditions, verification, documentation, and notification. Go to Chapter 28.","Stop. Do not respond to a contamination incident by superchlorinating and reopening. Contamination response requires the code-specified protocol, a defined CT, defined conditions, verification, documentation, and notification. Go to Chapter 28.",46,False,False,"[""requires"", ""and"", ""notification"", ""respond"", ""documentation"", ""protocol"", ""contamination"", ""superchlorinating"", ""reopening"", ""stop""]","{""chunk_id"": ""ch28-f01"", ""chunk_id_legacy"": ""ch28"", ""parent_chunk_id"": null, ""fragment_type"": ""chapter"", ""level"": 1, ""chapter"": 28, ""hierarchy_path"": ""Ch28"", ""is_regulatory"": false, ""is_stub"": false, ""token_count"": 46, ""keywords"": [""requires"", ""and"", ""notification"", ""respond"", ""documentation"", ""protocol"", ""contamination"", ""superchlorinating"", ""reopening"", ""stop""]}"
ch11-f06,ch11,11,1,chapter,Ch11,,"Do understand why stabilizer matters so much here: cyanuric acid extends the contact time required for the difficult organisms to the point where a protocol becomes operationally impossible without first reducing it. This is the strongest practical argument for keeping cyanuric acid low. Chapter 11 §11.11.2, Chapter 13.","Do understand why stabilizer matters so much here: cyanuric acid extends the contact time required for the difficult organisms to the point where a protocol becomes operationally impossible without first reducing it. This is the strongest practical argument for keeping cyanuric acid low. Chapter 11 §11.11.2, Chapter 13.",66,False,False,"[""cyanuric"", ""point"", ""difficult"", ""keeping"", ""understand"", ""without"", ""required"", ""becomes"", ""impossible"", ""much""]","{""chunk_id"": ""ch11-f06"", ""chunk_id_legacy"": ""ch11"", ""parent_chunk_id"": null, ""fragment_type"": ""chapter"", ""level"": 1, ""chapter"": 11, ""hierarchy_path"": ""Ch11"", ""is_regulatory"": false, ""is_stub"": false, ""token_count"": 66, ""keywords"": [""cyanuric"", ""point"", ""difficult"", ""keeping"", ""understand"", ""without"", ""required"", ""becomes"", ""impossible"", ""much""]}"
ch9-f29,ch9,9,1,chapter,Ch9,,"Do note what it also adds: MPS is acidic in solution and lowers pH, and it contributes sulfate, which accumulates permanently and is removed only by dilution — like the sulfate from dry acid (Chapter 9 §9.12.5). Monitor pH and factor sulfate into your dilution planning. Chapter 11 §11.12.","Do note what it also adds: MPS is acidic in solution and lowers pH, and it contributes sulfate, which accumulates permanently and is removed only by dilution — like the sulfate from dry acid (Chapter 9 §9.12.5). Monitor pH and factor sulfate into your dilution planning. Chapter 11 §11.12.",69,False,False,"[""your"", ""permanently"", ""dilution"", ""which"", ""accumulates"", ""monitor"", ""like"", ""and"", ""also"", ""lowers""]","{""chunk_id"": ""ch9-f29"", ""chunk_id_legacy"": ""ch9"", ""parent_chunk_id"": null, ""fragment_type"": ""chapter"", ""level"": 1, ""chapter"": 9, ""hierarchy_path"": ""Ch9"", ""is_regulatory"": false, ""is_stub"": false, ""token_count"": 69, ""keywords"": [""your"", ""permanently"", ""dilution"", ""which"", ""accumulates"", ""monitor"", ""like"", ""and"", ""also"", ""lowers""]}"
ch9-12-8-6-1,ch9-12-8-6-1,9,3,subsection,Ch9/Do confirm your local code permits the product and the use. Some jurisdictions restrict which supplemental oxidizers may be used in public vessels. [S6],,Do confirm your local code permits the product and the use. Some jurisdictions restrict which supplemental oxidizers may be used in public vessels. [S6],"+---------------------------------------------------------------------------+ |  WHICH DO I NEED?                                                         | +---------------------------------------------------------------------------+ |                                                                           | |  Need a DISINFECTANT RESIDUAL - continuous pathogen protection?           | |     -> CHLORINE (or bromine where permitted), per local code and the      | |        product label. There is no substitute. A non-chlorine oxidizer     | |        does NOT satisfy this requirement.                                 | |                                                                           | |  Need EXTRA OXIDATION - reduce combined chlorine, cut chlorine demand,    | |  clear organic load - without raising free chlorine as much?              | |     -> A NON-CHLORINE OXIDIZER may be considered, per its label and       | |        local code, IN ADDITION TO the maintained chlorine residual.       | |                                                                           | |  Responding to a CONTAMINATION INCIDENT - fecal, vomit, blood, or a       | |  suspected illness event?                                                 | |     -> Neither of the above is a protocol. Follow the required            | |        remediation procedure and notify the health authority.             | |        -> CHAPTER 28.                                                     | |                                                                           | +---------------------------------------------------------------------------+",245,False,False,"[""used"", ""your"", ""may"", ""need"", ""which"", ""restrict"", ""local"", ""and"", ""supplemental"", ""use""]","{""chunk_id"": ""ch9-12-8-6-1"", ""chunk_id_legacy"": ""ch9-12-8-6-1"", ""parent_chunk_id"": null, ""fragment_type"": ""subsection"", ""level"": 3, ""chapter"": 9, ""hierarchy_path"": ""Ch9/Do confirm your local code permits the product and the use. Some jurisdictions restrict which supplemental oxidizers may be used in public vessels. [S6]"", ""is_regulatory"": false, ""is_stub"": false, ""token_count"": 245, ""keywords"": [""used"", ""your"", ""may"", ""need"", ""which"", ""restrict"", ""local"", ""and"", ""supplemental"", ""use""]}"
ch13-f03,ch13,13,1,chapter,Ch13,,"Do go to Chapter 13 for stabilizer targets, the disinfection trade, and how to decide a cyanuric acid level for your outdoor vessel. Do not set a stabilizer target from this chapter.","Do go to Chapter 13 for stabilizer targets, the disinfection trade, and how to decide a cyanuric acid level for your outdoor vessel. Do not set a stabilizer target from this chapter.",42,False,False,"[""cyanuric"", ""vessel"", ""your"", ""outdoor"", ""target"", ""and"", ""how"", ""for"", ""this"", ""acid""]","{""chunk_id"": ""ch13-f03"", ""chunk_id_legacy"": ""ch13"", ""parent_chunk_id"": null, ""fragment_type"": ""chapter"", ""level"": 1, ""chapter"": 13, ""hierarchy_path"": ""Ch13"", ""is_regulatory"": false, ""is_stub"": false, ""token_count"": 42, ""keywords"": [""cyanuric"", ""vessel"", ""your"", ""outdoor"", ""target"", ""and"", ""how"", ""for"", ""this"", ""acid""]}"
ch9-f30,ch9,9,1,chapter,Ch9,,"Do confirm your code's cyanuric acid maximum before raising stabilizer, and do account for what stabilized products are already contributing (Chapter 9 §9.10.1).","Do confirm your code's cyanuric acid maximum before raising stabilizer, and do account for what stabilized products are already contributing (Chapter 9 §9.10.1).",36,False,False,"[""products"", ""cyanuric"", ""your"", ""before"", ""already"", ""contributing"", ""and"", ""are"", ""for"", ""account""]","{""chunk_id"": ""ch9-f30"", ""chunk_id_legacy"": ""ch9"", ""parent_chunk_id"": null, ""fragment_type"": ""chapter"", ""level"": 1, ""chapter"": 9, ""hierarchy_path"": ""Ch9"", ""is_regulatory"": false, ""is_stub"": false, ""token_count"": 36, ""keywords"": [""products"", ""cyanuric"", ""your"", ""before"", ""already"", ""contributing"", ""and"", ""are"", ""for"", ""account""]}"
ch28-f02,ch28,28,1,chapter,Ch28,,Superchlorination and hyperchlorination are different things. Contamination response is a protocol — Chapter 28.,Superchlorination and hyperchlorination are different things. Contamination response is a protocol — Chapter 28.,22,False,False,"[""contamination"", ""and"", ""things"", ""different"", ""are"", ""response"", ""protocol"", ""hyperchlorination"", ""chapter"", ""superchlorination""]","{""chunk_id"": ""ch28-f02"", ""chunk_id_legacy"": ""ch28"", ""parent_chunk_id"": null, ""fragment_type"": ""chapter"", ""level"": 1, ""chapter"": 28, ""hierarchy_path"": ""Ch28"", ""is_regulatory"": false, ""is_stub"": false, ""token_count"": 22, ""keywords"": [""contamination"", ""and"", ""things"", ""different"", ""are"", ""response"", ""protocol"", ""hyperchlorination"", ""chapter"", ""superchlorination""]}"
ch28-f03,ch28,28,1,chapter,Ch28,,"A contamination incident, suspected recreational water illness, or cluster of irritation complaints. Notify the health authority and follow the code-specified protocol. Chapter 28. [S5, S6, S17]","A contamination incident, suspected recreational water illness, or cluster of irritation complaints. Notify the health authority and follow the code-specified protocol. Chapter 28. [S5, S6, S17]",41,False,False,"[""suspected"", ""illness"", ""recreational"", ""authority"", ""irritation"", ""and"", ""notify"", ""protocol"", ""contamination"", ""code""]","{""chunk_id"": ""ch28-f03"", ""chunk_id_legacy"": ""ch28"", ""parent_chunk_id"": null, ""fragment_type"": ""chapter"", ""level"": 1, ""chapter"": 28, ""hierarchy_path"": ""Ch28"", ""is_regulatory"": false, ""is_stub"": false, ""token_count"": 41, ""keywords"": [""suspected"", ""illness"", ""recreational"", ""authority"", ""irritation"", ""and"", ""notify"", ""protocol"", ""contamination"", ""code""]}"
ch9-f31,ch9,9,1,chapter,Ch9,,"A required drain or partial drain for dilution or stabilizer reduction — structural risk, water table, liner float, and discharge permitting all require professional input. Chapter 9 §9.17.4. [S6]","A required drain or partial drain for dilution or stabilizer reduction — structural risk, water table, liner float, and discharge permitting all require professional input. Chapter 9 §9.17.4. [S6]",45,False,False,"[""professional"", ""dilution"", ""required"", ""all"", ""and"", ""input"", ""structural"", ""for"", ""require"", ""float""]","{""chunk_id"": ""ch9-f31"", ""chunk_id_legacy"": ""ch9"", ""parent_chunk_id"": null, ""fragment_type"": ""chapter"", ""level"": 1, ""chapter"": 9, ""hierarchy_path"": ""Ch9"", ""is_regulatory"": false, ""is_stub"": false, ""token_count"": 45, ""keywords"": [""professional"", ""dilution"", ""required"", ""all"", ""and"", ""input"", ""structural"", ""for"", ""require"", ""float""]}"
ch9-f32,ch9,9,1,chapter,Ch9,,"Note on originality. The chlorine chemistry in this chapter — dissociation behavior, chloramine speciation, the breakpoint concept, and product active-ingredient relationships — is standard published chemistry (S15), with product secondary-contribution ratios derived from molecular weights in Chapter 9 §9.10. Health rationales and disinfection concepts are drawn from the CDC model code (S5), CDC healthy swimming and pool chemical safety guidance (S17, S19), and WHO recreational water guidance (S18) at the level of concepts. The product comparison table in §12.4.1 and all product subsections are original to this manual, constructed from label-declared active ingredient ranges, the derivations in Chapter 9, and the compatibility principles in S13 and S19. All worked examples, demand calculations, decision structures, troubleshooting matrices, log formats, and directive language are original to this manual and are not reproduced or adapted from any commercial operator handbook, certification course text, or examination material.","Note on originality. The chlorine chemistry in this chapter — dissociation behavior, chloramine speciation, the breakpoint concept, and product active-ingredient relationships — is standard published chemistry (S15), with product secondary-contribution ratios derived from molecular weights in Chapter 9 §9.10. Health rationales and disinfection concepts are drawn from the CDC model code (S5), CDC healthy swimming and pool chemical safety guidance (S17, S19), and WHO recreational water guidance (S18) at the level of concepts. The product comparison table in §12.4.1 and all product subsections are original to this manual, constructed from label-declared active ingredient ranges, the derivations in Chapter 9, and the compatibility principles in S13 and S19. All worked examples, demand calculations, decision structures, troubleshooting matrices, log formats, and directive language are original to this manual and are not reproduced or adapted from any commercial operator handbook, certification course text, or examination material.",201,False,False,"[""ratios"", ""swimming"", ""cdc"", ""structures"", ""who"", ""all"", ""operator"", ""principles"", ""published"", ""breakpoint""]","{""chunk_id"": ""ch9-f32"", ""chunk_id_legacy"": ""ch9"", ""parent_chunk_id"": null, ""fragment_type"": ""chapter"", ""level"": 1, ""chapter"": 9, ""hierarchy_path"": ""Ch9"", ""is_regulatory"": false, ""is_stub"": false, ""token_count"": 201, ""keywords"": [""ratios"", ""swimming"", ""cdc"", ""structures"", ""who"", ""all"", ""operator"", ""principles"", ""published"", ""breakpoint""]}"
ch12-f02,ch12,12,1,chapter,Ch12,,End of Chapter 12.,End of Chapter 12.,6,False,True,"[""end"", ""chapter""]","{""chunk_id"": ""ch12-f02"", ""chunk_id_legacy"": ""ch12"", ""parent_chunk_id"": null, ""fragment_type"": ""chapter"", ""level"": 1, ""chapter"": 12, ""hierarchy_path"": ""Ch12"", ""is_regulatory"": false, ""is_stub"": true, ""token_count"": 6, ""keywords"": [""end"", ""chapter""]}"
ch13-f04,ch13,13,1,chapter,Ch13,,Chapter 13 — Cyanuric Acid (Stabilizer),Chapter 13 — Cyanuric Acid (Stabilizer),13,False,True,"[""acid"", ""cyanuric"", ""chapter"", ""stabilizer""]","{""chunk_id"": ""ch13-f04"", ""chunk_id_legacy"": ""ch13"", ""parent_chunk_id"": null, ""fragment_type"": ""chapter"", ""level"": 1, ""chapter"": 13, ""hierarchy_path"": ""Ch13"", ""is_regulatory"": false, ""is_stub"": true, ""token_count"": 13, ""keywords"": [""acid"", ""cyanuric"", ""chapter"", ""stabilizer""]}"
ch9-f33,ch9,9,1,chapter,Ch9,,"Operator Manual — Directive Reference Prerequisites: Chapter 9 (Chemical Dosage), Chapter 11 (Water Chemistry Parameters), Chapter 12 (Chlorine Disinfection). Chapter 28 covers contamination-incident response.","Operator Manual — Directive Reference Prerequisites: Chapter 9 (Chemical Dosage), Chapter 11 (Water Chemistry Parameters), Chapter 12 (Chlorine Disinfection). Chapter 28 covers contamination-incident response.",45,False,False,"[""dosage"", ""contamination"", ""prerequisites"", ""reference"", ""operator"", ""incident"", ""water"", ""chemistry"", ""directive"", ""disinfection""]","{""chunk_id"": ""ch9-f33"", ""chunk_id_legacy"": ""ch9"", ""parent_chunk_id"": null, ""fragment_type"": ""chapter"", ""level"": 1, ""chapter"": 9, ""hierarchy_path"": ""Ch9"", ""is_regulatory"": false, ""is_stub"": false, ""token_count"": 45, ""keywords"": [""dosage"", ""contamination"", ""prerequisites"", ""reference"", ""operator"", ""incident"", ""water"", ""chemistry"", ""directive"", ""disinfection""]}"
ch11-f07,ch11,11,1,chapter,Ch11,,"This parallels the pH problem in Chapter 11 §11.8.2, and the two effects stack: a vessel at pH 8.0 with 120 ppm cyanuric acid and a perfectly acceptable free chlorine reading is in poor shape, and nothing in the daily log will say so.","This parallels the pH problem in Chapter 11 §11.8.2, and the two effects stack: a vessel at pH 8.0 with 120 ppm cyanuric acid and a perfectly acceptable free chlorine reading is in poor shape, and nothing in the daily log will say so.",60,False,False,"[""vessel"", ""poor"", ""cyanuric"", ""ppm"", ""stack"", ""nothing"", ""effects"", ""will"", ""say"", ""and""]","{""chunk_id"": ""ch11-f07"", ""chunk_id_legacy"": ""ch11"", ""parent_chunk_id"": null, ""fragment_type"": ""chapter"", ""level"": 1, ""chapter"": 11, ""hierarchy_path"": ""Ch11"", ""is_regulatory"": false, ""is_stub"": false, ""token_count"": 60, ""keywords"": [""vessel"", ""poor"", ""cyanuric"", ""ppm"", ""stack"", ""nothing"", ""effects"", ""will"", ""say"", ""and""]}"
ch11-13-3-1-1,ch11-13-3-1-1,11,3,subsection,Ch11/Do never interpret a free chlorine reading without also knowing the current pH and the current cyanuric acid level. Those three numbers together describe your disinfection capacity. Any one alone describes very little.,,Do never interpret a free chlorine reading without also knowing the current pH and the current cyanuric acid level. Those three numbers together describe your disinfection capacity. Any one alone describes very little.,"Ultraviolet light in sunlight breaks down free chlorine — a photolytic reaction that destroys the residual regardless of bather load, water balance, or anything else the operator controls. In an unstabilized outdoor vessel under strong sun, a substantial portion of the residual can be lost within hours. On a clear summer day this can be the single largest component of chlorine demand, exceeding bather load and organic oxidation combined. [S17, S18] Chlorinated isocyanurates are markedly more resistant to this photolysis. Chlorine held in the cyanurate reservoir survives sunlight that would have destroyed it in the unbound state, and is released as needed.",134,False,False,"[""cyanuric"", ""your"", ""never"", ""knowing"", ""without"", ""describe"", ""current"", ""sunlight"", ""and"", ""also""]","{""chunk_id"": ""ch11-13-3-1-1"", ""chunk_id_legacy"": ""ch11-13-3-1-1"", ""parent_chunk_id"": null, ""fragment_type"": ""subsection"", ""level"": 3, ""chapter"": 11, ""hierarchy_path"": ""Ch11/Do never interpret a free chlorine reading without also knowing the current pH and the current cyanuric acid level. Those three numbers together describe your disinfection capacity. Any one alone describes very little."", ""is_regulatory"": false, ""is_stub"": false, ""token_count"": 134, ""keywords"": [""cyanuric"", ""your"", ""never"", ""knowing"", ""without"", ""describe"", ""current"", ""sunlight"", ""and"", ""also""]}"
ch12-f03,ch12,12,1,chapter,Ch12,,"Do quantify this for your own vessel using the demand calculation in Chapter 12 §12.5.2. The difference between a stabilized and unstabilized outdoor pool shows up directly in gallons or pounds of product consumed per day, and that is the number to take to management when justifying stabilizer.","Do quantify this for your own vessel using the demand calculation in Chapter 12 §12.5.2. The difference between a stabilized and unstabilized outdoor pool shows up directly in gallons or pounds of product consumed per day, and that is the number to take to management when justifying stabilizer.",61,False,False,"[""vessel"", ""calculation"", ""demand"", ""your"", ""unstabilized"", ""outdoor"", ""gallons"", ""quantify"", ""consumed"", ""and""]","{""chunk_id"": ""ch12-f03"", ""chunk_id_legacy"": ""ch12"", ""parent_chunk_id"": null, ""fragment_type"": ""chapter"", ""level"": 1, ""chapter"": 12, ""hierarchy_path"": ""Ch12"", ""is_regulatory"": false, ""is_stub"": false, ""token_count"": 61, ""keywords"": [""vessel"", ""calculation"", ""demand"", ""your"", ""unstabilized"", ""outdoor"", ""gallons"", ""quantify"", ""consumed"", ""and""]}"
ch12-f04,ch12,12,1,chapter,Ch12,,"Do target zero cyanuric acid in every indoor vessel, and select unstabilized chlorine products accordingly — calcium hypochlorite, sodium hypochlorite, or lithium hypochlorite. See Chapter 12 §12.4.","Do target zero cyanuric acid in every indoor vessel, and select unstabilized chlorine products accordingly — calcium hypochlorite, sodium hypochlorite, or lithium hypochlorite. See Chapter 12 §12.4.",49,False,False,"[""products"", ""cyanuric"", ""vessel"", ""lithium"", ""select"", ""unstabilized"", ""hypochlorite"", ""target"", ""calcium"", ""sodium""]","{""chunk_id"": ""ch12-f04"", ""chunk_id_legacy"": ""ch12"", ""parent_chunk_id"": null, ""fragment_type"": ""chapter"", ""level"": 1, ""chapter"": 12, ""hierarchy_path"": ""Ch12"", ""is_regulatory"": false, ""is_stub"": false, ""token_count"": 49, ""keywords"": [""products"", ""cyanuric"", ""vessel"", ""lithium"", ""select"", ""unstabilized"", ""hypochlorite"", ""target"", ""calcium"", ""sodium""]}"
ch11-f08,ch11,11,1,chapter,Ch11,,Chapter 11 §11.6.2 introduced the CT concept: inactivation requires a concentration multiplied by a contact time. Reducing the active hypochlorous acid concentration extends the time required to reach any given CT.,Chapter 11 §11.6.2 introduced the CT concept: inactivation requires a concentration multiplied by a contact time. Reducing the active hypochlorous acid concentration extends the time required to reach any given CT.,45,False,False,"[""introduced"", ""inactivation"", ""multiplied"", ""concentration"", ""required"", ""requires"", ""time"", ""reducing"", ""extends"", ""any""]","{""chunk_id"": ""ch11-f08"", ""chunk_id_legacy"": ""ch11"", ""parent_chunk_id"": null, ""fragment_type"": ""chapter"", ""level"": 1, ""chapter"": 11, ""hierarchy_path"": ""Ch11"", ""is_regulatory"": false, ""is_stub"": false, ""token_count"": 45, ""keywords"": [""introduced"", ""inactivation"", ""multiplied"", ""concentration"", ""required"", ""requires"", ""time"", ""reducing"", ""extends"", ""any""]}"
ch28-f04,ch28,28,1,chapter,Ch28,,Do grasp what this means for risk management: your cyanuric acid level today determines how quickly you can respond to a contamination incident tomorrow. A vessel sitting at 100 ppm has traded away its emergency response capability for convenience in routine feeding. See §13.11 and Chapter 28.,Do grasp what this means for risk management: your cyanuric acid level today determines how quickly you can respond to a contamination incident tomorrow. A vessel sitting at 100 ppm has traded away its emergency response capability for convenience in routine feeding. See §13.11 and Chapter 28.,58,False,False,"[""cyanuric"", ""vessel"", ""ppm"", ""capability"", ""your"", ""its"", ""convenience"", ""traded"", ""determines"", ""and""]","{""chunk_id"": ""ch28-f04"", ""chunk_id_legacy"": ""ch28"", ""parent_chunk_id"": null, ""fragment_type"": ""chapter"", ""level"": 1, ""chapter"": 28, ""hierarchy_path"": ""Ch28"", ""is_regulatory"": false, ""is_stub"": false, ""token_count"": 58, ""keywords"": [""cyanuric"", ""vessel"", ""ppm"", ""capability"", ""your"", ""its"", ""convenience"", ""traded"", ""determines"", ""and""]}"
ch9-f34,ch9,9,1,chapter,Ch9,,The cyanuric acid contributed per ppm of free chlorine delivered is a fixed mole ratio and is independent of vessel volume (Chapter 9 §9.10.1): dichlor contributes about 0.91 ppm CYA per ppm FC.,The cyanuric acid contributed per ppm of free chlorine delivered is a fixed mole ratio and is independent of vessel volume (Chapter 9 §9.10.1): dichlor contributes about 0.91 ppm CYA per ppm FC.,49,False,False,"[""cyanuric"", ""vessel"", ""ppm"", ""delivered"", ""fixed"", ""mole"", ""ratio"", ""and"", ""about"", ""free""]","{""chunk_id"": ""ch9-f34"", ""chunk_id_legacy"": ""ch9"", ""parent_chunk_id"": null, ""fragment_type"": ""chapter"", ""level"": 1, ""chapter"": 9, ""hierarchy_path"": ""Ch9"", ""is_regulatory"": false, ""is_stub"": false, ""token_count"": 49, ""keywords"": [""cyanuric"", ""vessel"", ""ppm"", ""delivered"", ""fixed"", ""mole"", ""ratio"", ""and"", ""about"", ""free""]}"
ch9-13-6-1,ch9-13-6-1,9,2,section,Ch9/13.6.1 The accumulation rate,ch9-f01,13.6.1 The accumulation rate,"A spa's chlorine demand, expressed in ppm per day, is very high — small volume, high temperature accelerating consumption, aeration stripping disinfectant, and an extreme bather-to-water ratio.",40,False,False,"[""accumulation"", ""the"", ""demand"", ""rate"", ""high"", ""chlorine""]","{""chunk_id"": ""ch9-13-6-1"", ""chunk_id_legacy"": ""ch9-13-6-1"", ""parent_chunk_id"": ""ch9-f01"", ""fragment_type"": ""section"", ""level"": 2, ""chapter"": 9, ""hierarchy_path"": ""Ch9/13.6.1 The accumulation rate"", ""is_regulatory"": false, ""is_stub"": false, ""token_count"": 40, ""keywords"": [""accumulation"", ""the"", ""demand"", ""rate"", ""high"", ""chlorine""]}"
ch9-f35,ch9,9,1,chapter,Ch9,,"Derived from molecular weights in Chapter 9 §9.10.1, and independent of product purity or vessel volume:","Derived from molecular weights in Chapter 9 §9.10.1, and independent of product purity or vessel volume:",24,False,False,"[""vessel"", ""derived"", ""purity"", ""molecular"", ""from"", ""and"", ""independent"", ""weights"", ""volume"", ""product""]","{""chunk_id"": ""ch9-f35"", ""chunk_id_legacy"": ""ch9"", ""parent_chunk_id"": null, ""fragment_type"": ""chapter"", ""level"": 1, ""chapter"": 9, ""hierarchy_path"": ""Ch9"", ""is_regulatory"": false, ""is_stub"": false, ""token_count"": 24, ""keywords"": [""vessel"", ""derived"", ""purity"", ""molecular"", ""from"", ""and"", ""independent"", ""weights"", ""volume"", ""product""]}"
ch9-13-8-2,ch9-13-8-2,9,2,section,Ch9/13.8.2 The accumulation ratios,ch9-f01,13.8.2 The accumulation ratios,TRICHLOR:  about 0.61 ppm CYA per 1 ppm FC delivered DICHLOR:   about 0.91 ppm CYA per 1 ppm FC delivered,39,False,False,"[""trichlor"", ""accumulation"", ""the"", ""ratios"", ""delivered"", ""about""]","{""chunk_id"": ""ch9-13-8-2"", ""chunk_id_legacy"": ""ch9-13-8-2"", ""parent_chunk_id"": ""ch9-f01"", ""fragment_type"": ""section"", ""level"": 2, ""chapter"": 9, ""hierarchy_path"": ""Ch9/13.8.2 The accumulation ratios"", ""is_regulatory"": false, ""is_stub"": false, ""token_count"": 39, ""keywords"": [""trichlor"", ""accumulation"", ""the"", ""ratios"", ""delivered"", ""about""]}"
ch12-f05,ch12,12,1,chapter,Ch12,,Do measure daily chlorine demand in ppm per day from consumption records (Chapter 12 §12.5.2).,Do measure daily chlorine demand in ppm per day from consumption records (Chapter 12 §12.5.2).,23,False,False,"[""records"", ""ppm"", ""demand"", ""consumption"", ""daily"", ""from"", ""day"", ""per"", ""measure"", ""chapter""]","{""chunk_id"": ""ch12-f05"", ""chunk_id_legacy"": ""ch12"", ""parent_chunk_id"": null, ""fragment_type"": ""chapter"", ""level"": 1, ""chapter"": 12, ""hierarchy_path"": ""Ch12"", ""is_regulatory"": false, ""is_stub"": false, ""token_count"": 23, ""keywords"": [""records"", ""ppm"", ""demand"", ""consumption"", ""daily"", ""from"", ""day"", ""per"", ""measure"", ""chapter""]}"
ch7-f25,ch7,7,1,chapter,Ch7,,"Vessel: outdoor pool, 48,400 gal (Chapter 7 §7.4.3). Current cyanuric acid: 40 ppm. Code maximum: 90 ppm. Measured demand: 3.5 ppm FC per day. Product: trichlor via erosion feeder.","Vessel: outdoor pool, 48,400 gal (Chapter 7 §7.4.3). Current cyanuric acid: 40 ppm. Code maximum: 90 ppm. Measured demand: 3.5 ppm FC per day. Product: trichlor via erosion feeder.",61,False,False,"[""vessel"", ""cyanuric"", ""ppm"", ""demand"", ""outdoor"", ""trichlor"", ""current"", ""day"", ""pool"", ""product""]","{""chunk_id"": ""ch7-f25"", ""chunk_id_legacy"": ""ch7"", ""parent_chunk_id"": null, ""fragment_type"": ""chapter"", ""level"": 1, ""chapter"": 7, ""hierarchy_path"": ""Ch7"", ""is_regulatory"": false, ""is_stub"": false, ""token_count"": 61, ""keywords"": [""vessel"", ""cyanuric"", ""ppm"", ""demand"", ""outdoor"", ""trichlor"", ""current"", ""day"", ""pool"", ""product""]}"
ch9-f36,ch9,9,1,chapter,Ch9,,Use Chapter 9 §9.15 for the calculation. Summary:,Use Chapter 9 §9.15 for the calculation. Summary:,14,False,True,"[""calculation"", ""the"", ""use"", ""for"", ""summary"", ""chapter""]","{""chunk_id"": ""ch9-f36"", ""chunk_id_legacy"": ""ch9"", ""parent_chunk_id"": null, ""fragment_type"": ""chapter"", ""level"": 1, ""chapter"": 9, ""hierarchy_path"": ""Ch9"", ""is_regulatory"": false, ""is_stub"": true, ""token_count"": 14, ""keywords"": [""calculation"", ""the"", ""use"", ""for"", ""summary"", ""chapter""]}"
ch9-f37,ch9,9,1,chapter,Ch9,,There is no routine chemical that removes cyanuric acid. Water replacement is the method. Chapter 9 §9.17 owns the general dilution math; this section applies it.,There is no routine chemical that removes cyanuric acid. Water replacement is the method. Chapter 9 §9.17 owns the general dilution math; this section applies it.,37,False,False,"[""cyanuric"", ""removes"", ""owns"", ""dilution"", ""applies"", ""routine"", ""there"", ""method"", ""this"", ""math""]","{""chunk_id"": ""ch9-f37"", ""chunk_id_legacy"": ""ch9"", ""parent_chunk_id"": null, ""fragment_type"": ""chapter"", ""level"": 1, ""chapter"": 9, ""hierarchy_path"": ""Ch9"", ""is_regulatory"": false, ""is_stub"": false, ""token_count"": 37, ""keywords"": [""cyanuric"", ""removes"", ""owns"", ""dilution"", ""applies"", ""routine"", ""there"", ""method"", ""this"", ""math""]}"
ch9-13-10-3-1,ch9-13-10-3-1,9,3,subsection,"Ch9/Same vessel, replacing 25% at a time.",,"Same vessel, replacing 25% at a time.","Target remaining fraction = 50 / 105 = 0.476 Stage 1:  0.75^1 = 0.750  ->  CYA = 105 x 0.750 = 79 ppm Stage 2:  0.75^2 = 0.563  ->  CYA = 105 x 0.563 = 59 ppm Stage 3:  0.75^3 = 0.422  ->  CYA = 105 x 0.422 = 44 ppm   TARGET MET Volume per stage = 0.25 x 48,400 = 12,100 gallons Total water used = 3 x 12,100 = 36,300 gallons",152,False,False,"[""vessel"", ""same"", ""stage"", ""time"", ""target"", ""replacing"", ""gallons""]","{""chunk_id"": ""ch9-13-10-3-1"", ""chunk_id_legacy"": ""ch9-13-10-3-1"", ""parent_chunk_id"": null, ""fragment_type"": ""subsection"", ""level"": 3, ""chapter"": 9, ""hierarchy_path"": ""Ch9/Same vessel, replacing 25% at a time."", ""is_regulatory"": false, ""is_stub"": false, ""token_count"": 152, ""keywords"": [""vessel"", ""same"", ""stage"", ""time"", ""target"", ""replacing"", ""gallons""]}"
ch8-f22,ch8,8,1,chapter,Ch8,,"Do verify by test after each stage rather than trusting the arithmetic — the calculation assumes perfect mixing, and Chapter 8 §8.8 explains why that assumption is imperfect.","Do verify by test after each stage rather than trusting the arithmetic — the calculation assumes perfect mixing, and Chapter 8 §8.8 explains why that assumption is imperfect.",34,False,False,"[""than"", ""calculation"", ""stage"", ""explains"", ""trusting"", ""and"", ""test"", ""arithmetic"", ""assumes"", ""why""]","{""chunk_id"": ""ch8-f22"", ""chunk_id_legacy"": ""ch8"", ""parent_chunk_id"": null, ""fragment_type"": ""chapter"", ""level"": 1, ""chapter"": 8, ""hierarchy_path"": ""Ch8"", ""is_regulatory"": false, ""is_stub"": false, ""token_count"": 34, ""keywords"": [""than"", ""calculation"", ""stage"", ""explains"", ""trusting"", ""and"", ""test"", ""arithmetic"", ""assumes"", ""why""]}"
ch9-f38,ch9,9,1,chapter,Ch9,,"Do work the additions in the Chapter 9 §9.18.1 order — alkalinity, pH, hardness, sanitizer — and do re-establish the disinfectant residual and verify it by test before the vessel reopens.","Do work the additions in the Chapter 9 §9.18.1 order — alkalinity, pH, hardness, sanitizer — and do re-establish the disinfectant residual and verify it by test before the vessel reopens.",46,False,False,"[""establish"", ""vessel"", ""order"", ""the"", ""and"", ""additions"", ""work"", ""sanitizer"", ""hardness"", ""test""]","{""chunk_id"": ""ch9-f38"", ""chunk_id_legacy"": ""ch9"", ""parent_chunk_id"": null, ""fragment_type"": ""chapter"", ""level"": 1, ""chapter"": 9, ""hierarchy_path"": ""Ch9"", ""is_regulatory"": false, ""is_stub"": false, ""token_count"": 46, ""keywords"": [""establish"", ""vessel"", ""order"", ""the"", ""and"", ""additions"", ""work"", ""sanitizer"", ""hardness"", ""test""]}"
ch10-f04,ch10,10,1,chapter,Ch10,,"Do check for a filter backwash-based option only after reading Chapter 10 §10.11.3, which shows that routine backwashing is not a practical dilution strategy for this purpose.","Do check for a filter backwash-based option only after reading Chapter 10 §10.11.3, which shows that routine backwashing is not a practical dilution strategy for this purpose.",39,False,False,"[""purpose"", ""dilution"", ""which"", ""based"", ""strategy"", ""backwash"", ""routine"", ""filter"", ""for"", ""after""]","{""chunk_id"": ""ch10-f04"", ""chunk_id_legacy"": ""ch10"", ""parent_chunk_id"": null, ""fragment_type"": ""chapter"", ""level"": 1, ""chapter"": 10, ""hierarchy_path"": ""Ch10"", ""is_regulatory"": false, ""is_stub"": false, ""token_count"": 39, ""keywords"": [""purpose"", ""dilution"", ""which"", ""based"", ""strategy"", ""backwash"", ""routine"", ""filter"", ""for"", ""after""]}"
ch12-f06,ch12,12,1,chapter,Ch12,,"Stop. Do not attempt to design a remediation protocol from this chapter or from Chapter 12. Go to Chapter 28, follow the code-specified procedure, and notify the health authority. [S5, S6, S17]","Stop. Do not attempt to design a remediation protocol from this chapter or from Chapter 12. Go to Chapter 28, follow the code-specified procedure, and notify the health authority. [S5, S6, S17]",49,False,False,"[""specified"", ""this"", ""the"", ""not"", ""remediation"", ""attempt"", ""from"", ""stop"", ""procedure"", ""and""]","{""chunk_id"": ""ch12-f06"", ""chunk_id_legacy"": ""ch12"", ""parent_chunk_id"": null, ""fragment_type"": ""chapter"", ""level"": 1, ""chapter"": 12, ""hierarchy_path"": ""Ch12"", ""is_regulatory"": false, ""is_stub"": false, ""token_count"": 49, ""keywords"": [""specified"", ""this"", ""the"", ""not"", ""remediation"", ""attempt"", ""from"", ""stop"", ""procedure"", ""and""]}"
ch28-f05,ch28,28,1,chapter,Ch28,,"A contamination incident occurs — follow Chapter 28, the code-specified protocol, and current published guidance, and notify the health authority. If cyanuric acid must be reduced before the protocol can proceed, that reduction is part of an incident response, not routine maintenance. [S5, S6, S17]","A contamination incident occurs — follow Chapter 28, the code-specified protocol, and current published guidance, and notify the health authority. If cyanuric acid must be reduced before the protocol can proceed, that reduction is part of an incident response, not routine maintenance. [S5, S6, S17]",64,False,False,"[""cyanuric"", ""reduced"", ""authority"", ""before"", ""current"", ""and"", ""proceed"", ""part"", ""published"", ""notify""]","{""chunk_id"": ""ch28-f05"", ""chunk_id_legacy"": ""ch28"", ""parent_chunk_id"": null, ""fragment_type"": ""chapter"", ""level"": 1, ""chapter"": 28, ""hierarchy_path"": ""Ch28"", ""is_regulatory"": false, ""is_stub"": false, ""token_count"": 64, ""keywords"": [""cyanuric"", ""reduced"", ""authority"", ""before"", ""current"", ""and"", ""proceed"", ""part"", ""published"", ""notify""]}"
ch9-f39,ch9,9,1,chapter,Ch9,,"Note on originality. The stabilizer chemistry, equilibrium behavior, analytical method basis, and accumulation ratios in this chapter are standard published chemistry (S15) with ratios derived from molecular weights in Chapter 9 §9.10.1. Regulatory limits, venue restrictions, and efficacy findings are drawn from the CDC model code (S5), CDC healthy swimming and disinfection guidance (S17), WHO guidance (S18), and the research literature as summarized in those sources (S21). All worked examples, projections, dilution stagings, product-strategy comparisons, tables, worksheets, troubleshooting matrices, and directive language in this chapter are original to this manual and are not reproduced or adapted from any commercial operator handbook, certification course text, or examination material.","Note on originality. The stabilizer chemistry, equilibrium behavior, analytical method basis, and accumulation ratios in this chapter are standard published chemistry (S15) with ratios derived from molecular weights in Chapter 9 §9.10.1. Regulatory limits, venue restrictions, and efficacy findings are drawn from the CDC model code (S5), CDC healthy swimming and disinfection guidance (S17), WHO guidance (S18), and the research literature as summarized in those sources (S21). All worked examples, projections, dilution stagings, product-strategy comparisons, tables, worksheets, troubleshooting matrices, and directive language in this chapter are original to this manual and are not reproduced or adapted from any commercial operator handbook, certification course text, or examination material.",152,False,False,"[""healthy"", ""examples"", ""accumulation"", ""adapted"", ""ratios"", ""matrices"", ""analytical"", ""equilibrium"", ""projections"", ""swimming""]","{""chunk_id"": ""ch9-f39"", ""chunk_id_legacy"": ""ch9"", ""parent_chunk_id"": null, ""fragment_type"": ""chapter"", ""level"": 1, ""chapter"": 9, ""hierarchy_path"": ""Ch9"", ""is_regulatory"": false, ""is_stub"": false, ""token_count"": 152, ""keywords"": [""healthy"", ""examples"", ""accumulation"", ""adapted"", ""ratios"", ""matrices"", ""analytical"", ""equilibrium"", ""projections"", ""swimming""]}"
ch13-f05,ch13,13,1,chapter,Ch13,,End of Chapter 13.,End of Chapter 13.,6,False,True,"[""end"", ""chapter""]","{""chunk_id"": ""ch13-f05"", ""chunk_id_legacy"": ""ch13"", ""parent_chunk_id"": null, ""fragment_type"": ""chapter"", ""level"": 1, ""chapter"": 13, ""hierarchy_path"": ""Ch13"", ""is_regulatory"": false, ""is_stub"": true, ""token_count"": 6, ""keywords"": [""end"", ""chapter""]}"
ch14-f01,ch14,14,1,chapter,Ch14,,"Chapter 14 — Bromine, Salt Systems, and Other Sanitizers","Chapter 14 — Bromine, Salt Systems, and Other Sanitizers",15,False,True,"[""systems"", ""sanitizers"", ""and"", ""salt"", ""bromine"", ""other"", ""chapter""]","{""chunk_id"": ""ch14-f01"", ""chunk_id_legacy"": ""ch14"", ""parent_chunk_id"": null, ""fragment_type"": ""chapter"", ""level"": 1, ""chapter"": 14, ""hierarchy_path"": ""Ch14"", ""is_regulatory"": false, ""is_stub"": true, ""token_count"": 15, ""keywords"": [""systems"", ""sanitizers"", ""and"", ""salt"", ""bromine"", ""other"", ""chapter""]}"
ch11-f09,ch11,11,1,chapter,Ch11,,"Operator Manual — Directive Reference Prerequisites: Chapter 11 (Water Chemistry Parameters), Chapter 12 (Chlorine Disinfection), Chapter 13 (Cyanuric Acid). Chapter 21 covers chemical safety and handling. Chapter 28 covers contamination-incident response.","Operator Manual — Directive Reference Prerequisites: Chapter 11 (Water Chemistry Parameters), Chapter 12 (Chlorine Disinfection), Chapter 13 (Cyanuric Acid). Chapter 21 covers chemical safety and handling. Chapter 28 covers contamination-incident response.",55,False,False,"[""safety"", ""cyanuric"", ""parameters"", ""response"", ""reference"", ""operator"", ""and"", ""manual"", ""contamination"", ""prerequisites""]","{""chunk_id"": ""ch11-f09"", ""chunk_id_legacy"": ""ch11"", ""parent_chunk_id"": null, ""fragment_type"": ""chapter"", ""level"": 1, ""chapter"": 11, ""hierarchy_path"": ""Ch11"", ""is_regulatory"": false, ""is_stub"": false, ""token_count"": 55, ""keywords"": [""safety"", ""cyanuric"", ""parameters"", ""response"", ""reference"", ""operator"", ""and"", ""manual"", ""contamination"", ""prerequisites""]}"
ch12-f07,ch12,12,1,chapter,Ch12,,"Bromine works the same way chlorine does — as a halogen that oxidizes and inactivates. In water it forms hypobromous acid (HOBr) and hypobromite ion (OBr⁻), exactly paralleling the HOCl/OCl⁻ pair in Chapter 12 §12.3.1.","Bromine works the same way chlorine does — as a halogen that oxidizes and inactivates. In water it forms hypobromous acid (HOBr) and hypobromite ion (OBr⁻), exactly paralleling the HOCl/OCl⁻ pair in Chapter 12 §12.3.1.",69,False,False,"[""pair"", ""ocl"", ""bromine"", ""paralleling"", ""halogen"", ""hypobromous"", ""forms"", ""ion"", ""and"", ""exactly""]","{""chunk_id"": ""ch12-f07"", ""chunk_id_legacy"": ""ch12"", ""parent_chunk_id"": null, ""fragment_type"": ""chapter"", ""level"": 1, ""chapter"": 12, ""hierarchy_path"": ""Ch12"", ""is_regulatory"": false, ""is_stub"": false, ""token_count"": 69, ""keywords"": [""pair"", ""ocl"", ""bromine"", ""paralleling"", ""halogen"", ""hypobromous"", ""forms"", ""ion"", ""and"", ""exactly""]}"
ch12-f08,ch12,12,1,chapter,Ch12,,"Difference 2 — bromamines still work. When chlorine reacts with nitrogen from bather waste it forms chloramines, which are weak disinfectants and active irritants (Chapter 12 §12.2.3). When bromine does the same it forms bromamines, which remain effective sanitizers. [S15, S17]","Difference 2 — bromamines still work. When chlorine reacts with nitrogen from bather waste it forms chloramines, which are weak disinfectants and active irritants (Chapter 12 §12.2.3). When bromine does the same it forms bromamines, which remain effective sanitizers. [S15, S17]",68,False,False,"[""bromine"", ""which"", ""forms"", ""chloramines"", ""remain"", ""sanitizers"", ""bromamines"", ""and"", ""effective"", ""nitrogen""]","{""chunk_id"": ""ch12-f08"", ""chunk_id_legacy"": ""ch12"", ""parent_chunk_id"": null, ""fragment_type"": ""chapter"", ""level"": 1, ""chapter"": 12, ""hierarchy_path"": ""Ch12"", ""is_regulatory"": false, ""is_stub"": false, ""token_count"": 68, ""keywords"": [""bromine"", ""which"", ""forms"", ""chloramines"", ""remain"", ""sanitizers"", ""bromamines"", ""and"", ""effective"", ""nitrogen""]}"
ch11-f10,ch11,11,1,chapter,Ch11,,"Do maintain pH within your code band even though bromine is less sensitive to it. pH still governs comfort, corrosion, scale, and the saturation balance (Chapter 11 §11.8.3). Bromine's pH tolerance is a margin of safety, not a licence to stop controlling pH.","Do maintain pH within your code band even though bromine is less sensitive to it. pH still governs comfort, corrosion, scale, and the saturation balance (Chapter 11 §11.8.3). Bromine's pH tolerance is a margin of safety, not a licence to stop controlling pH.",61,False,False,"[""though"", ""governs"", ""safety"", ""maintain"", ""even"", ""balance"", ""your"", ""controlling"", ""tolerance"", ""bromine""]","{""chunk_id"": ""ch11-f10"", ""chunk_id_legacy"": ""ch11"", ""parent_chunk_id"": null, ""fragment_type"": ""chapter"", ""level"": 1, ""chapter"": 11, ""hierarchy_path"": ""Ch11"", ""is_regulatory"": false, ""is_stub"": false, ""token_count"": 61, ""keywords"": [""though"", ""governs"", ""safety"", ""maintain"", ""even"", ""balance"", ""your"", ""controlling"", ""tolerance"", ""bromine""]}"
ch12-f09,ch12,12,1,chapter,Ch12,,"The generated hypochlorous acid is the same free chlorine described throughout Chapter 12. After it does its work, it reverts to chloride — and passes through the cell again.","The generated hypochlorous acid is the same free chlorine described throughout Chapter 12. After it does its work, it reverts to chloride — and passes through the cell again.",37,False,False,"[""throughout"", ""its"", ""cell"", ""chloride"", ""and"", ""after"", ""same"", ""free"", ""does"", ""work""]","{""chunk_id"": ""ch12-f09"", ""chunk_id_legacy"": ""ch12"", ""parent_chunk_id"": null, ""fragment_type"": ""chapter"", ""level"": 1, ""chapter"": 12, ""hierarchy_path"": ""Ch12"", ""is_regulatory"": false, ""is_stub"": false, ""token_count"": 37, ""keywords"": [""throughout"", ""its"", ""cell"", ""chloride"", ""and"", ""after"", ""same"", ""free"", ""does"", ""work""]}"
ch12-f10,ch12,12,1,chapter,Ch12,,"Everything in Chapter 12 applies without modification: the required free chlorine residual, the pH relationship, the combined chlorine problem, the breakpoint concept, the CT relationships, and every test and log. Marketing language around these systems routinely obscures this, and operators occasionally absorb the marketing. [S5, S6, S17]","Everything in Chapter 12 applies without modification: the required free chlorine residual, the pH relationship, the combined chlorine problem, the breakpoint concept, the CT relationships, and every test and log. Marketing language around these systems routinely obscures this, and operators occasionally absorb the marketing. [S5, S6, S17]",65,False,False,"[""systems"", ""marketing"", ""relationship"", ""occasionally"", ""applies"", ""without"", ""required"", ""everything"", ""and"", ""relationships""]","{""chunk_id"": ""ch12-f10"", ""chunk_id_legacy"": ""ch12"", ""parent_chunk_id"": null, ""fragment_type"": ""chapter"", ""level"": 1, ""chapter"": 12, ""hierarchy_path"": ""Ch12"", ""is_regulatory"": false, ""is_stub"": false, ""token_count"": 65, ""keywords"": [""systems"", ""marketing"", ""relationship"", ""occasionally"", ""applies"", ""without"", ""required"", ""everything"", ""and"", ""relationships""]}"
ch9-f40,ch9,9,1,chapter,Ch9,,"Do raise salt using the calculation in Chapter 9 §9.16 and the manufacturer's target. Do add with the generator off, brush to dissolve, circulate, and retest before re-enabling. Do remember that salinity comes down only by dilution.","Do raise salt using the calculation in Chapter 9 §9.16 and the manufacturer's target. Do add with the generator off, brush to dissolve, circulate, and retest before re-enabling. Do remember that salinity comes down only by dilution.",54,False,False,"[""calculation"", ""add"", ""dissolve"", ""target"", ""dilution"", ""before"", ""down"", ""generator"", ""and"", ""circulate""]","{""chunk_id"": ""ch9-f40"", ""chunk_id_legacy"": ""ch9"", ""parent_chunk_id"": null, ""fragment_type"": ""chapter"", ""level"": 1, ""chapter"": 9, ""hierarchy_path"": ""Ch9"", ""is_regulatory"": false, ""is_stub"": false, ""token_count"": 54, ""keywords"": [""calculation"", ""add"", ""dissolve"", ""target"", ""dilution"", ""before"", ""down"", ""generator"", ""and"", ""circulate""]}"
ch9-f41,ch9,9,1,chapter,Ch9,,"On the mechanism: the electrolysis reactions are, in net terms, close to pH-neutral — the acid generated at one electrode is roughly balanced by the base generated at the other. The upward drift observed in practice is attributed largely to carbon dioxide outgassing: gas evolution at the cell and general water agitation strip dissolved carbon dioxide, and losing carbon dioxide raises pH. This is the same mechanism as the deliberate aeration technique in Chapter 9 §9.12.4. [S15]","On the mechanism: the electrolysis reactions are, in net terms, close to pH-neutral — the acid generated at one electrode is roughly balanced by the base generated at the other. The upward drift observed in practice is attributed largely to carbon dioxide outgassing: gas evolution at the cell and general water agitation strip dissolved carbon dioxide, and losing carbon dioxide raises pH. This is the same mechanism as the deliberate aeration technique in Chapter 9 §9.12.4. [S15]",99,False,False,"[""outgassing"", ""roughly"", ""losing"", ""aeration"", ""reactions"", ""upward"", ""practice"", ""electrolysis"", ""dissolved"", ""cell""]","{""chunk_id"": ""ch9-f41"", ""chunk_id_legacy"": ""ch9"", ""parent_chunk_id"": null, ""fragment_type"": ""chapter"", ""level"": 1, ""chapter"": 9, ""hierarchy_path"": ""Ch9"", ""is_regulatory"": false, ""is_stub"": false, ""token_count"": 99, ""keywords"": [""outgassing"", ""roughly"", ""losing"", ""aeration"", ""reactions"", ""upward"", ""practice"", ""electrolysis"", ""dissolved"", ""cell""]}"
ch9-f42,ch9,9,1,chapter,Ch9,,Do use the acid-plus-aeration method in Chapter 9 §9.12.4 when alkalinity needs reducing.,Do use the acid-plus-aeration method in Chapter 9 §9.12.4 when alkalinity needs reducing.,24,False,False,"[""plus"", ""alkalinity"", ""the"", ""aeration"", ""acid"", ""when"", ""method"", ""use"", ""reducing"", ""needs""]","{""chunk_id"": ""ch9-f42"", ""chunk_id_legacy"": ""ch9"", ""parent_chunk_id"": null, ""fragment_type"": ""chapter"", ""level"": 1, ""chapter"": 9, ""hierarchy_path"": ""Ch9"", ""is_regulatory"": false, ""is_stub"": false, ""token_count"": 24, ""keywords"": [""plus"", ""alkalinity"", ""the"", ""aeration"", ""acid"", ""when"", ""method"", ""use"", ""reducing"", ""needs""]}"
ch13-f06,ch13,13,1,chapter,Ch13,,Chapter 13 is the authoritative treatment of cyanuric acid. Go there. This section states the specific tension that arises with generators and how to resolve it.,Chapter 13 is the authoritative treatment of cyanuric acid. Go there. This section states the specific tension that arises with generators and how to resolve it.,32,False,False,"[""cyanuric"", ""arises"", ""resolve"", ""treatment"", ""states"", ""and"", ""how"", ""there"", ""with"", ""specific""]","{""chunk_id"": ""ch13-f06"", ""chunk_id_legacy"": ""ch13"", ""parent_chunk_id"": null, ""fragment_type"": ""chapter"", ""level"": 1, ""chapter"": 13, ""hierarchy_path"": ""Ch13"", ""is_regulatory"": false, ""is_stub"": false, ""token_count"": 32, ""keywords"": [""cyanuric"", ""arises"", ""resolve"", ""treatment"", ""states"", ""and"", ""how"", ""there"", ""with"", ""specific""]}"
ch13-f07,ch13,13,1,chapter,Ch13,,"Generator output is a modest continuous rate, not a large reserve. Outdoors, ultraviolet loss can outrun that rate during peak sun (Chapter 13 §13.3.1).","Generator output is a modest continuous rate, not a large reserve. Outdoors, ultraviolet loss can outrun that rate during peak sun (Chapter 13 §13.3.1).",38,False,False,"[""sun"", ""generator"", ""peak"", ""modest"", ""not"", ""can"", ""output"", ""continuous"", ""loss"", ""during""]","{""chunk_id"": ""ch13-f07"", ""chunk_id_legacy"": ""ch13"", ""parent_chunk_id"": null, ""fragment_type"": ""chapter"", ""level"": 1, ""chapter"": 13, ""hierarchy_path"": ""Ch13"", ""is_regulatory"": false, ""is_stub"": false, ""token_count"": 38, ""keywords"": [""sun"", ""generator"", ""peak"", ""modest"", ""not"", ""can"", ""output"", ""continuous"", ""loss"", ""during""]}"
ch13-f08,ch13,13,1,chapter,Ch13,,Chapter 13 §13.4 establishes that higher cyanuric acid reduces disinfection rate at a given free chlorine reading and degrades contamination-response capability.,Chapter 13 §13.4 establishes that higher cyanuric acid reduces disinfection rate at a given free chlorine reading and degrades contamination-response capability.,31,False,False,"[""reduces"", ""cyanuric"", ""given"", ""establishes"", ""degrades"", ""free"", ""capability"", ""and"", ""higher"", ""reading""]","{""chunk_id"": ""ch13-f08"", ""chunk_id_legacy"": ""ch13"", ""parent_chunk_id"": null, ""fragment_type"": ""chapter"", ""level"": 1, ""chapter"": 13, ""hierarchy_path"": ""Ch13"", ""is_regulatory"": false, ""is_stub"": false, ""token_count"": 31, ""keywords"": [""reduces"", ""cyanuric"", ""given"", ""establishes"", ""degrades"", ""free"", ""capability"", ""and"", ""higher"", ""reading""]}"
ch13-f09,ch13,13,1,chapter,Ch13,,"Do meet your code's higher minimum free chlorine where cyanurates are present (Chapter 13 §13.4.2). This is the partial correction for reduced activity, and it applies to generator pools identically.","Do meet your code's higher minimum free chlorine where cyanurates are present (Chapter 13 §13.4.2). This is the partial correction for reduced activity, and it applies to generator pools identically.",44,False,False,"[""activity"", ""reduced"", ""your"", ""applies"", ""generator"", ""meet"", ""and"", ""cyanurates"", ""are"", ""for""]","{""chunk_id"": ""ch13-f09"", ""chunk_id_legacy"": ""ch13"", ""parent_chunk_id"": null, ""fragment_type"": ""chapter"", ""level"": 1, ""chapter"": 13, ""hierarchy_path"": ""Ch13"", ""is_regulatory"": false, ""is_stub"": false, ""token_count"": 44, ""keywords"": [""activity"", ""reduced"", ""your"", ""applies"", ""generator"", ""meet"", ""and"", ""cyanurates"", ""are"", ""for""]}"
ch13-f10,ch13,13,1,chapter,Ch13,,"Do target zero cyanuric acid on any indoor generator vessel. There is no ultraviolet loss to protect against, so the manufacturer's outdoor recommendation does not apply (Chapter 13 §13.3.3).","Do target zero cyanuric acid on any indoor generator vessel. There is no ultraviolet loss to protect against, so the manufacturer's outdoor recommendation does not apply (Chapter 13 §13.3.3).",43,False,False,"[""cyanuric"", ""vessel"", ""loss"", ""outdoor"", ""target"", ""generator"", ""there"", ""protect"", ""any"", ""manufacturer""]","{""chunk_id"": ""ch13-f10"", ""chunk_id_legacy"": ""ch13"", ""parent_chunk_id"": null, ""fragment_type"": ""chapter"", ""level"": 1, ""chapter"": 13, ""hierarchy_path"": ""Ch13"", ""is_regulatory"": false, ""is_stub"": false, ""token_count"": 43, ""keywords"": [""cyanuric"", ""vessel"", ""loss"", ""outdoor"", ""target"", ""generator"", ""there"", ""protect"", ""any"", ""manufacturer""]}"
ch12-f11,ch12,12,1,chapter,Ch12,,"Do keep an appropriate unstabilized chlorine product on site at all times for corrective dosing and incident response, and do confirm its storage, label compliance, and staff training. A generator facility with no chlorine product on hand cannot respond to an incident. Chapter 12 §12.6, §12.7; Chapter 28.","Do keep an appropriate unstabilized chlorine product on site at all times for corrective dosing and incident response, and do confirm its storage, label compliance, and staff training. A generator facility with no chlorine product on hand cannot respond to an incident. Chapter 12 §12.6, §12.7; Chapter 28.",67,False,False,"[""dosing"", ""unstabilized"", ""its"", ""site"", ""hand"", ""generator"", ""compliance"", ""all"", ""and"", ""staff""]","{""chunk_id"": ""ch12-f11"", ""chunk_id_legacy"": ""ch12"", ""parent_chunk_id"": null, ""fragment_type"": ""chapter"", ""level"": 1, ""chapter"": 12, ""hierarchy_path"": ""Ch12"", ""is_regulatory"": false, ""is_stub"": false, ""token_count"": 67, ""keywords"": [""dosing"", ""unstabilized"", ""its"", ""site"", ""hand"", ""generator"", ""compliance"", ""all"", ""and"", ""staff""]}"
ch21-f01,ch21,21,1,chapter,Ch21,,Chapter 21 is the authoritative treatment of chemical safety and handling. Go there before you handle acid. The points specific to cell cleaning:,Chapter 21 is the authoritative treatment of chemical safety and handling. Go there before you handle acid. The points specific to cell cleaning:,27,False,False,"[""safety"", ""cleaning"", ""chemical"", ""the"", ""and"", ""handle"", ""you"", ""there"", ""acid"", ""treatment""]","{""chunk_id"": ""ch21-f01"", ""chunk_id_legacy"": ""ch21"", ""parent_chunk_id"": null, ""fragment_type"": ""chapter"", ""level"": 1, ""chapter"": 21, ""hierarchy_path"": ""Ch21"", ""is_regulatory"": false, ""is_stub"": false, ""token_count"": 27, ""keywords"": [""safety"", ""cleaning"", ""chemical"", ""the"", ""and"", ""handle"", ""you"", ""there"", ""acid"", ""treatment""]}"
ch12-f12,ch12,12,1,chapter,Ch12,,"Briefly, and consistently with Chapter 12 §12.8.1: ozone and UV are supplemental treatment systems that act on water passing through the equipment. Neither provides a residual in the vessel, so neither replaces the required halogen residual. Both have their own design, installation, and safety requirements — ozone in particular is a hazardous gas requiring specific containment and monitoring — and both are subject to code acceptance.","Briefly, and consistently with Chapter 12 §12.8.1: ozone and UV are supplemental treatment systems that act on water passing through the equipment. Neither provides a residual in the vessel, so neither replaces the required halogen residual. Both have their own design, installation, and safety requirements — ozone in particular is a hazardous gas requiring specific containment and monitoring — and both are subject to code acceptance.",82,False,False,"[""systems"", ""safety"", ""vessel"", ""ozone"", ""briefly"", ""passing"", ""treatment"", ""halogen"", ""consistently"", ""required""]","{""chunk_id"": ""ch12-f12"", ""chunk_id_legacy"": ""ch12"", ""parent_chunk_id"": null, ""fragment_type"": ""chapter"", ""level"": 1, ""chapter"": 12, ""hierarchy_path"": ""Ch12"", ""is_regulatory"": false, ""is_stub"": false, ""token_count"": 82, ""keywords"": [""systems"", ""safety"", ""vessel"", ""ozone"", ""briefly"", ""passing"", ""treatment"", ""halogen"", ""consistently"", ""required""]}"
ch9-f43,ch9,9,1,chapter,Ch9,,"Do understand the consequence: returning to chlorine requires removing the bromide, and bromide is removed only by dilution. Use the Chapter 9 §9.17 formula with bromide as the target parameter, and expect a substantial water replacement — potentially staged as in Chapter 13 §13.10.3.","Do understand the consequence: returning to chlorine requires removing the bromide, and bromide is removed only by dilution. Use the Chapter 9 §9.17 formula with bromide as the target parameter, and expect a substantial water replacement — potentially staged as in Chapter 13 §13.10.3.",63,False,False,"[""parameter"", ""target"", ""formula"", ""dilution"", ""understand"", ""returning"", ""consequence"", ""removing"", ""requires"", ""and""]","{""chunk_id"": ""ch9-f43"", ""chunk_id_legacy"": ""ch9"", ""parent_chunk_id"": null, ""fragment_type"": ""chapter"", ""level"": 1, ""chapter"": 9, ""hierarchy_path"": ""Ch9"", ""is_regulatory"": false, ""is_stub"": false, ""token_count"": 63, ""keywords"": [""parameter"", ""target"", ""formula"", ""dilution"", ""understand"", ""returning"", ""consequence"", ""removing"", ""requires"", ""and""]}"
ch21-f02,ch21,21,1,chapter,Ch21,,"Any chemical injury, exposure, spill, unintended mixing, off-gassing, or container rupture occurs. Medical response and emergency services first; report per code. Chapter 21. [S13, S19]","Any chemical injury, exposure, spill, unintended mixing, off-gassing, or container rupture occurs. Medical response and emergency services first; report per code. Chapter 21. [S13, S19]",42,False,False,"[""container"", ""spill"", ""and"", ""injury"", ""any"", ""emergency"", ""report"", ""services"", ""exposure"", ""code""]","{""chunk_id"": ""ch21-f02"", ""chunk_id_legacy"": ""ch21"", ""parent_chunk_id"": null, ""fragment_type"": ""chapter"", ""level"": 1, ""chapter"": 21, ""hierarchy_path"": ""Ch21"", ""is_regulatory"": false, ""is_stub"": false, ""token_count"": 42, ""keywords"": [""container"", ""spill"", ""and"", ""injury"", ""any"", ""emergency"", ""report"", ""services"", ""exposure"", ""code""]}"
ch12-f13,ch12,12,1,chapter,Ch12,,The generator is undersized for measured demand. Equipment sizing is an engineering matter and may require plan review. Ch 12 §12.5.2.,The generator is undersized for measured demand. Equipment sizing is an engineering matter and may require plan review. Ch 12 §12.5.2.,31,False,False,"[""generator"", ""sizing"", ""the"", ""demand"", ""matter"", ""and"", ""engineering"", ""undersized"", ""equipment"", ""for""]","{""chunk_id"": ""ch12-f13"", ""chunk_id_legacy"": ""ch12"", ""parent_chunk_id"": null, ""fragment_type"": ""chapter"", ""level"": 1, ""chapter"": 12, ""hierarchy_path"": ""Ch12"", ""is_regulatory"": false, ""is_stub"": false, ""token_count"": 31, ""keywords"": [""generator"", ""sizing"", ""the"", ""demand"", ""matter"", ""and"", ""engineering"", ""undersized"", ""equipment"", ""for""]}"
ch9-f44,ch9,9,1,chapter,Ch9,,"A bromine-to-chlorine conversion requiring bromide removal by substantial dilution — draining raises structural, water table, liner float, and discharge permitting questions. Ch 9 §9.17.4, Ch 13 §13.10.5. [S6]","A bromine-to-chlorine conversion requiring bromide removal by substantial dilution — draining raises structural, water table, liner float, and discharge permitting questions. Ch 9 §9.17.4, Ch 13 §13.10.5. [S6]",56,False,False,"[""removal"", ""bromine"", ""questions"", ""dilution"", ""and"", ""bromide"", ""draining"", ""float"", ""discharge"", ""raises""]","{""chunk_id"": ""ch9-f44"", ""chunk_id_legacy"": ""ch9"", ""parent_chunk_id"": null, ""fragment_type"": ""chapter"", ""level"": 1, ""chapter"": 9, ""hierarchy_path"": ""Ch9"", ""is_regulatory"": false, ""is_stub"": false, ""token_count"": 56, ""keywords"": [""removal"", ""bromine"", ""questions"", ""dilution"", ""and"", ""bromide"", ""draining"", ""float"", ""discharge"", ""raises""]}"
ch28-f06,ch28,28,1,chapter,Ch28,,"A contamination incident occurs. Chapter 28, the code-specified protocol, and the health authority — and confirm what your code requires for a bromine vessel rather than assuming a chlorine protocol applies. [S5, S6, S17]","A contamination incident occurs. Chapter 28, the code-specified protocol, and the health authority — and confirm what your code requires for a bromine vessel rather than assuming a chlorine protocol applies. [S5, S6, S17]",49,False,False,"[""than"", ""vessel"", ""your"", ""bromine"", ""authority"", ""applies"", ""requires"", ""and"", ""protocol"", ""for""]","{""chunk_id"": ""ch28-f06"", ""chunk_id_legacy"": ""ch28"", ""parent_chunk_id"": null, ""fragment_type"": ""chapter"", ""level"": 1, ""chapter"": 28, ""hierarchy_path"": ""Ch28"", ""is_regulatory"": false, ""is_stub"": false, ""token_count"": 49, ""keywords"": [""than"", ""vessel"", ""your"", ""bromine"", ""authority"", ""applies"", ""requires"", ""and"", ""protocol"", ""for""]}"
ch12-f14,ch12,12,1,chapter,Ch12,,A salt generator is a chlorine system. Every requirement in Chapter 12 applies unchanged. It is not chlorine-free.,A salt generator is a chlorine system. Every requirement in Chapter 12 applies unchanged. It is not chlorine-free.,23,False,False,"[""system"", ""generator"", ""every"", ""not"", ""requirement"", ""free"", ""salt"", ""unchanged"", ""applies"", ""chapter""]","{""chunk_id"": ""ch12-f14"", ""chunk_id_legacy"": ""ch12"", ""parent_chunk_id"": null, ""fragment_type"": ""chapter"", ""level"": 1, ""chapter"": 12, ""hierarchy_path"": ""Ch12"", ""is_regulatory"": false, ""is_stub"": false, ""token_count"": 23, ""keywords"": [""system"", ""generator"", ""every"", ""not"", ""requirement"", ""free"", ""salt"", ""unchanged"", ""applies"", ""chapter""]}"
ch14-f02,ch14,14,1,chapter,Ch14,,End of Chapter 14.,End of Chapter 14.,6,False,True,"[""end"", ""chapter""]","{""chunk_id"": ""ch14-f02"", ""chunk_id_legacy"": ""ch14"", ""parent_chunk_id"": null, ""fragment_type"": ""chapter"", ""level"": 1, ""chapter"": 14, ""hierarchy_path"": ""Ch14"", ""is_regulatory"": false, ""is_stub"": true, ""token_count"": 6, ""keywords"": [""end"", ""chapter""]}"
ch15-f01,ch15,15,1,chapter,Ch15,,"Chapter 15 — Secondary Treatment (UV, Ozone)","Chapter 15 — Secondary Treatment (UV, Ozone)",12,False,True,"[""secondary"", ""ozone"", ""treatment"", ""chapter""]","{""chunk_id"": ""ch15-f01"", ""chunk_id_legacy"": ""ch15"", ""parent_chunk_id"": null, ""fragment_type"": ""chapter"", ""level"": 1, ""chapter"": 15, ""hierarchy_path"": ""Ch15"", ""is_regulatory"": false, ""is_stub"": true, ""token_count"": 12, ""keywords"": [""secondary"", ""ozone"", ""treatment"", ""chapter""]}"
ch8-f23,ch8,8,1,chapter,Ch8,,"Operator Manual — Directive Reference Prerequisites: Chapter 8 (Circulation), Chapter 11 (Water Chemistry Parameters), Chapter 12 (Chlorine Disinfection). Chapter 21 covers chemical safety. Chapter 28 covers contamination-incident response.","Operator Manual — Directive Reference Prerequisites: Chapter 8 (Circulation), Chapter 11 (Water Chemistry Parameters), Chapter 12 (Chlorine Disinfection). Chapter 21 covers chemical safety. Chapter 28 covers contamination-incident response.",51,False,False,"[""contamination"", ""safety"", ""circulation"", ""reference"", ""prerequisites"", ""operator"", ""incident"", ""water"", ""chemistry"", ""directive""]","{""chunk_id"": ""ch8-f23"", ""chunk_id_legacy"": ""ch8"", ""parent_chunk_id"": null, ""fragment_type"": ""chapter"", ""level"": 1, ""chapter"": 8, ""hierarchy_path"": ""Ch8"", ""is_regulatory"": false, ""is_stub"": false, ""token_count"": 51, ""keywords"": [""contamination"", ""safety"", ""circulation"", ""reference"", ""prerequisites"", ""operator"", ""incident"", ""water"", ""chemistry"", ""directive""]}"
ch11-f11,ch11,11,1,chapter,Ch11,,"Chapter 11 §11.6.2 established the arithmetic: Cryptosporidium requires an enormous CT — on the order of 15,300 ppm-minutes — for chlorine inactivation. At a normal 2 ppm residual that is roughly five days of continuous contact.","Chapter 11 §11.6.2 established the arithmetic: Cryptosporidium requires an enormous CT — on the order of 15,300 ppm-minutes — for chlorine inactivation. At a normal 2 ppm residual that is roughly five days of continuous contact.",56,False,False,"[""roughly"", ""ppm"", ""five"", ""inactivation"", ""days"", ""requires"", ""continuous"", ""arithmetic"", ""for"", ""order""]","{""chunk_id"": ""ch11-f11"", ""chunk_id_legacy"": ""ch11"", ""parent_chunk_id"": null, ""fragment_type"": ""chapter"", ""level"": 1, ""chapter"": 11, ""hierarchy_path"": ""Ch11"", ""is_regulatory"": false, ""is_stub"": false, ""token_count"": 56, ""keywords"": [""roughly"", ""ppm"", ""five"", ""inactivation"", ""days"", ""requires"", ""continuous"", ""arithmetic"", ""for"", ""order""]}"
ch8-f24,ch8,8,1,chapter,Ch8,,"Chapter 8 §8.8 established that after one complete turnover, roughly 37% of the original water has still not passed through the equipment. A contamination event at 10:00 a.m. is not ""handled"" by the UV unit by 10:05. Oocysts are progressively removed over multiple turnovers, and during that period bathers are in the water.","Chapter 8 §8.8 established that after one complete turnover, roughly 37% of the original water has still not passed through the equipment. A contamination event at 10:00 a.m. is not ""handled"" by the UV unit by 10:05. Oocysts are progressively removed over multiple turnovers, and during that period bathers are in the water.",77,False,False,"[""passed"", ""roughly"", ""turnovers"", ""bathers"", ""event"", ""and"", ""during"", ""equipment"", ""multiple"", ""are""]","{""chunk_id"": ""ch8-f24"", ""chunk_id_legacy"": ""ch8"", ""parent_chunk_id"": null, ""fragment_type"": ""chapter"", ""level"": 1, ""chapter"": 8, ""hierarchy_path"": ""Ch8"", ""is_regulatory"": false, ""is_stub"": false, ""token_count"": 77, ""keywords"": [""passed"", ""roughly"", ""turnovers"", ""bathers"", ""event"", ""and"", ""during"", ""equipment"", ""multiple"", ""are""]}"
ch8-f25,ch8,8,1,chapter,Ch8,,Water that circulates poorly reaches the equipment slowly or barely at all. Chapter 8 §8.8's directives on return fitting adjustment and multi-point testing apply with added force: poor hydraulics degrade secondary treatment exactly as they degrade chlorination.,Water that circulates poorly reaches the equipment slowly or barely at all. Chapter 8 §8.8's directives on return fitting adjustment and multi-point testing apply with added force: poor hydraulics degrade secondary treatment exactly as they degrade chlorination.,50,False,False,"[""poor"", ""point"", ""secondary"", ""testing"", ""circulates"", ""treatment"", ""adjustment"", ""added"", ""all"", ""and""]","{""chunk_id"": ""ch8-f25"", ""chunk_id_legacy"": ""ch8"", ""parent_chunk_id"": null, ""fragment_type"": ""chapter"", ""level"": 1, ""chapter"": 8, ""hierarchy_path"": ""Ch8"", ""is_regulatory"": false, ""is_stub"": false, ""token_count"": 50, ""keywords"": [""poor"", ""point"", ""secondary"", ""testing"", ""circulates"", ""treatment"", ""adjustment"", ""added"", ""all"", ""and""]}"
ch28-f07,ch28,28,1,chapter,Ch28,,Do respond to every fecal incident per the required protocol — Chapter 28 — regardless of whether secondary treatment is installed.,Do respond to every fecal incident per the required protocol — Chapter 28 — regardless of whether secondary treatment is installed.,24,False,False,"[""every"", ""required"", ""the"", ""secondary"", ""whether"", ""fecal"", ""regardless"", ""incident"", ""respond"", ""treatment""]","{""chunk_id"": ""ch28-f07"", ""chunk_id_legacy"": ""ch28"", ""parent_chunk_id"": null, ""fragment_type"": ""chapter"", ""level"": 1, ""chapter"": 28, ""hierarchy_path"": ""Ch28"", ""is_regulatory"": false, ""is_stub"": false, ""token_count"": 24, ""keywords"": [""every"", ""required"", ""the"", ""secondary"", ""whether"", ""fecal"", ""regardless"", ""incident"", ""respond"", ""treatment""]}"
ch12-f15,ch12,12,1,chapter,Ch12,,Do re-measure your daily chlorine demand in ppm/day (Chapter 12 §12.5.2) after commissioning and re-baseline it. Do verify feeder capacity against the new demand figure. Do not interpret the rise as a fault.,Do re-measure your daily chlorine demand in ppm/day (Chapter 12 §12.5.2) after commissioning and re-baseline it. Do verify feeder capacity against the new demand figure. Do not interpret the rise as a fault.,50,False,False,"[""ppm"", ""demand"", ""new"", ""your"", ""and"", ""fault"", ""day"", ""after"", ""capacity"", ""figure""]","{""chunk_id"": ""ch12-f15"", ""chunk_id_legacy"": ""ch12"", ""parent_chunk_id"": null, ""fragment_type"": ""chapter"", ""level"": 1, ""chapter"": 12, ""hierarchy_path"": ""Ch12"", ""is_regulatory"": false, ""is_stub"": false, ""token_count"": 50, ""keywords"": [""ppm"", ""demand"", ""new"", ""your"", ""and"", ""fault"", ""day"", ""after"", ""capacity"", ""figure""]}"
ch11-f12,ch11,11,1,chapter,Ch11,,"Do address the water chemistry driving the fouling. Scale on a UV sleeve has the same cause as scale on a heater: the saturation balance. Chapter 11 §11.9, §11.10, and the water balance chapter.","Do address the water chemistry driving the fouling. Scale on a UV sleeve has the same cause as scale on a heater: the saturation balance. Chapter 11 §11.9, §11.10, and the water balance chapter.",48,False,False,"[""sleeve"", ""fouling"", ""same"", ""the"", ""driving"", ""balance"", ""and"", ""address"", ""saturation"", ""chemistry""]","{""chunk_id"": ""ch11-f12"", ""chunk_id_legacy"": ""ch11"", ""parent_chunk_id"": null, ""fragment_type"": ""chapter"", ""level"": 1, ""chapter"": 11, ""hierarchy_path"": ""Ch11"", ""is_regulatory"": false, ""is_stub"": false, ""token_count"": 48, ""keywords"": [""sleeve"", ""fouling"", ""same"", ""the"", ""driving"", ""balance"", ""and"", ""address"", ""saturation"", ""chemistry""]}"
ch21-f03,ch21,21,1,chapter,Ch21,,"Do follow Chapter 21 for any chemical cleaning, and never improvise a cleaning solution or mix chemicals. [S13, S19]","Do follow Chapter 21 for any chemical cleaning, and never improvise a cleaning solution or mix chemicals. [S13, S19]",28,False,False,"[""improvise"", ""any"", ""cleaning"", ""chemical"", ""and"", ""never"", ""chemicals"", ""mix"", ""for"", ""solution""]","{""chunk_id"": ""ch21-f03"", ""chunk_id_legacy"": ""ch21"", ""parent_chunk_id"": null, ""fragment_type"": ""chapter"", ""level"": 1, ""chapter"": 21, ""hierarchy_path"": ""Ch21"", ""is_regulatory"": false, ""is_stub"": false, ""token_count"": 28, ""keywords"": [""improvise"", ""any"", ""cleaning"", ""chemical"", ""and"", ""never"", ""chemicals"", ""mix"", ""for"", ""solution""]}"
ch12-f16,ch12,12,1,chapter,Ch12,,Do re-baseline your daily chlorine demand (Chapter 12 §12.5.2) after commissioning. Do expect to reduce feeder output — and do verify the residual by test rather than assuming.,Do re-baseline your daily chlorine demand (Chapter 12 §12.5.2) after commissioning. Do expect to reduce feeder output — and do verify the residual by test rather than assuming.,41,False,False,"[""than"", ""demand"", ""output"", ""your"", ""and"", ""test"", ""after"", ""daily"", ""reduce"", ""expect""]","{""chunk_id"": ""ch12-f16"", ""chunk_id_legacy"": ""ch12"", ""parent_chunk_id"": null, ""fragment_type"": ""chapter"", ""level"": 1, ""chapter"": 12, ""hierarchy_path"": ""Ch12"", ""is_regulatory"": false, ""is_stub"": false, ""token_count"": 41, ""keywords"": [""than"", ""demand"", ""output"", ""your"", ""and"", ""test"", ""after"", ""daily"", ""reduce"", ""expect""]}"
ch8-f26,ch8,8,1,chapter,Ch8,,Do log flow daily and confirm it remains within the validated range — not merely within the code turnover requirement. Those are different constraints. Chapter 8 §8.13.,Do log flow daily and confirm it remains within the validated range — not merely within the code turnover requirement. Those are different constraints. Chapter 8 §8.13.,34,False,False,"[""range"", ""flow"", ""within"", ""constraints"", ""and"", ""are"", ""different"", ""daily"", ""merely"", ""code""]","{""chunk_id"": ""ch8-f26"", ""chunk_id_legacy"": ""ch8"", ""parent_chunk_id"": null, ""fragment_type"": ""chapter"", ""level"": 1, ""chapter"": 8, ""hierarchy_path"": ""Ch8"", ""is_regulatory"": false, ""is_stub"": false, ""token_count"": 34, ""keywords"": [""range"", ""flow"", ""within"", ""constraints"", ""and"", ""are"", ""different"", ""daily"", ""merely"", ""code""]}"
ch28-f08,ch28,28,1,chapter,Ch28,,"A contamination incident occurs. Chapter 28, the code-specified protocol, and the health authority. Secondary treatment does not replace the protocol. [S5, S6, S17]","A contamination incident occurs. Chapter 28, the code-specified protocol, and the health authority. Secondary treatment does not replace the protocol. [S5, S6, S17]",38,False,False,"[""specified"", ""not"", ""the"", ""secondary"", ""does"", ""replace"", ""and"", ""health"", ""incident"", ""code""]","{""chunk_id"": ""ch28-f08"", ""chunk_id_legacy"": ""ch28"", ""parent_chunk_id"": null, ""fragment_type"": ""chapter"", ""level"": 1, ""chapter"": 28, ""hierarchy_path"": ""Ch28"", ""is_regulatory"": false, ""is_stub"": false, ""token_count"": 38, ""keywords"": [""specified"", ""not"", ""the"", ""secondary"", ""does"", ""replace"", ""and"", ""health"", ""incident"", ""code""]}"
ch28-f09,ch28,28,1,chapter,Ch28,,Contamination-incident protocols still apply in full. Chapter 28.,Contamination-incident protocols still apply in full. Chapter 28.,14,False,True,"[""contamination"", ""still"", ""full"", ""incident"", ""apply"", ""protocols"", ""chapter""]","{""chunk_id"": ""ch28-f09"", ""chunk_id_legacy"": ""ch28"", ""parent_chunk_id"": null, ""fragment_type"": ""chapter"", ""level"": 1, ""chapter"": 28, ""hierarchy_path"": ""Ch28"", ""is_regulatory"": false, ""is_stub"": true, ""token_count"": 14, ""keywords"": [""contamination"", ""still"", ""full"", ""incident"", ""apply"", ""protocols"", ""chapter""]}"
ch15-f02,ch15,15,1,chapter,Ch15,,End of Chapter 15.,End of Chapter 15.,6,False,True,"[""end"", ""chapter""]","{""chunk_id"": ""ch15-f02"", ""chunk_id_legacy"": ""ch15"", ""parent_chunk_id"": null, ""fragment_type"": ""chapter"", ""level"": 1, ""chapter"": 15, ""hierarchy_path"": ""Ch15"", ""is_regulatory"": false, ""is_stub"": true, ""token_count"": 6, ""keywords"": [""end"", ""chapter""]}"
ch16-f01,ch16,16,1,chapter,Ch16,,Chapter 16 — Water Balance and Saturation Index,Chapter 16 — Water Balance and Saturation Index,10,False,True,"[""balance"", ""and"", ""saturation"", ""water"", ""index"", ""chapter""]","{""chunk_id"": ""ch16-f01"", ""chunk_id_legacy"": ""ch16"", ""parent_chunk_id"": null, ""fragment_type"": ""chapter"", ""level"": 1, ""chapter"": 16, ""hierarchy_path"": ""Ch16"", ""is_regulatory"": false, ""is_stub"": true, ""token_count"": 10, ""keywords"": [""balance"", ""and"", ""saturation"", ""water"", ""index"", ""chapter""]}"
ch9-f45,ch9,9,1,chapter,Ch9,,"Operator Manual — Directive Reference Prerequisites: Chapter 9 (Chemical Dosage), Chapter 11 (Water Chemistry Parameters). This chapter is the authoritative treatment of the saturation index within this manual; Chapters 9, 10, 11, 13, 14, and 15 refer here.","Operator Manual — Directive Reference Prerequisites: Chapter 9 (Chemical Dosage), Chapter 11 (Water Chemistry Parameters). This chapter is the authoritative treatment of the saturation index within this manual; Chapters 9, 10, 11, 13, 14, and 15 refer here.",61,False,False,"[""treatment"", ""within"", ""parameters"", ""chapters"", ""dosage"", ""reference"", ""operator"", ""and"", ""saturation"", ""manual""]","{""chunk_id"": ""ch9-f45"", ""chunk_id_legacy"": ""ch9"", ""parent_chunk_id"": null, ""fragment_type"": ""chapter"", ""level"": 1, ""chapter"": 9, ""hierarchy_path"": ""Ch9"", ""is_regulatory"": false, ""is_stub"": false, ""token_count"": 61, ""keywords"": [""treatment"", ""within"", ""parameters"", ""chapters"", ""dosage"", ""reference"", ""operator"", ""and"", ""saturation"", ""manual""]}"
ch11-f13,ch11,11,1,chapter,Ch11,,Chapter 11 taught you to hold eight parameters in range. This chapter answers a different question:,Chapter 11 taught you to hold eight parameters in range. This chapter answers a different question:,19,False,False,"[""this"", ""eight"", ""range"", ""answers"", ""you"", ""hold"", ""parameters"", ""taught"", ""question"", ""different""]","{""chunk_id"": ""ch11-f13"", ""chunk_id_legacy"": ""ch11"", ""parent_chunk_id"": null, ""fragment_type"": ""chapter"", ""level"": 1, ""chapter"": 11, ""hierarchy_path"": ""Ch11"", ""is_regulatory"": false, ""is_stub"": false, ""token_count"": 19, ""keywords"": [""this"", ""eight"", ""range"", ""answers"", ""you"", ""hold"", ""parameters"", ""taught"", ""question"", ""different""]}"
ch11-f14,ch11,11,1,chapter,Ch11,,A saturation index combines exactly five measured quantities. Chapter 11 covers each individually; this section states what each contributes here.,A saturation index combines exactly five measured quantities. Chapter 11 covers each individually; this section states what each contributes here.,24,False,False,"[""individually"", ""quantities"", ""this"", ""exactly"", ""five"", ""contributes"", ""states"", ""here"", ""measured"", ""saturation""]","{""chunk_id"": ""ch11-f14"", ""chunk_id_legacy"": ""ch11"", ""parent_chunk_id"": null, ""fragment_type"": ""chapter"", ""level"": 1, ""chapter"": 11, ""hierarchy_path"": ""Ch11"", ""is_regulatory"": false, ""is_stub"": false, ""token_count"": 24, ""keywords"": [""individually"", ""quantities"", ""this"", ""exactly"", ""five"", ""contributes"", ""states"", ""here"", ""measured"", ""saturation""]}"
ch11-f15,ch11,11,1,chapter,Ch11,,"Stop. Where cyanuric acid is present, the measured total alkalinity overstates the carbonate buffer that actually participates in the calcium carbonate equilibrium. Chapter 11 §11.9.3 owns the correction:","Stop. Where cyanuric acid is present, the measured total alkalinity overstates the carbonate buffer that actually participates in the calcium carbonate equilibrium. Chapter 11 §11.9.3 owns the correction:",42,False,False,"[""cyanuric"", ""actually"", ""equilibrium"", ""owns"", ""overstates"", ""calcium"", ""total"", ""alkalinity"", ""buffer"", ""carbonate""]","{""chunk_id"": ""ch11-f15"", ""chunk_id_legacy"": ""ch11"", ""parent_chunk_id"": null, ""fragment_type"": ""chapter"", ""level"": 1, ""chapter"": 11, ""hierarchy_path"": ""Ch11"", ""is_regulatory"": false, ""is_stub"": false, ""token_count"": 42, ""keywords"": [""cyanuric"", ""actually"", ""equilibrium"", ""owns"", ""overstates"", ""calcium"", ""total"", ""alkalinity"", ""buffer"", ""carbonate""]}"
ch11-f16,ch11,11,1,chapter,Ch11,,"Do confirm your test kit measures calcium hardness. Total hardness includes magnesium, which does not participate in this equilibrium the same way. The two tests are not interchangeable, and using a total hardness figure overstates the index. Chapter 11 §11.10.1.","Do confirm your test kit measures calcium hardness. Total hardness includes magnesium, which does not participate in this equilibrium the same way. The two tests are not interchangeable, and using a total hardness figure overstates the index. Chapter 11 §11.10.1.",53,False,False,"[""equilibrium"", ""your"", ""overstates"", ""calcium"", ""which"", ""includes"", ""total"", ""and"", ""hardness"", ""test""]","{""chunk_id"": ""ch11-f16"", ""chunk_id_legacy"": ""ch11"", ""parent_chunk_id"": null, ""fragment_type"": ""chapter"", ""level"": 1, ""chapter"": 11, ""hierarchy_path"": ""Ch11"", ""is_regulatory"": false, ""is_stub"": false, ""token_count"": 53, ""keywords"": [""equilibrium"", ""your"", ""overstates"", ""calcium"", ""which"", ""includes"", ""total"", ""and"", ""hardness"", ""test""]}"
ch11-16-5-1-1,ch11-16-5-1-1,11,3,subsection,"Ch11/Do collect one sample and test all five parameters from it, at one time, and record the time. An index assembled from a pH reading taken this morning and a temperature from yesterday is not describing any water that ever existed.",,"Do collect one sample and test all five parameters from it, at one time, and record the time. An index assembled from a pH reading taken this morning and a temperature from yesterday is not describing any water that ever existed.","The classic formulation compares actual pH to the pH at saturation: LSI  =  pH (actual)  -  pHs (pH at calcium carbonate saturation) The published simplified expression for the saturation pH, from the classic public engineering literature, is: [S24] pHs = (9.3 + A + B) - (C + D) where A = ( log10(TDS in ppm) - 1 ) / 10 B = -13.12 x log10( degrees C + 273 ) + 34.55 C = log10( calcium hardness as CaCO3, ppm ) - 0.4 D = log10( corrected total alkalinity as CaCO3, ppm )",148,False,False,"[""five"", ""record"", ""parameters"", ""collect"", ""assembled"", ""classic"", ""morning"", ""taken"", ""all"", ""and""]","{""chunk_id"": ""ch11-16-5-1-1"", ""chunk_id_legacy"": ""ch11-16-5-1-1"", ""parent_chunk_id"": null, ""fragment_type"": ""subsection"", ""level"": 3, ""chapter"": 11, ""hierarchy_path"": ""Ch11/Do collect one sample and test all five parameters from it, at one time, and record the time. An index assembled from a pH reading taken this morning and a temperature from yesterday is not describing any water that ever existed."", ""is_regulatory"": false, ""is_stub"": false, ""token_count"": 148, ""keywords"": [""five"", ""record"", ""parameters"", ""collect"", ""assembled"", ""classic"", ""morning"", ""taken"", ""all"", ""and""]}"
ch11-16-5-2-1,ch11-16-5-2-1,11,3,subsection,Ch11/Substituting and rearranging gives a single expression an operator can compute directly. This is the form to use:,,Substituting and rearranging gives a single expression an operator can compute directly. This is the form to use:,"(log10(TDS) - 1) LSI = pH + log10(CH) + log10(TA_corr) + 13.12 x log10(K) -  ---------------- - 44.25 10 where  K = water temperature in degrees C + 273 CH = calcium hardness, ppm as CaCO3 TA_corr = corrected total alkalinity, ppm as CaCO3  (section 16.4.1) TDS = total dissolved solids, ppm To convert Fahrenheit to Celsius: °C = (°F − 32) ÷ 1.8",121,False,False,"[""total"", ""this"", ""expression"", ""can"", ""the"", ""operator"", ""and"", ""directly"", ""substituting"", ""rearranging""]","{""chunk_id"": ""ch11-16-5-2-1"", ""chunk_id_legacy"": ""ch11-16-5-2-1"", ""parent_chunk_id"": null, ""fragment_type"": ""subsection"", ""level"": 3, ""chapter"": 11, ""hierarchy_path"": ""Ch11/Substituting and rearranging gives a single expression an operator can compute directly. This is the form to use:"", ""is_regulatory"": false, ""is_stub"": false, ""token_count"": 121, ""keywords"": [""total"", ""this"", ""expression"", ""can"", ""the"", ""operator"", ""and"", ""directly"", ""substituting"", ""rearranging""]}"
ch11-16-5-3,ch11-16-5-3,11,2,section,"Ch11/16.5.3 The factor form — same equation, less arithmetic",ch11-f01,"16.5.3 The factor form — same equation, less arithmetic",Splitting the equation into four look-up factors gives the familiar working form: LSI = pH + CF + AF + TF - TDSF CF   (calcium factor)      = log10(CH) - 0.4 AF   (alkalinity factor)   = log10(TA_corr) TF   (temperature factor)  = 13.12 x log10(degrees C + 273) - 34.55 TDSF (TDS factor)          = 9.3 + ( log10(TDS) - 1 ) / 10,118,False,False,"[""splitting"", ""same"", ""equation"", ""the"", ""tdsf"", ""arithmetic"", ""less"", ""form"", ""factor""]","{""chunk_id"": ""ch11-16-5-3"", ""chunk_id_legacy"": ""ch11-16-5-3"", ""parent_chunk_id"": ""ch11-f01"", ""fragment_type"": ""section"", ""level"": 2, ""chapter"": 11, ""hierarchy_path"": ""Ch11/16.5.3 The factor form — same equation, less arithmetic"", ""is_regulatory"": false, ""is_stub"": false, ""token_count"": 118, ""keywords"": [""splitting"", ""same"", ""equation"", ""the"", ""tdsf"", ""arithmetic"", ""less"", ""form"", ""factor""]}"
ch11-16-7-1-1,ch11-16-7-1-1,11,3,subsection,Ch11/Direct-equation check:,,Direct-equation check:,degrees C = (82 - 32) / 1.8 = 27.78     K = 300.78 LSI = 7.5 + log(250) + log(100) + 13.12 x log(300.78) - (log(1000)-1)/10 - 44.25 = 7.5 + 2.3979 + 2.0000 + 32.5146 - 0.2000 - 44.25 = -0.038,109,False,False,"[""degrees"", ""direct"", ""equation"", ""check""]","{""chunk_id"": ""ch11-16-7-1-1"", ""chunk_id_legacy"": ""ch11-16-7-1-1"", ""parent_chunk_id"": null, ""fragment_type"": ""subsection"", ""level"": 3, ""chapter"": 11, ""hierarchy_path"": ""Ch11/Direct-equation check:"", ""is_regulatory"": false, ""is_stub"": false, ""token_count"": 109, ""keywords"": [""degrees"", ""direct"", ""equation"", ""check""]}"
ch9-f46,ch9,9,1,chapter,Ch9,,"Do reach for pH first. It has the highest sensitivity, the fastest response, the lowest cost, and Chapter 9 §9.13 gives the method. Most index corrections are pH corrections.","Do reach for pH first. It has the highest sensitivity, the fastest response, the lowest cost, and Chapter 9 §9.13 gives the method. Most index corrections are pH corrections.",39,False,False,"[""fastest"", ""gives"", ""highest"", ""and"", ""are"", ""method"", ""for"", ""reach"", ""most"", ""sensitivity""]","{""chunk_id"": ""ch9-f46"", ""chunk_id_legacy"": ""ch9"", ""parent_chunk_id"": null, ""fragment_type"": ""chapter"", ""level"": 1, ""chapter"": 9, ""hierarchy_path"": ""Ch9"", ""is_regulatory"": false, ""is_stub"": false, ""token_count"": 39, ""keywords"": [""fastest"", ""gives"", ""highest"", ""and"", ""are"", ""method"", ""for"", ""reach"", ""most"", ""sensitivity""]}"
ch9-f47,ch9,9,1,chapter,Ch9,,"Do reach for alkalinity second. It offers nearly as much range, it is calculable (Chapter 9 §9.12), and adjusting it also improves pH stability.","Do reach for alkalinity second. It offers nearly as much range, it is calculable (Chapter 9 §9.12), and adjusting it also improves pH stability.",35,False,False,"[""offers"", ""adjusting"", ""range"", ""and"", ""reach"", ""much"", ""improves"", ""second"", ""also"", ""chapter""]","{""chunk_id"": ""ch9-f47"", ""chunk_id_legacy"": ""ch9"", ""parent_chunk_id"": null, ""fragment_type"": ""chapter"", ""level"": 1, ""chapter"": 9, ""hierarchy_path"": ""Ch9"", ""is_regulatory"": false, ""is_stub"": false, ""token_count"": 35, ""keywords"": [""offers"", ""adjusting"", ""range"", ""and"", ""reach"", ""much"", ""improves"", ""second"", ""also"", ""chapter""]}"
ch9-f48,ch9,9,1,chapter,Ch9,,"Do treat calcium hardness as a slow, semi-permanent setting, not a control lever. Raising it is easy (Chapter 9 §9.14); lowering it requires dilution (Chapter 9 §9.17) and cannot be done quickly. Set it once for your surface type and fill water, then leave it.","Do treat calcium hardness as a slow, semi-permanent setting, not a control lever. Raising it is easy (Chapter 9 §9.14); lowering it requires dilution (Chapter 9 §9.17) and cannot be done quickly. Set it once for your surface type and fill water, then leave it.",67,False,False,"[""your"", ""control"", ""leave"", ""calcium"", ""semi"", ""treat"", ""permanent"", ""lowering"", ""dilution"", ""setting""]","{""chunk_id"": ""ch9-f48"", ""chunk_id_legacy"": ""ch9"", ""parent_chunk_id"": null, ""fragment_type"": ""chapter"", ""level"": 1, ""chapter"": 9, ""hierarchy_path"": ""Ch9"", ""is_regulatory"": false, ""is_stub"": false, ""token_count"": 67, ""keywords"": [""your"", ""control"", ""leave"", ""calcium"", ""semi"", ""treat"", ""permanent"", ""lowering"", ""dilution"", ""setting""]}"
ch11-f17,ch11,11,1,chapter,Ch11,,"Do not use temperature as a balance lever. It is set by bather comfort, therapeutic requirement, and code limits — and in a spa it is a safety parameter (Chapter 11 §11.13).","Do not use temperature as a balance lever. It is set by bather comfort, therapeutic requirement, and code limits — and in a spa it is a safety parameter (Chapter 11 §11.13).",42,False,False,"[""safety"", ""spa"", ""bather"", ""not"", ""requirement"", ""parameter"", ""lever"", ""balance"", ""and"", ""use""]","{""chunk_id"": ""ch11-f17"", ""chunk_id_legacy"": ""ch11"", ""parent_chunk_id"": null, ""fragment_type"": ""chapter"", ""level"": 1, ""chapter"": 11, ""hierarchy_path"": ""Ch11"", ""is_regulatory"": false, ""is_stub"": false, ""token_count"": 42, ""keywords"": [""safety"", ""spa"", ""bather"", ""not"", ""requirement"", ""parameter"", ""lever"", ""balance"", ""and"", ""use""]}"
ch11-f18,ch11,11,1,chapter,Ch11,,"Do ignore TDS as a lever entirely. You cannot move it meaningfully, and it barely matters. Manage it for the reasons in Chapter 11 §11.12, not for the index.","Do ignore TDS as a lever entirely. You cannot move it meaningfully, and it barely matters. Manage it for the reasons in Chapter 11 §11.12, not for the index.",40,False,False,"[""not"", ""the"", ""manage"", ""lever"", ""and"", ""reasons"", ""you"", ""matters"", ""entirely"", ""meaningfully""]","{""chunk_id"": ""ch11-f18"", ""chunk_id_legacy"": ""ch11"", ""parent_chunk_id"": null, ""fragment_type"": ""chapter"", ""level"": 1, ""chapter"": 11, ""hierarchy_path"": ""Ch11"", ""is_regulatory"": false, ""is_stub"": false, ""token_count"": 40, ""keywords"": [""not"", ""the"", ""manage"", ""lever"", ""and"", ""reasons"", ""you"", ""matters"", ""entirely"", ""meaningfully""]}"
ch11-16-10-1,ch11-16-10-1,11,2,section,Ch11/16.10.1 The starting point,ch11-f01,16.10.1 The starting point,"pH 7.8 · corrected TA 140 · CH 450 · 102 F · TDS 1,800     LSI = +0.84 Target: LSI in the balanced band, ideally near 0.0 to +0.1 Reduction needed: about 0.75 to 0.85",66,False,False,"[""corrected"", ""the"", ""point"", ""starting"", ""target"", ""balanced""]","{""chunk_id"": ""ch11-16-10-1"", ""chunk_id_legacy"": ""ch11-16-10-1"", ""parent_chunk_id"": ""ch11-f01"", ""fragment_type"": ""section"", ""level"": 2, ""chapter"": 11, ""hierarchy_path"": ""Ch11/16.10.1 The starting point"", ""is_regulatory"": false, ""is_stub"": false, ""token_count"": 66, ""keywords"": [""corrected"", ""the"", ""point"", ""starting"", ""target"", ""balanced""]}"
ch11-16-10-3,ch11-16-10-3,11,2,section,Ch11/16.10.3 The plan and its verification,ch11-f01,16.10.3 The plan and its verification,"Combining the three usable levers: pH 7.5 · corrected TA 90 · CH 300 · 102 F · TDS 1,800 pH                                    7.500 CF   (CH 300)                        +2.077 AF   (TA 90)                         +1.954 TF   (102 F)                          -1.829 TDSF (TDS 1800)                       -9.526 -------- LSI                                  +0.176   ->  +0.18",104,False,False,"[""combining"", ""usable"", ""the"", ""and"", ""verification"", ""its"", ""plan"", ""three""]","{""chunk_id"": ""ch11-16-10-3"", ""chunk_id_legacy"": ""ch11-16-10-3"", ""parent_chunk_id"": ""ch11-f01"", ""fragment_type"": ""section"", ""level"": 2, ""chapter"": 11, ""hierarchy_path"": ""Ch11/16.10.3 The plan and its verification"", ""is_regulatory"": false, ""is_stub"": false, ""token_count"": 104, ""keywords"": [""combining"", ""usable"", ""the"", ""and"", ""verification"", ""its"", ""plan"", ""three""]}"
ch9-f49,ch9,9,1,chapter,Ch9,,"Do work the additions in the Chapter 9 §9.18.1 order: alkalinity, then pH, then calcium, then sanitizer.","Do work the additions in the Chapter 9 §9.18.1 order: alkalinity, then pH, then calcium, then sanitizer.",29,False,False,"[""order"", ""the"", ""additions"", ""sanitizer"", ""work"", ""calcium"", ""then"", ""alkalinity"", ""chapter""]","{""chunk_id"": ""ch9-f49"", ""chunk_id_legacy"": ""ch9"", ""parent_chunk_id"": null, ""fragment_type"": ""chapter"", ""level"": 1, ""chapter"": 9, ""hierarchy_path"": ""Ch9"", ""is_regulatory"": false, ""is_stub"": false, ""token_count"": 29, ""keywords"": [""order"", ""the"", ""additions"", ""sanitizer"", ""work"", ""calcium"", ""then"", ""alkalinity"", ""chapter""]}"
ch9-f50,ch9,9,1,chapter,Ch9,,"Do correct incrementally — Chapter 9 §9.12.4 for alkalinity, §9.13.5 for pH — testing and recomputing the index after each step rather than making one large move.","Do correct incrementally — Chapter 9 §9.12.4 for alkalinity, §9.13.5 for pH — testing and recomputing the index after each step rather than making one large move.",44,False,False,"[""than"", ""correct"", ""testing"", ""step"", ""recomputing"", ""making"", ""large"", ""incrementally"", ""and"", ""move""]","{""chunk_id"": ""ch9-f50"", ""chunk_id_legacy"": ""ch9"", ""parent_chunk_id"": null, ""fragment_type"": ""chapter"", ""level"": 1, ""chapter"": 9, ""hierarchy_path"": ""Ch9"", ""is_regulatory"": false, ""is_stub"": false, ""token_count"": 44, ""keywords"": [""than"", ""correct"", ""testing"", ""step"", ""recomputing"", ""making"", ""large"", ""incrementally"", ""and"", ""move""]}"
ch9-f51,ch9,9,1,chapter,Ch9,,"Do recognize that the dilution to lower calcium also lowers alkalinity and moves pH toward the fill water. Do the dilution first, then rebalance alkalinity and pH to the target. Chapter 9 §9.17 and Chapter 13 §13.10.4.","Do recognize that the dilution to lower calcium also lowers alkalinity and moves pH toward the fill water. Do the dilution first, then rebalance alkalinity and pH to the target. Chapter 9 §9.17 and Chapter 13 §13.10.4.",56,False,False,"[""target"", ""calcium"", ""dilution"", ""recognize"", ""toward"", ""and"", ""also"", ""then"", ""fill"", ""moves""]","{""chunk_id"": ""ch9-f51"", ""chunk_id_legacy"": ""ch9"", ""parent_chunk_id"": null, ""fragment_type"": ""chapter"", ""level"": 1, ""chapter"": 9, ""hierarchy_path"": ""Ch9"", ""is_regulatory"": false, ""is_stub"": false, ""token_count"": 56, ""keywords"": [""target"", ""calcium"", ""dilution"", ""recognize"", ""toward"", ""and"", ""also"", ""then"", ""fill"", ""moves""]}"
ch11-f19,ch11,11,1,chapter,Ch11,,"Do use the dechlorinating agent before reading pH whenever chlorine is elevated — bleached phenol red reads falsely low, which biases the index toward aggressive and could prompt you to add base to water that did not need it. Chapter 11 §11.5.2.","Do use the dechlorinating agent before reading pH whenever chlorine is elevated — bleached phenol red reads falsely low, which biases the index toward aggressive and could prompt you to add base to water that did not need it. Chapter 11 §11.5.2.",55,False,False,"[""did"", ""elevated"", ""add"", ""dechlorinating"", ""need"", ""which"", ""reads"", ""before"", ""prompt"", ""toward""]","{""chunk_id"": ""ch11-f19"", ""chunk_id_legacy"": ""ch11"", ""parent_chunk_id"": null, ""fragment_type"": ""chapter"", ""level"": 1, ""chapter"": 11, ""hierarchy_path"": ""Ch11"", ""is_regulatory"": false, ""is_stub"": false, ""token_count"": 55, ""keywords"": [""did"", ""elevated"", ""add"", ""dechlorinating"", ""need"", ""which"", ""reads"", ""before"", ""prompt"", ""toward""]}"
ch11-f20,ch11,11,1,chapter,Ch11,,"Do accept a lower calcium hardness than a plaster vessel would need, within your code range. Chapter 11 §11.10.3.","Do accept a lower calcium hardness than a plaster vessel would need, within your code range. Chapter 11 §11.10.3.",28,False,False,"[""than"", ""vessel"", ""plaster"", ""range"", ""would"", ""your"", ""hardness"", ""need"", ""calcium"", ""code""]","{""chunk_id"": ""ch11-f20"", ""chunk_id_legacy"": ""ch11"", ""parent_chunk_id"": null, ""fragment_type"": ""chapter"", ""level"": 1, ""chapter"": 11, ""hierarchy_path"": ""Ch11"", ""is_regulatory"": false, ""is_stub"": false, ""token_count"": 28, ""keywords"": [""than"", ""vessel"", ""plaster"", ""range"", ""would"", ""your"", ""hardness"", ""need"", ""calcium"", ""code""]}"
ch14-f03,ch14,14,1,chapter,Ch14,,Do expect to hold alkalinity toward the lower end of the permitted band to slow pH rise (parallel to Chapter 14 §14.3.2).,Do expect to hold alkalinity toward the lower end of the permitted band to slow pH rise (parallel to Chapter 14 §14.3.2).,31,False,False,"[""the"", ""toward"", ""permitted"", ""slow"", ""band"", ""expect"", ""hold"", ""rise"", ""alkalinity"", ""lower""]","{""chunk_id"": ""ch14-f03"", ""chunk_id_legacy"": ""ch14"", ""parent_chunk_id"": null, ""fragment_type"": ""chapter"", ""level"": 1, ""chapter"": 14, ""hierarchy_path"": ""Ch14"", ""is_regulatory"": false, ""is_stub"": false, ""token_count"": 31, ""keywords"": [""the"", ""toward"", ""permitted"", ""slow"", ""band"", ""expect"", ""hold"", ""rise"", ""alkalinity"", ""lower""]}"
ch11-f21,ch11,11,1,chapter,Ch11,,Do remember that temperature is a safety parameter here and is not available as a balance lever. Chapter 11 §11.13.,Do remember that temperature is a safety parameter here and is not available as a balance lever. Chapter 11 §11.13.,26,False,False,"[""safety"", ""not"", ""parameter"", ""lever"", ""here"", ""and"", ""balance"", ""temperature"", ""available"", ""that""]","{""chunk_id"": ""ch11-f21"", ""chunk_id_legacy"": ""ch11"", ""parent_chunk_id"": null, ""fragment_type"": ""chapter"", ""level"": 1, ""chapter"": 11, ""hierarchy_path"": ""Ch11"", ""is_regulatory"": false, ""is_stub"": false, ""token_count"": 26, ""keywords"": [""safety"", ""not"", ""parameter"", ""lever"", ""here"", ""and"", ""balance"", ""temperature"", ""available"", ""that""]}"
ch14-f04,ch14,14,1,chapter,Ch14,,Do expect the persistent upward pH drift characteristic of these systems to push the index toward scaling continuously. Chapter 14 §14.3.2.,Do expect the persistent upward pH drift characteristic of these systems to push the index toward scaling continuously. Chapter 14 §14.3.2.,29,False,False,"[""systems"", ""continuously"", ""the"", ""toward"", ""persistent"", ""scaling"", ""upward"", ""expect"", ""drift"", ""characteristic""]","{""chunk_id"": ""ch14-f04"", ""chunk_id_legacy"": ""ch14"", ""parent_chunk_id"": null, ""fragment_type"": ""chapter"", ""level"": 1, ""chapter"": 14, ""hierarchy_path"": ""Ch14"", ""is_regulatory"": false, ""is_stub"": false, ""token_count"": 29, ""keywords"": [""systems"", ""continuously"", ""the"", ""toward"", ""persistent"", ""scaling"", ""upward"", ""expect"", ""drift"", ""characteristic""]}"
ch14-f05,ch14,14,1,chapter,Ch14,,"Do understand that the generator cell scales at a bulk index that looks acceptable, because the cathode creates a local high-pH zone. Chapter 14 §14.3.4. A balanced index reduces cell scaling; it does not eliminate it.","Do understand that the generator cell scales at a bulk index that looks acceptable, because the cathode creates a local high-pH zone. Chapter 14 §14.3.4. A balanced index reduces cell scaling; it does not eliminate it.",50,False,False,"[""reduces"", ""scales"", ""creates"", ""cathode"", ""looks"", ""understand"", ""cell"", ""generator"", ""local"", ""balanced""]","{""chunk_id"": ""ch14-f05"", ""chunk_id_legacy"": ""ch14"", ""parent_chunk_id"": null, ""fragment_type"": ""chapter"", ""level"": 1, ""chapter"": 14, ""hierarchy_path"": ""Ch14"", ""is_regulatory"": false, ""is_stub"": false, ""token_count"": 50, ""keywords"": [""reduces"", ""scales"", ""creates"", ""cathode"", ""looks"", ""understand"", ""cell"", ""generator"", ""local"", ""balanced""]}"
ch13-f11,ch13,13,1,chapter,Ch13,,"Do note that cyanuric acid should be zero indoors (Chapter 13 §13.3.3), which means no alkalinity correction is needed — the measured reading is the carbonate alkalinity.","Do note that cyanuric acid should be zero indoors (Chapter 13 §13.3.3), which means no alkalinity correction is needed — the measured reading is the carbonate alkalinity.",40,False,False,"[""cyanuric"", ""carbonate"", ""means"", ""the"", ""note"", ""indoors"", ""correction"", ""measured"", ""that"", ""reading""]","{""chunk_id"": ""ch13-f11"", ""chunk_id_legacy"": ""ch13"", ""parent_chunk_id"": null, ""fragment_type"": ""chapter"", ""level"": 1, ""chapter"": 13, ""hierarchy_path"": ""Ch13"", ""is_regulatory"": false, ""is_stub"": false, ""token_count"": 40, ""keywords"": [""cyanuric"", ""carbonate"", ""means"", ""the"", ""note"", ""indoors"", ""correction"", ""measured"", ""that"", ""reading""]}"
ch15-f03,ch15,15,1,chapter,Ch15,,Do watch for scale on UV quartz sleeves where a secondary system is installed. Chapter 15 §15.5.6.,Do watch for scale on UV quartz sleeves where a secondary system is installed. Chapter 15 §15.5.6.,25,False,False,"[""system"", ""secondary"", ""sleeves"", ""watch"", ""quartz"", ""scale"", ""installed"", ""for"", ""chapter"", ""where""]","{""chunk_id"": ""ch15-f03"", ""chunk_id_legacy"": ""ch15"", ""parent_chunk_id"": null, ""fragment_type"": ""chapter"", ""level"": 1, ""chapter"": 15, ""hierarchy_path"": ""Ch15"", ""is_regulatory"": false, ""is_stub"": false, ""token_count"": 25, ""keywords"": [""system"", ""secondary"", ""sleeves"", ""watch"", ""quartz"", ""scale"", ""installed"", ""for"", ""chapter"", ""where""]}"
ch9-f52,ch9,9,1,chapter,Ch9,,"Hard, alkaline fill water drives the vessel toward scaling continuously, and you cannot dilute calcium below the source concentration (Chapter 9 §9.17.3).","Hard, alkaline fill water drives the vessel toward scaling continuously, and you cannot dilute calcium below the source concentration (Chapter 9 §9.17.3).",34,False,False,"[""continuously"", ""vessel"", ""calcium"", ""drives"", ""hard"", ""concentration"", ""toward"", ""and"", ""fill"", ""below""]","{""chunk_id"": ""ch9-f52"", ""chunk_id_legacy"": ""ch9"", ""parent_chunk_id"": null, ""fragment_type"": ""chapter"", ""level"": 1, ""chapter"": 9, ""hierarchy_path"": ""Ch9"", ""is_regulatory"": false, ""is_stub"": false, ""token_count"": 34, ""keywords"": [""continuously"", ""vessel"", ""calcium"", ""drives"", ""hard"", ""concentration"", ""toward"", ""and"", ""fill"", ""below""]}"
ch9-f53,ch9,9,1,chapter,Ch9,,"A significant dilution or drain is needed to lower calcium hardness. Structural risk, high water table, liner float, and discharge permitting all require professional input before water is released. Chapter 9 §9.17.4, Chapter 13 §13.10.5. [S6]","A significant dilution or drain is needed to lower calcium hardness. Structural risk, high water table, liner float, and discharge permitting all require professional input before water is released. Chapter 9 §9.17.4, Chapter 13 §13.10.5. [S6]",59,False,False,"[""professional"", ""released"", ""calcium"", ""dilution"", ""before"", ""all"", ""and"", ""input"", ""hardness"", ""structural""]","{""chunk_id"": ""ch9-f53"", ""chunk_id_legacy"": ""ch9"", ""parent_chunk_id"": null, ""fragment_type"": ""chapter"", ""level"": 1, ""chapter"": 9, ""hierarchy_path"": ""Ch9"", ""is_regulatory"": false, ""is_stub"": false, ""token_count"": 59, ""keywords"": [""professional"", ""released"", ""calcium"", ""dilution"", ""before"", ""all"", ""and"", ""input"", ""hardness"", ""structural""]}"
ch14-f06,ch14,14,1,chapter,Ch14,,Repeated premature salt-generator cell failure despite a balanced index. Chapter 14 §14.3.5.,Repeated premature salt-generator cell failure despite a balanced index. Chapter 14 §14.3.5.,21,False,False,"[""generator"", ""repeated"", ""despite"", ""salt"", ""balanced"", ""premature"", ""failure"", ""cell"", ""index"", ""chapter""]","{""chunk_id"": ""ch14-f06"", ""chunk_id_legacy"": ""ch14"", ""parent_chunk_id"": null, ""fragment_type"": ""chapter"", ""level"": 1, ""chapter"": 14, ""hierarchy_path"": ""Ch14"", ""is_regulatory"": false, ""is_stub"": false, ""token_count"": 21, ""keywords"": [""generator"", ""repeated"", ""despite"", ""salt"", ""balanced"", ""premature"", ""failure"", ""cell"", ""index"", ""chapter""]}"
ch10-f05,ch10,10,1,chapter,Ch10,,"Filter media is calcified or cemented. Investigate the underdrain before recharging, and correct the balance or it recurs. Chapter 10 §10.13.4.","Filter media is calcified or cemented. Investigate the underdrain before recharging, and correct the balance or it recurs. Chapter 10 §10.13.4.",37,False,False,"[""investigate"", ""cemented"", ""the"", ""calcified"", ""correct"", ""balance"", ""and"", ""underdrain"", ""recharging"", ""filter""]","{""chunk_id"": ""ch10-f05"", ""chunk_id_legacy"": ""ch10"", ""parent_chunk_id"": null, ""fragment_type"": ""chapter"", ""level"": 1, ""chapter"": 10, ""hierarchy_path"": ""Ch10"", ""is_regulatory"": false, ""is_stub"": false, ""token_count"": 37, ""keywords"": [""investigate"", ""cemented"", ""the"", ""calcified"", ""correct"", ""balance"", ""and"", ""underdrain"", ""recharging"", ""filter""]}"
ch16-f02,ch16,16,1,chapter,Ch16,,End of Chapter 16.,End of Chapter 16.,6,False,True,"[""end"", ""chapter""]","{""chunk_id"": ""ch16-f02"", ""chunk_id_legacy"": ""ch16"", ""parent_chunk_id"": null, ""fragment_type"": ""chapter"", ""level"": 1, ""chapter"": 16, ""hierarchy_path"": ""Ch16"", ""is_regulatory"": false, ""is_stub"": true, ""token_count"": 6, ""keywords"": [""end"", ""chapter""]}"
ch17-f01,ch17,17,1,chapter,Ch17,,Chapter 17 — Common Water Problems and Fixes,Chapter 17 — Common Water Problems and Fixes,9,False,True,"[""problems"", ""fixes"", ""and"", ""common"", ""water"", ""chapter""]","{""chunk_id"": ""ch17-f01"", ""chunk_id_legacy"": ""ch17"", ""parent_chunk_id"": null, ""fragment_type"": ""chapter"", ""level"": 1, ""chapter"": 17, ""hierarchy_path"": ""Ch17"", ""is_regulatory"": false, ""is_stub"": true, ""token_count"": 9, ""keywords"": [""problems"", ""fixes"", ""and"", ""common"", ""water"", ""chapter""]}"
ch8-f27,ch8,8,1,chapter,Ch8,,"Operator Manual — Directive Reference Prerequisites: Chapter 8 (Circulation), Chapter 10 (Filtration), Chapter 11 (Parameters), Chapter 12 (Chlorine), Chapter 16 (Water Balance). Chapter 21 covers chemical safety; Chapter 25 covers indoor air handling; Chapter 28 covers contamination-incident response.","Operator Manual — Directive Reference Prerequisites: Chapter 8 (Circulation), Chapter 10 (Filtration), Chapter 11 (Parameters), Chapter 12 (Chlorine), Chapter 16 (Water Balance). Chapter 21 covers chemical safety; Chapter 25 covers indoor air handling; Chapter 28 covers contamination-incident response.",69,False,False,"[""safety"", ""balance"", ""parameters"", ""reference"", ""operator"", ""manual"", ""contamination"", ""circulation"", ""prerequisites"", ""indoor""]","{""chunk_id"": ""ch8-f27"", ""chunk_id_legacy"": ""ch8"", ""parent_chunk_id"": null, ""fragment_type"": ""chapter"", ""level"": 1, ""chapter"": 8, ""hierarchy_path"": ""Ch8"", ""is_regulatory"": false, ""is_stub"": false, ""token_count"": 69, ""keywords"": [""safety"", ""balance"", ""parameters"", ""reference"", ""operator"", ""manual"", ""contamination"", ""circulation"", ""prerequisites"", ""indoor""]}"
ch11-f22,ch11,11,1,chapter,Ch11,,"Do test, record, and interpret before you dose. Do test at multiple locations, including the point farthest from the returns (Chapter 11 §11.5.1). Stop if the test result surprises you — retest with fresh reagents before acting, and know your method's failure modes (Chapter 11 §11.5.2). Acting on a bad reading is worse than acting on none.","Do test, record, and interpret before you dose. Do test at multiple locations, including the point farthest from the returns (Chapter 11 §11.5.1). Stop if the test result surprises you — retest with fresh reagents before acting, and know your method's failure modes (Chapter 11 §11.5.2). Acting on a bad reading is worse than acting on none.",83,False,False,"[""than"", ""point"", ""your"", ""record"", ""know"", ""reagents"", ""before"", ""result"", ""worse"", ""locations""]","{""chunk_id"": ""ch11-f22"", ""chunk_id_legacy"": ""ch11"", ""parent_chunk_id"": null, ""fragment_type"": ""chapter"", ""level"": 1, ""chapter"": 11, ""hierarchy_path"": ""Ch11"", ""is_regulatory"": false, ""is_stub"": false, ""token_count"": 83, ""keywords"": [""than"", ""point"", ""your"", ""record"", ""know"", ""reagents"", ""before"", ""result"", ""worse"", ""locations""]}"
ch9-f54,ch9,9,1,chapter,Ch9,,"Do instead: one change at a time, one full turnover of circulation, retest, record. Chapter 9 §9.18.2, Chapter 9 §9.19.","Do instead: one change at a time, one full turnover of circulation, retest, record. Chapter 9 §9.18.2, Chapter 9 §9.19.",38,False,False,"[""circulation"", ""instead"", ""full"", ""one"", ""turnover"", ""record"", ""time"", ""change"", ""retest"", ""chapter""]","{""chunk_id"": ""ch9-f54"", ""chunk_id_legacy"": ""ch9"", ""parent_chunk_id"": null, ""fragment_type"": ""chapter"", ""level"": 1, ""chapter"": 9, ""hierarchy_path"": ""Ch9"", ""is_regulatory"": false, ""is_stub"": false, ""token_count"": 38, ""keywords"": [""circulation"", ""instead"", ""full"", ""one"", ""turnover"", ""record"", ""time"", ""change"", ""retest"", ""chapter""]}"
ch9-17-1-2,ch9-17-1-2,9,2,section,Ch9/17.1.2 The diagnostic sequence,ch9-f01,17.1.2 The diagnostic sequence,"1. OBSERVE      What exactly is wrong? Where? Since when? What changed? 2. EQUIPMENT    Flow, turnover, filter, valves, returns          (Rule 1) 3. TEST         FC, CC, pH, and the parameters the symptom implicates 4. HYPOTHESIZE  One cause, stated explicitly, written down 5. ACT          One corrective action, label-directed 6. CIRCULATE    At least one full turnover 7. RETEST       Did the hypothesis hold? 8. RECORD       Symptom, tests, action, result - so the next person knows",128,False,False,"[""diagnostic"", ""the"", ""symptom"", ""turnover"", ""what"", ""sequence""]","{""chunk_id"": ""ch9-17-1-2"", ""chunk_id_legacy"": ""ch9-17-1-2"", ""parent_chunk_id"": ""ch9-f01"", ""fragment_type"": ""section"", ""level"": 2, ""chapter"": 9, ""hierarchy_path"": ""Ch9/17.1.2 The diagnostic sequence"", ""is_regulatory"": false, ""is_stub"": false, ""token_count"": 128, ""keywords"": [""diagnostic"", ""the"", ""symptom"", ""turnover"", ""what"", ""sequence""]}"
ch16-f03,ch16,16,1,chapter,Ch16,,Compute the saturation index (Chapter 16).,Compute the saturation index (Chapter 16).,9,False,True,"[""the"", ""saturation"", ""compute"", ""index"", ""chapter""]","{""chunk_id"": ""ch16-f03"", ""chunk_id_legacy"": ""ch16"", ""parent_chunk_id"": null, ""fragment_type"": ""chapter"", ""level"": 1, ""chapter"": 16, ""hierarchy_path"": ""Ch16"", ""is_regulatory"": false, ""is_stub"": true, ""token_count"": 9, ""keywords"": [""the"", ""saturation"", ""compute"", ""index"", ""chapter""]}"
ch16-17-2-2,ch16-17-2-2,16,2,section,Ch16/17.2.2 Step sequence,ch16-f01,17.2.2 Step sequence,"Record everything. STEP 2  CIRCULATION AND FILTER Flow rate vs. required (Ch 8 sec 8.13) Filter pressure vs. clean baseline (Ch 10 sec 10.13.1) Filtration rate vs. governing maximum (Ch 10 sec 10.6) Minimum-flow cleaning trigger reached? (Ch 10 sec 10.13.2) Baskets, valves, air, return fitting direction STEP 3  CHEMISTRY Free chlorine below range?      -> correct first; it may be the whole cause pH high?                        -> correct (Ch 9 sec 9.13) Saturation index positive?      -> correct (Ch 16 sec 16.10) Combined chlorine elevated?     -> section 17.3 Any sign of algae?              -> section 17.6, 17.7 STEP 4  CIRCULATE ONE FULL TURNOVER, THEN RETEST Did clarity improve? Record. STEP 5  ONLY THEN consider a label-directed clarifier or flocculant - and understand which one you are using (section 17.2.4)",232,False,False,"[""correct"", ""step"", ""section"", ""sequence""]","{""chunk_id"": ""ch16-17-2-2"", ""chunk_id_legacy"": ""ch16-17-2-2"", ""parent_chunk_id"": ""ch16-f01"", ""fragment_type"": ""section"", ""level"": 2, ""chapter"": 16, ""hierarchy_path"": ""Ch16/17.2.2 Step sequence"", ""is_regulatory"": false, ""is_stub"": false, ""token_count"": 232, ""keywords"": [""correct"", ""step"", ""section"", ""sequence""]}"
ch10-f06,ch10,10,1,chapter,Ch10,,"Do rebalance after significant backwash makeup water — alkalinity, hardness, sanitizer, and stabilizer all dilute. Chapter 10 §10.11.3, Chapter 9 §9.18.1.","Do rebalance after significant backwash makeup water — alkalinity, hardness, sanitizer, and stabilizer all dilute. Chapter 10 §10.11.3, Chapter 9 §9.18.1.",44,False,False,"[""rebalance"", ""all"", ""and"", ""sanitizer"", ""backwash"", ""hardness"", ""significant"", ""makeup"", ""stabilizer"", ""water""]","{""chunk_id"": ""ch10-f06"", ""chunk_id_legacy"": ""ch10"", ""parent_chunk_id"": null, ""fragment_type"": ""chapter"", ""level"": 1, ""chapter"": 10, ""hierarchy_path"": ""Ch10"", ""is_regulatory"": false, ""is_stub"": false, ""token_count"": 44, ""keywords"": [""rebalance"", ""all"", ""and"", ""sanitizer"", ""backwash"", ""hardness"", ""significant"", ""makeup"", ""stabilizer"", ""water""]}"
ch10-f07,ch10,10,1,chapter,Ch10,,Do record a new clean pressure baseline after every media service. Chapter 10 §10.13.1.,Do record a new clean pressure baseline after every media service. Chapter 10 §10.13.1.,22,False,False,"[""every"", ""after"", ""new"", ""baseline"", ""record"", ""pressure"", ""service"", ""clean"", ""media"", ""chapter""]","{""chunk_id"": ""ch10-f07"", ""chunk_id_legacy"": ""ch10"", ""parent_chunk_id"": null, ""fragment_type"": ""chapter"", ""level"": 1, ""chapter"": 10, ""hierarchy_path"": ""Ch10"", ""is_regulatory"": false, ""is_stub"": false, ""token_count"": 22, ""keywords"": [""every"", ""after"", ""new"", ""baseline"", ""record"", ""pressure"", ""service"", ""clean"", ""media"", ""chapter""]}"
ch12-f17,ch12,12,1,chapter,Ch12,,Chapter 12 §12.2 and §12.6 own this topic. This section is the field response.,Chapter 12 §12.2 and §12.6 own this topic. This section is the field response.,23,False,False,"[""this"", ""field"", ""the"", ""and"", ""section"", ""response"", ""own"", ""topic"", ""chapter""]","{""chunk_id"": ""ch12-f17"", ""chunk_id_legacy"": ""ch12"", ""parent_chunk_id"": null, ""fragment_type"": ""chapter"", ""level"": 1, ""chapter"": 12, ""hierarchy_path"": ""Ch12"", ""is_regulatory"": false, ""is_stub"": false, ""token_count"": 23, ""keywords"": [""this"", ""field"", ""the"", ""and"", ""section"", ""response"", ""own"", ""topic"", ""chapter""]}"
ch25-f01,ch25,25,1,chapter,Ch25,,"Do go to Chapter 25 for air handling. Do escalate to a mechanical engineer where complaints or staff respiratory symptoms persist despite good water practice, and consider an industrial hygiene evaluation for staff exposure. §17.11. [S18]","Do go to Chapter 25 for air handling. Do escalate to a mechanical engineer where complaints or staff respiratory symptoms persist despite good water practice, and consider an industrial hygiene evaluation for staff exposure. §17.11. [S18]",47,False,False,"[""respiratory"", ""practice"", ""escalate"", ""persist"", ""engineer"", ""staff"", ""and"", ""good"", ""for"", ""mechanical""]","{""chunk_id"": ""ch25-f01"", ""chunk_id_legacy"": ""ch25"", ""parent_chunk_id"": null, ""fragment_type"": ""chapter"", ""level"": 1, ""chapter"": 25, ""hierarchy_path"": ""Ch25"", ""is_regulatory"": false, ""is_stub"": false, ""token_count"": 47, ""keywords"": [""respiratory"", ""practice"", ""escalate"", ""persist"", ""engineer"", ""staff"", ""and"", ""good"", ""for"", ""mechanical""]}"
ch25-17-3-3-1,ch25-17-3-3-1,25,3,subsection,"Ch25/Do treat persistent indoor chloramine odor as two problems: a water treatment problem and an air handling problem. Oxidizing the water addresses the source; it does not fix inadequate ventilation, air distribution, or exhaust of the breathing-zone air.",,"Do treat persistent indoor chloramine odor as two problems: a water treatment problem and an air handling problem. Oxidizing the water addresses the source; it does not fix inadequate ventilation, air distribution, or exhaust of the breathing-zone air.","STEP 1  Confirm the reading is real - FAS-DPD or equivalent resolution; CC = TC - FC is a subtraction, so its error is the sum of both errors (Ch 12 sec 12.2.2) - Non-chlorine oxidizer residue can register as apparent CC (Ch 12 sec 12.8.4) - if MPS was added recently, the reading is SUSPECT STEP 2  Verify free chlorine is adequate - If FC is low, the answer is MORE free chlorine, not less - Low FC with high CC is the classic pattern STEP 3  Correct pH into range FIRST - Oxidation efficiency falls sharply at high pH (Ch 11 sec 11.8.2) - Breakpointing at pH 8.2 wastes product STEP 4  Verify circulation - A dose that does not reach the whole vessel will not clear CC, and the retest will mislead you (Ch 8 sec 8.8) STEP 5  Oxidize - Chlorine breakpoint: Ch 12 sec 12.6 (educational estimate method, label-limited, vessel closed) - Non-chlorine oxidizer as an alternative or adjunct: Ch 12 sec 12.8 (NOT a substitute for the chlorine residual) STEP 6  Dilute - Where the nitrogen load is chronic. Ch 9 sec 9.17 STEP 7  Address the SOURCE - the actual fix - See 17.3.4",305,False,False,"[""odor"", ""problems"", ""exhaust"", ""ventilation"", ""step"", ""oxidizing"", ""treatment"", ""treat"", ""inadequate"", ""chloramine""]","{""chunk_id"": ""ch25-17-3-3-1"", ""chunk_id_legacy"": ""ch25-17-3-3-1"", ""parent_chunk_id"": null, ""fragment_type"": ""subsection"", ""level"": 3, ""chapter"": 25, ""hierarchy_path"": ""Ch25/Do treat persistent indoor chloramine odor as two problems: a water treatment problem and an air handling problem. Oxidizing the water addresses the source; it does not fix inadequate ventilation, air distribution, or exhaust of the breathing-zone air."", ""is_regulatory"": false, ""is_stub"": false, ""token_count"": 305, ""keywords"": [""odor"", ""problems"", ""exhaust"", ""ventilation"", ""step"", ""oxidizing"", ""treatment"", ""treat"", ""inadequate"", ""chloramine""]}"
ch25-17-3-4,ch25-17-3-4,25,2,section,Ch25/17.3.4 Bather load and hygiene contributors — the root cause,ch25-f01,17.3.4 Bather load and hygiene contributors — the root cause,"Combined chlorine comes from nitrogen introduced by bathers: perspiration, urine, saliva, skin. The most effective interventions are behavioral, not chemical. [S17, S18]",36,False,False,"[""bather"", ""the"", ""root"", ""and"", ""hygiene"", ""load"", ""combined"", ""contributors"", ""cause"", ""comes""]","{""chunk_id"": ""ch25-17-3-4"", ""chunk_id_legacy"": ""ch25-17-3-4"", ""parent_chunk_id"": ""ch25-f01"", ""fragment_type"": ""section"", ""level"": 2, ""chapter"": 25, ""hierarchy_path"": ""Ch25/17.3.4 Bather load and hygiene contributors — the root cause"", ""is_regulatory"": false, ""is_stub"": false, ""token_count"": 36, ""keywords"": [""bather"", ""the"", ""root"", ""and"", ""hygiene"", ""load"", ""combined"", ""contributors"", ""cause"", ""comes""]}"
ch12-f18,ch12,12,1,chapter,Ch12,,"Do consult Chapter 12 §12.6.4 before dosing. Summary of the situations where something else comes first: pH out of range; poor circulation; extremely high combined chlorine (dilute first); very high cyanuric acid (dilute first); suspected organic chloramines that will not respond to breakpoint; a reading distorted by non-chlorine oxidizer interference; and any contamination incident, which is a Chapter 28 protocol rather than routine oxidation.","Do consult Chapter 12 §12.6.4 before dosing. Summary of the situations where something else comes first: pH out of range; poor circulation; extremely high combined chlorine (dilute first); very high cyanuric acid (dilute first); suspected organic chloramines that will not respond to breakpoint; a reading distorted by non-chlorine oxidizer interference; and any contamination incident, which is a Chapter 28 protocol rather than routine oxidation.",95,False,False,"[""non"", ""than"", ""dosing"", ""poor"", ""cyanuric"", ""suspected"", ""range"", ""something"", ""interference"", ""which""]","{""chunk_id"": ""ch12-f18"", ""chunk_id_legacy"": ""ch12"", ""parent_chunk_id"": null, ""fragment_type"": ""chapter"", ""level"": 1, ""chapter"": 12, ""hierarchy_path"": ""Ch12"", ""is_regulatory"": false, ""is_stub"": false, ""token_count"": 95, ""keywords"": [""non"", ""than"", ""dosing"", ""poor"", ""cyanuric"", ""suspected"", ""range"", ""something"", ""interference"", ""which""]}"
ch16-f04,ch16,16,1,chapter,Ch16,,Do note the most important causal link in this section: copper in a pool is very often the operator's own aggressive water dissolving the heater. Chapter 16 §16.2.1. Treating the stain without correcting the balance guarantees recurrence — and the heater keeps dissolving.,Do note the most important causal link in this section: copper in a pool is very often the operator's own aggressive water dissolving the heater. Chapter 16 §16.2.1. Treating the stain without correcting the balance guarantees recurrence — and the heater keeps dissolving.,57,False,False,"[""stain"", ""correcting"", ""balance"", ""often"", ""dissolving"", ""without"", ""treating"", ""operator"", ""and"", ""chapter""]","{""chunk_id"": ""ch16-f04"", ""chunk_id_legacy"": ""ch16"", ""parent_chunk_id"": null, ""fragment_type"": ""chapter"", ""level"": 1, ""chapter"": 16, ""hierarchy_path"": ""Ch16"", ""is_regulatory"": false, ""is_stub"": false, ""token_count"": 57, ""keywords"": [""stain"", ""correcting"", ""balance"", ""often"", ""dissolving"", ""without"", ""treating"", ""operator"", ""and"", ""chapter""]}"
ch16-17-4-4-1,ch16-17-4-4-1,16,3,subsection,Ch16/Stop. A negative or ambiguous result is not permission to escalate to an aggressive treatment. It is a reason to get the stain identified professionally. §17.11.,,Stop. A negative or ambiguous result is not permission to escalate to an aggressive treatment. It is a reason to get the stain identified professionally. §17.11.,"STEP 1  IDENTIFY the metal (17.4.2, 17.4.3) and TEST THE FILL WATER You cannot dilute below the source concentration (Ch 9 sec 9.17.3) STEP 2  STOP THE SOURCE - Aggressive water or low pH corroding a heater? Correct the balance (Ch 16) - this is the actual fix in most copper cases - Metal-bearing fill water? Consider pretreatment or sequestration of makeup water per label - Copper algaecide in use? Reconsider the product STEP 3  SEQUESTER before oxidizing - A label-directed sequestrant holds dissolved metal in solution so it does not precipitate onto surfaces - Sequestrants are CONSUMED by oxidizer and require re-dosing per label - Do NOT rely on a single dose to hold indefinitely STEP 4  ADJUST pH SLOWLY - see 17.4.5 STEP 5  DILUTE to reduce dissolved metal (Ch 9 sec 9.17) - Only route to actually remove it STEP 6  EXISTING STAINS - only after identification, and only with a treatment appropriate to BOTH the metal AND the finish (17.4.6) STEP 7  RETEST, rebalance, re-establish the residual, record",273,False,False,"[""stain"", ""not"", ""the"", ""negative"", ""metal"", ""stop"", ""identified"", ""professionally"", ""get"", ""step""]","{""chunk_id"": ""ch16-17-4-4-1"", ""chunk_id_legacy"": ""ch16-17-4-4-1"", ""parent_chunk_id"": null, ""fragment_type"": ""subsection"", ""level"": 3, ""chapter"": 16, ""hierarchy_path"": ""Ch16/Stop. A negative or ambiguous result is not permission to escalate to an aggressive treatment. It is a reason to get the stain identified professionally. §17.11."", ""is_regulatory"": false, ""is_stub"": false, ""token_count"": 273, ""keywords"": [""stain"", ""not"", ""the"", ""negative"", ""metal"", ""stop"", ""identified"", ""professionally"", ""get"", ""step""]}"
ch9-f55,ch9,9,1,chapter,Ch9,,Do adjust pH incrementally in metal-laden water — Chapter 9 §9.13 — testing at each step. Do sequester first.,Do adjust pH incrementally in metal-laden water — Chapter 9 §9.13 — testing at each step. Do sequester first.,30,False,False,"[""incrementally"", ""adjust"", ""testing"", ""laden"", ""metal"", ""first"", ""step"", ""water"", ""each"", ""sequester""]","{""chunk_id"": ""ch9-f55"", ""chunk_id_legacy"": ""ch9"", ""parent_chunk_id"": null, ""fragment_type"": ""chapter"", ""level"": 1, ""chapter"": 9, ""hierarchy_path"": ""Ch9"", ""is_regulatory"": false, ""is_stub"": false, ""token_count"": 30, ""keywords"": [""incrementally"", ""adjust"", ""testing"", ""laden"", ""metal"", ""first"", ""step"", ""water"", ""each"", ""sequester""]}"
ch8-f28,ch8,8,1,chapter,Ch8,,"Do first determine whether you have foam or air entrainment. Fine bubble streams issuing from the return fittings, an unstable flow meter, and low suction vacuum indicate a suction-side air leak — an equipment fault, not a chemistry problem. Chapter 8 §8.15.","Do first determine whether you have foam or air entrainment. Fine bubble streams issuing from the return fittings, an unstable flow meter, and low suction vacuum indicate a suction-side air leak — an equipment fault, not a chemistry problem. Chapter 8 §8.15.",54,False,False,"[""fittings"", ""flow"", ""fine"", ""streams"", ""indicate"", ""side"", ""and"", ""fault"", ""equipment"", ""leak""]","{""chunk_id"": ""ch8-f28"", ""chunk_id_legacy"": ""ch8"", ""parent_chunk_id"": null, ""fragment_type"": ""chapter"", ""level"": 1, ""chapter"": 8, ""hierarchy_path"": ""Ch8"", ""is_regulatory"": false, ""is_stub"": false, ""token_count"": 54, ""keywords"": [""fittings"", ""flow"", ""fine"", ""streams"", ""indicate"", ""side"", ""and"", ""fault"", ""equipment"", ""leak""]}"
ch8-17-5-4,ch8-17-5-4,8,2,section,"Ch8/17.5.4 Response — physical removal, then oxidation, then filtration",ch8-f01,"17.5.4 Response — physical removal, then oxidation, then filtration","STEP 1  PHYSICAL REMOVAL FIRST - this is the effective step - Skim the surface thoroughly - Clean the waterline and tile band per the surface manufacturer's guidance and the product label - Use label-directed absorbent products where appropriate - Empty skimmer and pump baskets STEP 2  OXIDIZE - Verify FC is adequate; correct pH first - Superchlorinate per label and code where the organic load warrants it (Ch 12 sec 12.6, sec 12.7 - superchlorination, NOT hyperchlorination) - A label-directed enzyme product may be used as an adjunct for organic load; follow the label, and note it does not replace oxidation STEP 3  FILTER - Confirm filter condition and clean as needed (17.2.3) - Expect loading from removed organics STEP 4  CORRECT CONTRIBUTING CHEMISTRY - Raise calcium hardness if low (Ch 9 sec 9.14, Ch 11 sec 11.10.4) STEP 5  DILUTE - Where organic and dissolved load is chronic (Ch 9 sec 9.17) STEP 6  SOURCE CONTROL - the actual fix - Enforce pre-swim showering - Ensure deck and equipment cleaning products cannot enter the water - Advise rinsing of laundered swimwear - In spas, avoid quaternary ammonium algaecides",282,False,False,"[""filtration"", ""removal"", ""oxidation"", ""step"", ""label"", ""then"", ""response"", ""physical"", ""where""]","{""chunk_id"": ""ch8-17-5-4"", ""chunk_id_legacy"": ""ch8-17-5-4"", ""parent_chunk_id"": ""ch8-f01"", ""fragment_type"": ""section"", ""level"": 2, ""chapter"": 8, ""hierarchy_path"": ""Ch8/17.5.4 Response — physical removal, then oxidation, then filtration"", ""is_regulatory"": false, ""is_stub"": false, ""token_count"": 282, ""keywords"": [""filtration"", ""removal"", ""oxidation"", ""step"", ""label"", ""then"", ""response"", ""physical"", ""where""]}"
ch21-f04,ch21,21,1,chapter,Ch21,,"Do assemble PPE per the labels and SDS of every product you will use, and confirm eyewash and safety shower locations before you start. Chapter 21. [S13]","Do assemble PPE per the labels and SDS of every product you will use, and confirm eyewash and safety shower locations before you start. Chapter 21. [S13]",37,False,False,"[""safety"", ""eyewash"", ""ppe"", ""before"", ""sds"", ""start"", ""locations"", ""will"", ""and"", ""use""]","{""chunk_id"": ""ch21-f04"", ""chunk_id_legacy"": ""ch21"", ""parent_chunk_id"": null, ""fragment_type"": ""chapter"", ""level"": 1, ""chapter"": 21, ""hierarchy_path"": ""Ch21"", ""is_regulatory"": false, ""is_stub"": false, ""token_count"": 37, ""keywords"": [""safety"", ""eyewash"", ""ppe"", ""before"", ""sds"", ""start"", ""locations"", ""will"", ""and"", ""use""]}"
ch8-f29,ch8,8,1,chapter,Ch8,,Do verify the recirculation pump is running and flow is within range. Chapter 8 §8.13.,Do verify the recirculation pump is running and flow is within range. Chapter 8 §8.13.,23,False,False,"[""recirculation"", ""running"", ""pump"", ""the"", ""range"", ""and"", ""flow"", ""within"", ""verify"", ""chapter""]","{""chunk_id"": ""ch8-f29"", ""chunk_id_legacy"": ""ch8"", ""parent_chunk_id"": null, ""fragment_type"": ""chapter"", ""level"": 1, ""chapter"": 8, ""hierarchy_path"": ""Ch8"", ""is_regulatory"": false, ""is_stub"": false, ""token_count"": 23, ""keywords"": [""recirculation"", ""running"", ""pump"", ""the"", ""range"", ""and"", ""flow"", ""within"", ""verify"", ""chapter""]}"
ch10-f08,ch10,10,1,chapter,Ch10,,Do check filter pressure against the recorded clean baseline and clean the filter now if it is loaded. Chapter 10 §10.13.1.,Do check filter pressure against the recorded clean baseline and clean the filter now if it is loaded. Chapter 10 §10.13.1.,29,False,False,"[""the"", ""and"", ""baseline"", ""now"", ""loaded"", ""recorded"", ""filter"", ""check"", ""pressure"", ""clean""]","{""chunk_id"": ""ch10-f08"", ""chunk_id_legacy"": ""ch10"", ""parent_chunk_id"": null, ""fragment_type"": ""chapter"", ""level"": 1, ""chapter"": 10, ""hierarchy_path"": ""Ch10"", ""is_regulatory"": false, ""is_stub"": false, ""token_count"": 29, ""keywords"": [""the"", ""and"", ""baseline"", ""now"", ""loaded"", ""recorded"", ""filter"", ""check"", ""pressure"", ""clean""]}"
ch10-f09,ch10,10,1,chapter,Ch10,,Do compute the filtration rate and confirm it is within the governing maximum. An overdriven filter will not clear this. Chapter 10 §10.6.,Do compute the filtration rate and confirm it is within the governing maximum. An overdriven filter will not clear this. Chapter 10 §10.6.,32,False,False,"[""filtration"", ""will"", ""confirm"", ""the"", ""not"", ""this"", ""and"", ""maximum"", ""compute"", ""governing""]","{""chunk_id"": ""ch10-f09"", ""chunk_id_legacy"": ""ch10"", ""parent_chunk_id"": null, ""fragment_type"": ""chapter"", ""level"": 1, ""chapter"": 10, ""hierarchy_path"": ""Ch10"", ""is_regulatory"": false, ""is_stub"": false, ""token_count"": 32, ""keywords"": [""filtration"", ""will"", ""confirm"", ""the"", ""not"", ""this"", ""and"", ""maximum"", ""compute"", ""governing""]}"
ch8-f30,ch8,8,1,chapter,Ch8,,Do check return fitting direction — flow must reach the affected areas. Chapter 8 §8.8.3.,Do check return fitting direction — flow must reach the affected areas. Chapter 8 §8.8.3.,23,False,False,"[""must"", ""return"", ""the"", ""flow"", ""reach"", ""fitting"", ""affected"", ""check"", ""areas"", ""direction""]","{""chunk_id"": ""ch8-f30"", ""chunk_id_legacy"": ""ch8"", ""parent_chunk_id"": null, ""fragment_type"": ""chapter"", ""level"": 1, ""chapter"": 8, ""hierarchy_path"": ""Ch8"", ""is_regulatory"": false, ""is_stub"": false, ""token_count"": 23, ""keywords"": [""must"", ""return"", ""the"", ""flow"", ""reach"", ""fitting"", ""affected"", ""check"", ""areas"", ""direction""]}"
ch16-f05,ch16,16,1,chapter,Ch16,,"Do compute the saturation index (Chapter 16) — a rough, etched surface from historic aggressive water is the habitat for the most difficult organisms.","Do compute the saturation index (Chapter 16) — a rough, etched surface from historic aggressive water is the habitat for the most difficult organisms.",30,False,False,"[""habitat"", ""etched"", ""the"", ""historic"", ""rough"", ""from"", ""organisms"", ""most"", ""saturation"", ""compute""]","{""chunk_id"": ""ch16-f05"", ""chunk_id_legacy"": ""ch16"", ""parent_chunk_id"": null, ""fragment_type"": ""chapter"", ""level"": 1, ""chapter"": 16, ""hierarchy_path"": ""Ch16"", ""is_regulatory"": false, ""is_stub"": false, ""token_count"": 30, ""keywords"": [""habitat"", ""etched"", ""the"", ""historic"", ""rough"", ""from"", ""organisms"", ""most"", ""saturation"", ""compute""]}"
ch13-f12,ch13,13,1,chapter,Ch13,,Do interpret the cyanuric acid result carefully: high stabilizer suppresses active chlorine at any given FC reading and is a very common reason algae establishes in a vessel with acceptable logs. Chapter 13 §13.4.4.,Do interpret the cyanuric acid result carefully: high stabilizer suppresses active chlorine at any given FC reading and is a very common reason algae establishes in a vessel with acceptable logs. Chapter 13 §13.4.4.,47,False,False,"[""cyanuric"", ""vessel"", ""common"", ""result"", ""establishes"", ""and"", ""with"", ""acceptable"", ""suppresses"", ""any""]","{""chunk_id"": ""ch13-f12"", ""chunk_id_legacy"": ""ch13"", ""parent_chunk_id"": null, ""fragment_type"": ""chapter"", ""level"": 1, ""chapter"": 13, ""hierarchy_path"": ""Ch13"", ""is_regulatory"": false, ""is_stub"": false, ""token_count"": 47, ""keywords"": [""cyanuric"", ""vessel"", ""common"", ""result"", ""establishes"", ""and"", ""with"", ""acceptable"", ""suppresses"", ""any""]}"
ch11-f23,ch11,11,1,chapter,Ch11,,"Do suspect a test failure if FC reads high in a visibly algal vessel — DPD bleach-out reads falsely low, and other errors are possible. Chapter 11 §11.5.2.","Do suspect a test failure if FC reads high in a visibly algal vessel — DPD bleach-out reads falsely low, and other errors are possible. Chapter 11 §11.5.2.",40,False,False,"[""vessel"", ""reads"", ""possible"", ""and"", ""suspect"", ""test"", ""bleach"", ""are"", ""visibly"", ""falsely""]","{""chunk_id"": ""ch11-f23"", ""chunk_id_legacy"": ""ch11"", ""parent_chunk_id"": null, ""fragment_type"": ""chapter"", ""level"": 1, ""chapter"": 11, ""hierarchy_path"": ""Ch11"", ""is_regulatory"": false, ""is_stub"": false, ""token_count"": 40, ""keywords"": [""vessel"", ""reads"", ""possible"", ""and"", ""suspect"", ""test"", ""bleach"", ""are"", ""visibly"", ""falsely""]}"
ch13-f13,ch13,13,1,chapter,Ch13,,"Do decide at this point whether dilution is required first: very high cyanuric acid should be reduced before superchlorination, because it will otherwise blunt the treatment. Chapter 13 §13.10.","Do decide at this point whether dilution is required first: very high cyanuric acid should be reduced before superchlorination, because it will otherwise blunt the treatment. Chapter 13 §13.10.",42,False,False,"[""cyanuric"", ""blunt"", ""point"", ""reduced"", ""should"", ""treatment"", ""dilution"", ""before"", ""required"", ""will""]","{""chunk_id"": ""ch13-f13"", ""chunk_id_legacy"": ""ch13"", ""parent_chunk_id"": null, ""fragment_type"": ""chapter"", ""level"": 1, ""chapter"": 13, ""hierarchy_path"": ""Ch13"", ""is_regulatory"": false, ""is_stub"": false, ""token_count"": 42, ""keywords"": [""cyanuric"", ""blunt"", ""point"", ""reduced"", ""should"", ""treatment"", ""dilution"", ""before"", ""required"", ""will""]}"
ch11-f24,ch11,11,1,chapter,Ch11,,Do correct pH before raising the disinfectant. Oxidation and disinfection efficiency fall sharply at high pH. Chapter 11 §11.8.2.,Do correct pH before raising the disinfectant. Oxidation and disinfection efficiency fall sharply at high pH. Chapter 11 §11.8.2.,33,False,False,"[""sharply"", ""fall"", ""the"", ""correct"", ""raising"", ""oxidation"", ""and"", ""efficiency"", ""disinfection"", ""before""]","{""chunk_id"": ""ch11-f24"", ""chunk_id_legacy"": ""ch11"", ""parent_chunk_id"": null, ""fragment_type"": ""chapter"", ""level"": 1, ""chapter"": 11, ""hierarchy_path"": ""Ch11"", ""is_regulatory"": false, ""is_stub"": false, ""token_count"": 33, ""keywords"": [""sharply"", ""fall"", ""the"", ""correct"", ""raising"", ""oxidation"", ""and"", ""efficiency"", ""disinfection"", ""before""]}"
ch9-f56,ch9,9,1,chapter,Ch9,,"Do adjust incrementally, Chapter 9 §9.13, and retest.","Do adjust incrementally, Chapter 9 §9.13, and retest.",17,False,False,"[""incrementally"", ""adjust"", ""and"", ""retest"", ""chapter""]","{""chunk_id"": ""ch9-f56"", ""chunk_id_legacy"": ""ch9"", ""parent_chunk_id"": null, ""fragment_type"": ""chapter"", ""level"": 1, ""chapter"": 9, ""hierarchy_path"": ""Ch9"", ""is_regulatory"": false, ""is_stub"": false, ""token_count"": 17, ""keywords"": [""incrementally"", ""adjust"", ""and"", ""retest"", ""chapter""]}"
ch12-f19,ch12,12,1,chapter,Ch12,,"Do use an unstabilized product — calcium hypochlorite, sodium hypochlorite, or lithium hypochlorite — so you are not adding cyanuric acid to a problem that high cyanuric acid may have caused. Chapter 12 §12.4.","Do use an unstabilized product — calcium hypochlorite, sodium hypochlorite, or lithium hypochlorite — so you are not adding cyanuric acid to a problem that high cyanuric acid may have caused. Chapter 12 §12.4.",57,False,False,"[""lithium"", ""cyanuric"", ""caused"", ""unstabilized"", ""hypochlorite"", ""may"", ""calcium"", ""sodium"", ""adding"", ""are""]","{""chunk_id"": ""ch12-f19"", ""chunk_id_legacy"": ""ch12"", ""parent_chunk_id"": null, ""fragment_type"": ""chapter"", ""level"": 1, ""chapter"": 12, ""hierarchy_path"": ""Ch12"", ""is_regulatory"": false, ""is_stub"": false, ""token_count"": 57, ""keywords"": [""lithium"", ""cyanuric"", ""caused"", ""unstabilized"", ""hypochlorite"", ""may"", ""calcium"", ""sodium"", ""adding"", ""are""]}"
ch9-f57,ch9,9,1,chapter,Ch9,,Do calculate the dose using Chapter 9 §9.6–9.9 and your volume of record.,Do calculate the dose using Chapter 9 §9.6–9.9 and your volume of record.,22,False,False,"[""calculate"", ""the"", ""and"", ""your"", ""record"", ""dose"", ""volume"", ""using"", ""chapter""]","{""chunk_id"": ""ch9-f57"", ""chunk_id_legacy"": ""ch9"", ""parent_chunk_id"": null, ""fragment_type"": ""chapter"", ""level"": 1, ""chapter"": 9, ""hierarchy_path"": ""Ch9"", ""is_regulatory"": false, ""is_stub"": false, ""token_count"": 22, ""keywords"": [""calculate"", ""the"", ""and"", ""your"", ""record"", ""dose"", ""volume"", ""using"", ""chapter""]}"
ch28-f10,ch28,28,1,chapter,Ch28,,"Do recognize this as superchlorination — an operational procedure — and not hyperchlorination, which is the contamination-response protocol in Chapter 28. The two are not interchangeable. Chapter 12 §12.7.","Do recognize this as superchlorination — an operational procedure — and not hyperchlorination, which is the contamination-response protocol in Chapter 28. The two are not interchangeable. Chapter 12 §12.7.",43,False,False,"[""operational"", ""contamination"", ""not"", ""this"", ""the"", ""and"", ""procedure"", ""interchangeable"", ""are"", ""chapter""]","{""chunk_id"": ""ch28-f10"", ""chunk_id_legacy"": ""ch28"", ""parent_chunk_id"": null, ""fragment_type"": ""chapter"", ""level"": 1, ""chapter"": 28, ""hierarchy_path"": ""Ch28"", ""is_regulatory"": false, ""is_stub"": false, ""token_count"": 43, ""keywords"": [""operational"", ""contamination"", ""not"", ""this"", ""the"", ""and"", ""procedure"", ""interchangeable"", ""are"", ""chapter""]}"
ch9-f58,ch9,9,1,chapter,Ch9,,Do account for secondary contributions: calcium hypochlorite adds calcium hardness at roughly 0.71 ppm per ppm FC delivered. Chapter 9 §9.10.2.,Do account for secondary contributions: calcium hypochlorite adds calcium hardness at roughly 0.71 ppm per ppm FC delivered. Chapter 9 §9.10.2.,36,False,False,"[""roughly"", ""account"", ""ppm"", ""secondary"", ""contributions"", ""delivered"", ""hardness"", ""hypochlorite"", ""calcium"", ""adds""]","{""chunk_id"": ""ch9-f58"", ""chunk_id_legacy"": ""ch9"", ""parent_chunk_id"": null, ""fragment_type"": ""chapter"", ""level"": 1, ""chapter"": 9, ""hierarchy_path"": ""Ch9"", ""is_regulatory"": false, ""is_stub"": false, ""token_count"": 36, ""keywords"": [""roughly"", ""account"", ""ppm"", ""secondary"", ""contributions"", ""delivered"", ""hardness"", ""hypochlorite"", ""calcium"", ""adds""]}"
ch10-f10,ch10,10,1,chapter,Ch10,,Do monitor filter pressure frequently and clean whenever the differential reaches the trigger or flow reaches the minimum-flow trigger. Chapter 10 §10.13.2.,Do monitor filter pressure frequently and clean whenever the differential reaches the trigger or flow reaches the minimum-flow trigger. Chapter 10 §10.13.2.,31,False,False,"[""monitor"", ""the"", ""whenever"", ""minimum"", ""and"", ""flow"", ""trigger"", ""filter"", ""pressure"", ""clean""]","{""chunk_id"": ""ch10-f10"", ""chunk_id_legacy"": ""ch10"", ""parent_chunk_id"": null, ""fragment_type"": ""chapter"", ""level"": 1, ""chapter"": 10, ""hierarchy_path"": ""Ch10"", ""is_regulatory"": false, ""is_stub"": false, ""token_count"": 31, ""keywords"": [""monitor"", ""the"", ""whenever"", ""minimum"", ""and"", ""flow"", ""trigger"", ""filter"", ""pressure"", ""clean""]}"
ch10-f11,ch10,10,1,chapter,Ch10,,Do record a new clean baseline after each media service. Chapter 10 §10.13.1.,Do record a new clean baseline after each media service. Chapter 10 §10.13.1.,21,False,False,"[""after"", ""new"", ""baseline"", ""record"", ""each"", ""service"", ""clean"", ""media"", ""chapter""]","{""chunk_id"": ""ch10-f11"", ""chunk_id_legacy"": ""ch10"", ""parent_chunk_id"": null, ""fragment_type"": ""chapter"", ""level"": 1, ""chapter"": 10, ""hierarchy_path"": ""Ch10"", ""is_regulatory"": false, ""is_stub"": false, ""token_count"": 21, ""keywords"": [""after"", ""new"", ""baseline"", ""record"", ""each"", ""service"", ""clean"", ""media"", ""chapter""]}"
ch9-f59,ch9,9,1,chapter,Ch9,,Do rebalance after significant makeup water from backwashing. Chapter 9 §9.18.1.,Do rebalance after significant makeup water from backwashing. Chapter 9 §9.18.1.,21,False,False,"[""from"", ""makeup"", ""water"", ""significant"", ""backwashing"", ""rebalance"", ""after"", ""chapter""]","{""chunk_id"": ""ch9-f59"", ""chunk_id_legacy"": ""ch9"", ""parent_chunk_id"": null, ""fragment_type"": ""chapter"", ""level"": 1, ""chapter"": 9, ""hierarchy_path"": ""Ch9"", ""is_regulatory"": false, ""is_stub"": false, ""token_count"": 21, ""keywords"": [""from"", ""makeup"", ""water"", ""significant"", ""backwashing"", ""rebalance"", ""after"", ""chapter""]}"
ch12-f20,ch12,12,1,chapter,Ch12,,Do allow free chlorine to return to the permitted operating range. Do not neutralize chemically unless the product and procedure are permitted and calculated — over-neutralizing leaves no residual at all. Chapter 12 §12.9.5.,Do allow free chlorine to return to the permitted operating range. Do not neutralize chemically unless the product and procedure are permitted and calculated — over-neutralizing leaves no residual at all. Chapter 12 §12.9.5.,47,False,False,"[""range"", ""all"", ""and"", ""unless"", ""procedure"", ""are"", ""product"", ""neutralize"", ""calculated"", ""free""]","{""chunk_id"": ""ch12-f20"", ""chunk_id_legacy"": ""ch12"", ""parent_chunk_id"": null, ""fragment_type"": ""chapter"", ""level"": 1, ""chapter"": 12, ""hierarchy_path"": ""Ch12"", ""is_regulatory"": false, ""is_stub"": false, ""token_count"": 47, ""keywords"": [""range"", ""all"", ""and"", ""unless"", ""procedure"", ""are"", ""product"", ""neutralize"", ""calculated"", ""free""]}"
ch9-f60,ch9,9,1,chapter,Ch9,,"Do retest and correct the full panel: FC, CC, pH, alkalinity, calcium hardness, cyanuric acid. Restore in the Chapter 9 §9.18.1 order.","Do retest and correct the full panel: FC, CC, pH, alkalinity, calcium hardness, cyanuric acid. Restore in the Chapter 9 §9.18.1 order.",40,False,False,"[""cyanuric"", ""order"", ""correct"", ""restore"", ""the"", ""and"", ""full"", ""hardness"", ""acid"", ""calcium""]","{""chunk_id"": ""ch9-f60"", ""chunk_id_legacy"": ""ch9"", ""parent_chunk_id"": null, ""fragment_type"": ""chapter"", ""level"": 1, ""chapter"": 9, ""hierarchy_path"": ""Ch9"", ""is_regulatory"": false, ""is_stub"": false, ""token_count"": 40, ""keywords"": [""cyanuric"", ""order"", ""correct"", ""restore"", ""the"", ""and"", ""full"", ""hardness"", ""acid"", ""calcium""]}"
ch16-f06,ch16,16,1,chapter,Ch16,,Do recompute the saturation index. Chapter 16.,Do recompute the saturation index. Chapter 16.,11,False,True,"[""the"", ""saturation"", ""recompute"", ""index"", ""chapter""]","{""chunk_id"": ""ch16-f06"", ""chunk_id_legacy"": ""ch16"", ""parent_chunk_id"": null, ""fragment_type"": ""chapter"", ""level"": 1, ""chapter"": 16, ""hierarchy_path"": ""Ch16"", ""is_regulatory"": false, ""is_stub"": true, ""token_count"": 11, ""keywords"": [""the"", ""saturation"", ""recompute"", ""index"", ""chapter""]}"
ch25-f02,ch25,25,1,chapter,Ch25,,Indoor chloramine problems are also air-handling problems. Chapter 25.,Indoor chloramine problems are also air-handling problems. Chapter 25.,16,False,False,"[""problems"", ""chloramine"", ""indoor"", ""air"", ""are"", ""also"", ""handling"", ""chapter""]","{""chunk_id"": ""ch25-f02"", ""chunk_id_legacy"": ""ch25"", ""parent_chunk_id"": null, ""fragment_type"": ""chapter"", ""level"": 1, ""chapter"": 25, ""hierarchy_path"": ""Ch25"", ""is_regulatory"": false, ""is_stub"": false, ""token_count"": 16, ""keywords"": [""problems"", ""chloramine"", ""indoor"", ""air"", ""are"", ""also"", ""handling"", ""chapter""]}"
ch28-f11,ch28,28,1,chapter,Ch28,,Superchlorination is not hyperchlorination. Contamination response is Chapter 28.,Superchlorination is not hyperchlorination. Contamination response is Chapter 28.,17,False,False,"[""contamination"", ""not"", ""response"", ""hyperchlorination"", ""chapter"", ""superchlorination""]","{""chunk_id"": ""ch28-f11"", ""chunk_id_legacy"": ""ch28"", ""parent_chunk_id"": null, ""fragment_type"": ""chapter"", ""level"": 1, ""chapter"": 28, ""hierarchy_path"": ""Ch28"", ""is_regulatory"": false, ""is_stub"": false, ""token_count"": 17, ""keywords"": [""contamination"", ""not"", ""response"", ""hyperchlorination"", ""chapter"", ""superchlorination""]}"
ch14-f07,ch14,14,1,chapter,Ch14,,Bromide-based treatments turn a chlorine pool into a bromine pool. Chapter 14 §14.5.3.,Bromide-based treatments turn a chlorine pool into a bromine pool. Chapter 14 §14.5.3.,25,False,False,"[""treatments"", ""bromide"", ""based"", ""bromine"", ""turn"", ""pool"", ""into"", ""chapter"", ""chlorine""]","{""chunk_id"": ""ch14-f07"", ""chunk_id_legacy"": ""ch14"", ""parent_chunk_id"": null, ""fragment_type"": ""chapter"", ""level"": 1, ""chapter"": 14, ""hierarchy_path"": ""Ch14"", ""is_regulatory"": false, ""is_stub"": false, ""token_count"": 25, ""keywords"": [""treatments"", ""bromide"", ""based"", ""bromine"", ""turn"", ""pool"", ""into"", ""chapter"", ""chlorine""]}"
ch21-f05,ch21,21,1,chapter,Ch21,,"Any chemical injury, exposure, spill, unintended mixing, or off-gassing occurs. Medical response and emergency services first; report per code. Chapter 21. [S13, S19]","Any chemical injury, exposure, spill, unintended mixing, or off-gassing occurs. Medical response and emergency services first; report per code. Chapter 21. [S13, S19]",39,False,False,"[""spill"", ""response"", ""and"", ""injury"", ""any"", ""emergency"", ""report"", ""services"", ""exposure"", ""code""]","{""chunk_id"": ""ch21-f05"", ""chunk_id_legacy"": ""ch21"", ""parent_chunk_id"": null, ""fragment_type"": ""chapter"", ""level"": 1, ""chapter"": 21, ""hierarchy_path"": ""Ch21"", ""is_regulatory"": false, ""is_stub"": false, ""token_count"": 39, ""keywords"": [""spill"", ""response"", ""and"", ""injury"", ""any"", ""emergency"", ""report"", ""services"", ""exposure"", ""code""]}"
ch28-f12,ch28,28,1,chapter,Ch28,,"A contamination incident, suspected recreational water illness, or cluster of irritation complaints occurs. Notify the health authority and follow the code-specified protocol. Chapter 28. Do not treat this as a routine water problem. [S5, S6, S17]","A contamination incident, suspected recreational water illness, or cluster of irritation complaints occurs. Notify the health authority and follow the code-specified protocol. Chapter 28. Do not treat this as a routine water problem. [S5, S6, S17]",52,False,False,"[""suspected"", ""illness"", ""recreational"", ""authority"", ""treat"", ""irritation"", ""and"", ""notify"", ""routine"", ""protocol""]","{""chunk_id"": ""ch28-f12"", ""chunk_id_legacy"": ""ch28"", ""parent_chunk_id"": null, ""fragment_type"": ""chapter"", ""level"": 1, ""chapter"": 28, ""hierarchy_path"": ""Ch28"", ""is_regulatory"": false, ""is_stub"": false, ""token_count"": 52, ""keywords"": [""suspected"", ""illness"", ""recreational"", ""authority"", ""treat"", ""irritation"", ""and"", ""notify"", ""routine"", ""protocol""]}"
ch10-f12,ch10,10,1,chapter,Ch10,,"Media bypass is suspected — broken lateral, torn grid, split cartridge, or a filter showing no pressure rise. Chapter 10 §10.14.","Media bypass is suspected — broken lateral, torn grid, split cartridge, or a filter showing no pressure rise. Chapter 10 §10.14.",30,False,False,"[""lateral"", ""suspected"", ""showing"", ""broken"", ""cartridge"", ""pressure"", ""bypass"", ""grid"", ""split"", ""filter""]","{""chunk_id"": ""ch10-f12"", ""chunk_id_legacy"": ""ch10"", ""parent_chunk_id"": null, ""fragment_type"": ""chapter"", ""level"": 1, ""chapter"": 10, ""hierarchy_path"": ""Ch10"", ""is_regulatory"": false, ""is_stub"": false, ""token_count"": 30, ""keywords"": [""lateral"", ""suspected"", ""showing"", ""broken"", ""cartridge"", ""pressure"", ""bypass"", ""grid"", ""split"", ""filter""]}"
ch25-f03,ch25,25,1,chapter,Ch25,,"Indoor air quality complaints or staff respiratory symptoms persist despite good water practice, oxidation, dilution, and source control. Ventilation adequacy is a mechanical engineering assessment; staff exposure may warrant industrial hygiene evaluation. Chapter 25. [S18]","Indoor air quality complaints or staff respiratory symptoms persist despite good water practice, oxidation, dilution, and source control. Ventilation adequacy is a mechanical engineering assessment; staff exposure may warrant industrial hygiene evaluation. Chapter 25. [S18]",50,False,False,"[""respiratory"", ""control"", ""ventilation"", ""may"", ""practice"", ""dilution"", ""assessment"", ""persist"", ""staff"", ""and""]","{""chunk_id"": ""ch25-f03"", ""chunk_id_legacy"": ""ch25"", ""parent_chunk_id"": null, ""fragment_type"": ""chapter"", ""level"": 1, ""chapter"": 25, ""hierarchy_path"": ""Ch25"", ""is_regulatory"": false, ""is_stub"": false, ""token_count"": 50, ""keywords"": [""respiratory"", ""control"", ""ventilation"", ""may"", ""practice"", ""dilution"", ""assessment"", ""persist"", ""staff"", ""and""]}"
ch16-f07,ch16,16,1,chapter,Ch16,,"Plaster is rough, etched, porous, or losing aggregate — the condition that harbours black algae and that indicates a balance history problem. Get the extent assessed. Chapter 16 §16.15.","Plaster is rough, etched, porous, or losing aggregate — the condition that harbours black algae and that indicates a balance history problem. Get the extent assessed. Chapter 16 §16.15.",42,False,False,"[""losing"", ""porous"", ""balance"", ""indicates"", ""etched"", ""and"", ""get"", ""black"", ""extent"", ""problem""]","{""chunk_id"": ""ch16-f07"", ""chunk_id_legacy"": ""ch16"", ""parent_chunk_id"": null, ""fragment_type"": ""chapter"", ""level"": 1, ""chapter"": 16, ""hierarchy_path"": ""Ch16"", ""is_regulatory"": false, ""is_stub"": false, ""token_count"": 42, ""keywords"": [""losing"", ""porous"", ""balance"", ""indicates"", ""etched"", ""and"", ""get"", ""black"", ""extent"", ""problem""]}"
ch9-f61,ch9,9,1,chapter,Ch9,,"A significant drain or partial drain is needed. Structural risk, water table, liner float, and discharge permitting all require professional input. Chapter 9 §9.17.4. [S6]","A significant drain or partial drain is needed. Structural risk, water table, liner float, and discharge permitting all require professional input. Chapter 9 §9.17.4. [S6]",40,False,False,"[""professional"", ""drain"", ""liner"", ""permitting"", ""table"", ""all"", ""risk"", ""and"", ""input"", ""needed""]","{""chunk_id"": ""ch9-f61"", ""chunk_id_legacy"": ""ch9"", ""parent_chunk_id"": null, ""fragment_type"": ""chapter"", ""level"": 1, ""chapter"": 9, ""hierarchy_path"": ""Ch9"", ""is_regulatory"": false, ""is_stub"": false, ""token_count"": 40, ""keywords"": [""professional"", ""drain"", ""liner"", ""permitting"", ""table"", ""all"", ""risk"", ""and"", ""input"", ""needed""]}"
ch17-f02,ch17,17,1,chapter,Ch17,,End of Chapter 17.,End of Chapter 17.,6,False,True,"[""end"", ""chapter""]","{""chunk_id"": ""ch17-f02"", ""chunk_id_legacy"": ""ch17"", ""parent_chunk_id"": null, ""fragment_type"": ""chapter"", ""level"": 1, ""chapter"": 17, ""hierarchy_path"": ""Ch17"", ""is_regulatory"": false, ""is_stub"": true, ""token_count"": 6, ""keywords"": [""end"", ""chapter""]}"
ch17-f03,ch17,17,1,chapter,Ch17,,"Chapter 17B — Shock Protocols, Animals in the Pool, and Equipment in the Water","Chapter 17B — Shock Protocols, Animals in the Pool, and Equipment in the Water",19,False,False,"[""the"", ""and"", ""animals"", ""equipment"", ""protocols"", ""water"", ""shock"", ""pool"", ""chapter""]","{""chunk_id"": ""ch17-f03"", ""chunk_id_legacy"": ""ch17"", ""parent_chunk_id"": null, ""fragment_type"": ""chapter"", ""level"": 1, ""chapter"": 17, ""hierarchy_path"": ""Ch17"", ""is_regulatory"": false, ""is_stub"": false, ""token_count"": 19, ""keywords"": [""the"", ""and"", ""animals"", ""equipment"", ""protocols"", ""water"", ""shock"", ""pool"", ""chapter""]}"
ch9-f62,ch9,9,1,chapter,Ch9,,"Operator Manual — Directive Reference Prerequisites: Chapter 9 (Dosage), Chapter 11 (Parameters), Chapter 12 (Chlorine), Chapter 17 (Water Problems). Pointers only to: Chapter 21 (chemical safety), Chapter 28 (full contamination response), Chapter 29 (suction outlet and drain safety), Chapter 32 / 32A (restart and winterization).","Operator Manual — Directive Reference Prerequisites: Chapter 9 (Dosage), Chapter 11 (Parameters), Chapter 12 (Chlorine), Chapter 17 (Water Problems). Pointers only to: Chapter 21 (chemical safety), Chapter 28 (full contamination response), Chapter 29 (suction outlet and drain safety), Chapter 32 / 32A (restart and winterization).",80,False,False,"[""safety"", ""problems"", ""full"", ""parameters"", ""dosage"", ""reference"", ""outlet"", ""operator"", ""and"", ""winterization""]","{""chunk_id"": ""ch9-f62"", ""chunk_id_legacy"": ""ch9"", ""parent_chunk_id"": null, ""fragment_type"": ""chapter"", ""level"": 1, ""chapter"": 9, ""hierarchy_path"": ""Ch9"", ""is_regulatory"": false, ""is_stub"": false, ""token_count"": 80, ""keywords"": [""safety"", ""problems"", ""full"", ""parameters"", ""dosage"", ""reference"", ""outlet"", ""operator"", ""and"", ""winterization""]}"
ch28-f13,ch28,28,1,chapter,Ch28,,"What this chapter does not do. It does not reproduce the full contamination-response chapter. §17B.2.4 gives the educational framework and the decision path; Chapter 28 carries the complete protocols, documentation, and notification requirements. Where the two are read together, Chapter 28 and your health authority control.","What this chapter does not do. It does not reproduce the full contamination-response chapter. §17B.2.4 gives the educational framework and the decision path; Chapter 28 carries the complete protocols, documentation, and notification requirements. Where the two are read together, Chapter 28 and your health authority control.",63,False,False,"[""full"", ""control"", ""your"", ""reproduce"", ""gives"", ""authority"", ""decision"", ""carries"", ""and"", ""notification""]","{""chunk_id"": ""ch28-f13"", ""chunk_id_legacy"": ""ch28"", ""parent_chunk_id"": null, ""fragment_type"": ""chapter"", ""level"": 1, ""chapter"": 28, ""hierarchy_path"": ""Ch28"", ""is_regulatory"": false, ""is_stub"": false, ""token_count"": 63, ""keywords"": [""full"", ""control"", ""your"", ""reproduce"", ""gives"", ""authority"", ""decision"", ""carries"", ""and"", ""notification""]}"
ch17-f04,ch17,17,1,chapter,Ch17,,Do brush all surfaces if algae is any part of the reason. Chapter 17 §17.7.3.,Do brush all surfaces if algae is any part of the reason. Chapter 17 §17.7.3.,23,False,False,"[""any"", ""brush"", ""the"", ""all"", ""part"", ""algae"", ""surfaces"", ""reason"", ""chapter""]","{""chunk_id"": ""ch17-f04"", ""chunk_id_legacy"": ""ch17"", ""parent_chunk_id"": null, ""fragment_type"": ""chapter"", ""level"": 1, ""chapter"": 17, ""hierarchy_path"": ""Ch17"", ""is_regulatory"": false, ""is_stub"": false, ""token_count"": 23, ""keywords"": [""any"", ""brush"", ""the"", ""all"", ""part"", ""algae"", ""surfaces"", ""reason"", ""chapter""]}"
ch12-f21,ch12,12,1,chapter,Ch12,,"Do select an unstabilized product — calcium hypochlorite, sodium hypochlorite, or lithium hypochlorite — particularly when cyanuric acid is already high, so you are not worsening the condition that may have caused the problem. Chapter 12 §12.4.","Do select an unstabilized product — calcium hypochlorite, sodium hypochlorite, or lithium hypochlorite — particularly when cyanuric acid is already high, so you are not worsening the condition that may have caused the problem. Chapter 12 §12.4.",59,False,False,"[""lithium"", ""cyanuric"", ""caused"", ""select"", ""unstabilized"", ""hypochlorite"", ""may"", ""calcium"", ""sodium"", ""already""]","{""chunk_id"": ""ch12-f21"", ""chunk_id_legacy"": ""ch12"", ""parent_chunk_id"": null, ""fragment_type"": ""chapter"", ""level"": 1, ""chapter"": 12, ""hierarchy_path"": ""Ch12"", ""is_regulatory"": false, ""is_stub"": false, ""token_count"": 59, ""keywords"": [""lithium"", ""cyanuric"", ""caused"", ""select"", ""unstabilized"", ""hypochlorite"", ""may"", ""calcium"", ""sodium"", ""already""]}"
ch9-f63,ch9,9,1,chapter,Ch9,,Do calculate the dose from your volume of record. Chapter 9 §9.6–9.9.,Do calculate the dose from your volume of record. Chapter 9 §9.6–9.9.,22,False,False,"[""calculate"", ""the"", ""from"", ""your"", ""record"", ""dose"", ""volume"", ""chapter""]","{""chunk_id"": ""ch9-f63"", ""chunk_id_legacy"": ""ch9"", ""parent_chunk_id"": null, ""fragment_type"": ""chapter"", ""level"": 1, ""chapter"": 9, ""hierarchy_path"": ""Ch9"", ""is_regulatory"": false, ""is_stub"": false, ""token_count"": 22, ""keywords"": [""calculate"", ""the"", ""from"", ""your"", ""record"", ""dose"", ""volume"", ""chapter""]}"
ch9-f64,ch9,9,1,chapter,Ch9,,Do rebalance in the Chapter 9 §9.18.1 order and re-establish the normal residual.,Do rebalance in the Chapter 9 §9.18.1 order and re-establish the normal residual.,22,False,False,"[""normal"", ""establish"", ""the"", ""order"", ""and"", ""residual"", ""rebalance"", ""chapter""]","{""chunk_id"": ""ch9-f64"", ""chunk_id_legacy"": ""ch9"", ""parent_chunk_id"": null, ""fragment_type"": ""chapter"", ""level"": 1, ""chapter"": 9, ""hierarchy_path"": ""Ch9"", ""is_regulatory"": false, ""is_stub"": false, ""token_count"": 22, ""keywords"": [""normal"", ""establish"", ""the"", ""order"", ""and"", ""residual"", ""rebalance"", ""chapter""]}"
ch12-f22,ch12,12,1,chapter,Ch12,,"Traditional operator training commonly describes operational shock as raising free chlorine to a level in the region of 10 ppm, and Chapter 12 §12.6.2 gives the related educational estimate of targeting roughly ten times the measured combined chlorine for breakpoint purposes.","Traditional operator training commonly describes operational shock as raising free chlorine to a level in the region of 10 ppm, and Chapter 12 §12.6.2 gives the related educational estimate of targeting roughly ten times the measured combined chlorine for breakpoint purposes.",50,False,False,"[""roughly"", ""purposes"", ""traditional"", ""ppm"", ""gives"", ""operational"", ""operator"", ""and"", ""educational"", ""for""]","{""chunk_id"": ""ch12-f22"", ""chunk_id_legacy"": ""ch12"", ""parent_chunk_id"": null, ""fragment_type"": ""chapter"", ""level"": 1, ""chapter"": 12, ""hierarchy_path"": ""Ch12"", ""is_regulatory"": false, ""is_stub"": false, ""token_count"": 50, ""keywords"": [""roughly"", ""purposes"", ""traditional"", ""ppm"", ""gives"", ""operational"", ""operator"", ""and"", ""educational"", ""for""]}"
ch25-f04,ch25,25,1,chapter,Ch25,,"Superchlorination in an indoor facility releases volatile by-products into the air above the water. Do ensure ventilation is operating and the space is unoccupied during and after treatment, and do re-enter per the label's requirements. Chapter 25 covers air handling; this chapter does not restate it.","Superchlorination in an indoor facility releases volatile by-products into the air above the water. Do ensure ventilation is operating and the space is unoccupied during and after treatment, and do re-enter per the label's requirements. Chapter 25 covers air handling; this chapter does not restate it.",59,False,False,"[""products"", ""ventilation"", ""treatment"", ""restate"", ""releases"", ""and"", ""during"", ""unoccupied"", ""label"", ""after""]","{""chunk_id"": ""ch25-f04"", ""chunk_id_legacy"": ""ch25"", ""parent_chunk_id"": null, ""fragment_type"": ""chapter"", ""level"": 1, ""chapter"": 25, ""hierarchy_path"": ""Ch25"", ""is_regulatory"": false, ""is_stub"": false, ""token_count"": 59, ""keywords"": [""products"", ""ventilation"", ""treatment"", ""restate"", ""releases"", ""and"", ""during"", ""unoccupied"", ""label"", ""after""]}"
ch28-f14,ch28,28,1,chapter,Ch28,,"Chapter 28 carries the complete protocol, documentation, and notification requirements. This section gives the framework, the preconditions, and the decision path so an operator recognizes what is required and does not improvise.","Chapter 28 carries the complete protocol, documentation, and notification requirements. This section gives the framework, the preconditions, and the decision path so an operator recognizes what is required and does not improvise.",41,False,False,"[""recognizes"", ""gives"", ""decision"", ""carries"", ""improvise"", ""required"", ""operator"", ""and"", ""notification"", ""what""]","{""chunk_id"": ""ch28-f14"", ""chunk_id_legacy"": ""ch28"", ""parent_chunk_id"": null, ""fragment_type"": ""chapter"", ""level"": 1, ""chapter"": 28, ""hierarchy_path"": ""Ch28"", ""is_regulatory"": false, ""is_stub"": false, ""token_count"": 41, ""keywords"": [""recognizes"", ""gives"", ""decision"", ""carries"", ""improvise"", ""required"", ""operator"", ""and"", ""notification"", ""what""]}"
ch11-f25,ch11,11,1,chapter,Ch11,,Cryptosporidium is highly tolerant of chlorine (Chapter 11 §11.6.2). Inactivation requires an enormous Ct — concentration multiplied by time — that cannot be achieved by any routine practice. The organism survives for days in water that is fully compliant on every chlorine log. [S17],Cryptosporidium is highly tolerant of chlorine (Chapter 11 §11.6.2). Inactivation requires an enormous Ct — concentration multiplied by time — that cannot be achieved by any routine practice. The organism survives for days in water that is fully compliant on every chlorine log. [S17],62,False,False,"[""inactivation"", ""multiplied"", ""practice"", ""concentration"", ""days"", ""requires"", ""fully"", ""routine"", ""achieved"", ""time""]","{""chunk_id"": ""ch11-f25"", ""chunk_id_legacy"": ""ch11"", ""parent_chunk_id"": null, ""fragment_type"": ""chapter"", ""level"": 1, ""chapter"": 11, ""hierarchy_path"": ""Ch11"", ""is_regulatory"": false, ""is_stub"": false, ""token_count"": 62, ""keywords"": [""inactivation"", ""multiplied"", ""practice"", ""concentration"", ""days"", ""requires"", ""fully"", ""routine"", ""achieved"", ""time""]}"
ch13-f14,ch13,13,1,chapter,Ch13,,"Stop. If cyanuric acid exceeds the precondition, the vessel must be diluted first — which means a partial drain, refill, and rebalance before the protocol can even begin. This is why Chapter 13 §13.11 treats a low stabilizer level as a preparedness measure: your CYA today determines whether your response tomorrow takes hours or days.","Stop. If cyanuric acid exceeds the precondition, the vessel must be diluted first — which means a partial drain, refill, and rebalance before the protocol can even begin. This is why Chapter 13 §13.11 treats a low stabilizer level as a preparedness measure: your CYA today determines whether your response tomorrow takes hours or days.",72,True,False,"[""cyanuric"", ""vessel"", ""precondition"", ""even"", ""your"", ""which"", ""before"", ""refill"", ""treats"", ""days""]","{""chunk_id"": ""ch13-f14"", ""chunk_id_legacy"": ""ch13"", ""parent_chunk_id"": null, ""fragment_type"": ""chapter"", ""level"": 1, ""chapter"": 13, ""hierarchy_path"": ""Ch13"", ""is_regulatory"": true, ""is_stub"": false, ""token_count"": 72, ""keywords"": [""cyanuric"", ""vessel"", ""precondition"", ""even"", ""your"", ""which"", ""before"", ""refill"", ""treats"", ""days""]}"
ch9-f65,ch9,9,1,chapter,Ch9,,"Reduce cyanuric acid by dilution if it exceeds the precondition. Chapter 9 §9.17, Chapter 13 §13.10. Refill, rebalance, and re-verify CYA before proceeding. Do not skip this to save time — the protocol will not achieve the required Ct.","Reduce cyanuric acid by dilution if it exceeds the precondition. Chapter 9 §9.17, Chapter 13 §13.10. Refill, rebalance, and re-verify CYA before proceeding. Do not skip this to save time — the protocol will not achieve the required Ct.",62,False,False,"[""proceeding"", ""cyanuric"", ""precondition"", ""dilution"", ""before"", ""refill"", ""required"", ""will"", ""and"", ""time""]","{""chunk_id"": ""ch9-f65"", ""chunk_id_legacy"": ""ch9"", ""parent_chunk_id"": null, ""fragment_type"": ""chapter"", ""level"": 1, ""chapter"": 9, ""hierarchy_path"": ""Ch9"", ""is_regulatory"": false, ""is_stub"": false, ""token_count"": 62, ""keywords"": [""proceeding"", ""cyanuric"", ""precondition"", ""dilution"", ""before"", ""refill"", ""required"", ""will"", ""and"", ""time""]}"
ch12-f23,ch12,12,1,chapter,Ch12,,Return free chlorine to the normal operating range. Allow natural decay with circulation running. Do not neutralize chemically unless permitted and calculated — over-neutralizing leaves no residual at all. Chapter 12 §12.9.5.,Return free chlorine to the normal operating range. Allow natural decay with circulation running. Do not neutralize chemically unless permitted and calculated — over-neutralizing leaves no residual at all. Chapter 12 §12.9.5.,46,False,False,"[""range"", ""decay"", ""all"", ""and"", ""unless"", ""with"", ""neutralize"", ""natural"", ""calculated"", ""circulation""]","{""chunk_id"": ""ch12-f23"", ""chunk_id_legacy"": ""ch12"", ""parent_chunk_id"": null, ""fragment_type"": ""chapter"", ""level"": 1, ""chapter"": 12, ""hierarchy_path"": ""Ch12"", ""is_regulatory"": false, ""is_stub"": false, ""token_count"": 46, ""keywords"": [""range"", ""decay"", ""all"", ""and"", ""unless"", ""with"", ""neutralize"", ""natural"", ""calculated"", ""circulation""]}"
ch9-f66,ch9,9,1,chapter,Ch9,,"Retest the full panel, rebalance in the Chapter 9 §9.18.1 order, and verify clarity.","Retest the full panel, rebalance in the Chapter 9 §9.18.1 order, and verify clarity.",25,False,False,"[""rebalance"", ""order"", ""the"", ""clarity"", ""and"", ""full"", ""panel"", ""verify"", ""retest"", ""chapter""]","{""chunk_id"": ""ch9-f66"", ""chunk_id_legacy"": ""ch9"", ""parent_chunk_id"": null, ""fragment_type"": ""chapter"", ""level"": 1, ""chapter"": 9, ""hierarchy_path"": ""Ch9"", ""is_regulatory"": false, ""is_stub"": false, ""token_count"": 25, ""keywords"": [""rebalance"", ""order"", ""the"", ""clarity"", ""and"", ""full"", ""panel"", ""verify"", ""retest"", ""chapter""]}"
ch28-f15,ch28,28,1,chapter,Ch28,,"Document completely per Chapter 28 and your code: incident description, time, all readings at all stages, hold period start and end, product and doses, filter action, notifications, and reopening authorization.","Document completely per Chapter 28 and your code: incident description, time, all readings at all stages, hold period start and end, product and doses, filter action, notifications, and reopening authorization.",40,False,False,"[""notifications"", ""your"", ""document"", ""description"", ""readings"", ""start"", ""all"", ""and"", ""authorization"", ""time""]","{""chunk_id"": ""ch28-f15"", ""chunk_id_legacy"": ""ch28"", ""parent_chunk_id"": null, ""fragment_type"": ""chapter"", ""level"": 1, ""chapter"": 28, ""hierarchy_path"": ""Ch28"", ""is_regulatory"": false, ""is_stub"": false, ""token_count"": 40, ""keywords"": [""notifications"", ""your"", ""document"", ""description"", ""readings"", ""start"", ""all"", ""and"", ""authorization"", ""time""]}"
ch28-f16,ch28,28,1,chapter,Ch28,,"On blood: public health guidance addresses blood incidents differently from fecal incidents, and some local codes impose their own requirements. Do follow Chapter 28 and your local code rather than improvising. [S5, S6]","On blood: public health guidance addresses blood incidents differently from fecal incidents, and some local codes impose their own requirements. Do follow Chapter 28 and your local code rather than improvising. [S5, S6]",45,False,False,"[""blood"", ""than"", ""fecal"", ""your"", ""improvising"", ""local"", ""and"", ""impose"", ""guidance"", ""their""]","{""chunk_id"": ""ch28-f16"", ""chunk_id_legacy"": ""ch28"", ""parent_chunk_id"": null, ""fragment_type"": ""chapter"", ""level"": 1, ""chapter"": 28, ""hierarchy_path"": ""Ch28"", ""is_regulatory"": false, ""is_stub"": false, ""token_count"": 45, ""keywords"": [""blood"", ""than"", ""fecal"", ""your"", ""improvising"", ""local"", ""and"", ""impose"", ""guidance"", ""their""]}"
ch12-f24,ch12,12,1,chapter,Ch12,,Chapter 12 §12.8 carries the full treatment.,Chapter 12 §12.8 carries the full treatment.,12,False,True,"[""the"", ""full"", ""treatment"", ""chapter"", ""carries""]","{""chunk_id"": ""ch12-f24"", ""chunk_id_legacy"": ""ch12"", ""parent_chunk_id"": null, ""fragment_type"": ""chapter"", ""level"": 1, ""chapter"": 12, ""hierarchy_path"": ""Ch12"", ""is_regulatory"": false, ""is_stub"": true, ""token_count"": 12, ""keywords"": [""the"", ""full"", ""treatment"", ""chapter"", ""carries""]}"
ch12-17-14-1,ch12-17-14-1,12,3,subsection,Ch12/17B.3.5 Water treatment after an animal incident — IF/THEN branches,,17B.3.5 Water treatment after an animal incident — IF/THEN branches,"IF  incidental contact only - animal was in the water briefly, NO visible feces, water not fouled, animal appeared healthy THEN 1. Physical cleanup complete (17B.3.4 or live-exit) 2. Brush affected surfaces 3. Test FC, CC, pH; correct pH into band 4. RESTORE the operational residual; if the residual dropped or CC rose, perform an OPERATIONAL SHOCK (17B.2.4) 5. Run circulation and filtration continuously; clean filter as needed 6. Retest full panel; verify clarity 7. Reopen on verified tests per code IF  VISIBLE FECES present, OR the water is heavily fouled, OR the animal was a bird whose droppings are in the water THEN 1. Treat as a FECAL CONTAMINATION EVENT 2. Physically remove ALL visible material by net - never through the filter 3. Apply the FORMED-STOOL-style protocol as a minimum (17B.2.5) 4. Escalate to the DIARRHEAL path if the feces were loose, if the animal appeared ill, if the extent is significant, or if you are in ANY doubt 5. Consult the local health department on which path applies",262,False,False,"[""visible"", ""incident"", ""water"", ""treatment"", ""then"", ""after"", ""branches"", ""animal""]","{""chunk_id"": ""ch12-17-14-1"", ""chunk_id_legacy"": ""ch12-17-14-1"", ""parent_chunk_id"": null, ""fragment_type"": ""subsection"", ""level"": 3, ""chapter"": 12, ""hierarchy_path"": ""Ch12/17B.3.5 Water treatment after an animal incident — IF/THEN branches"", ""is_regulatory"": false, ""is_stub"": false, ""token_count"": 262, ""keywords"": [""visible"", ""incident"", ""water"", ""treatment"", ""then"", ""after"", ""branches"", ""animal""]}"
ch28-f17,ch28,28,1,chapter,Ch28,,6. Chapter 28 for the full protocol,6. Chapter 28 for the full protocol,9,False,True,"[""the"", ""full"", ""for"", ""protocol"", ""chapter""]","{""chunk_id"": ""ch28-f17"", ""chunk_id_legacy"": ""ch28"", ""parent_chunk_id"": null, ""fragment_type"": ""chapter"", ""level"": 1, ""chapter"": 28, ""hierarchy_path"": ""Ch28"", ""is_regulatory"": false, ""is_stub"": true, ""token_count"": 9, ""keywords"": [""the"", ""full"", ""for"", ""protocol"", ""chapter""]}"
ch28-17-14,ch28-17-14,28,2,section,Ch28/17.14 Sources used in this chapter,ch28-f01,17.14 Sources used in this chapter,"IF  a DROWNED MAMMAL is involved, ESPECIALLY A RACCOON, or feces from a mammal are present, or the species is high-concern (raccoon, bat, any animal that appeared ill) THEN 1. CLOSE the vessel - and keep it closed 2. Physical removal only, full PPE, no filter vacuuming 3. CONTACT THE LOCAL HEALTH DEPARTMENT BEFORE deciding the treatment path - raccoon feces may carry a parasite highly resistant to chlorine, so routine hyperchlorination may not be sufficient and physical removal and filter media handling become central",125,False,False,"[""used"", ""this"", ""feces"", ""mammal"", ""raccoon"", ""sources"", ""chapter""]","{""chunk_id"": ""ch28-17-14"", ""chunk_id_legacy"": ""ch28-17-14"", ""parent_chunk_id"": ""ch28-f01"", ""fragment_type"": ""section"", ""level"": 2, ""chapter"": 28, ""hierarchy_path"": ""Ch28/17.14 Sources used in this chapter"", ""is_regulatory"": false, ""is_stub"": false, ""token_count"": 125, ""keywords"": [""used"", ""this"", ""feces"", ""mammal"", ""raccoon"", ""sources"", ""chapter""]}"
ch28-f18,ch28,28,1,chapter,Ch28,,4. Follow the CONTAMINATION RESPONSE path (Chapter 28) and any additional,4. Follow the CONTAMINATION RESPONSE path (Chapter 28) and any additional,17,False,False,"[""contamination"", ""any"", ""the"", ""and"", ""additional"", ""response"", ""path"", ""follow"", ""chapter""]","{""chunk_id"": ""ch28-f18"", ""chunk_id_legacy"": ""ch28"", ""parent_chunk_id"": null, ""fragment_type"": ""chapter"", ""level"": 1, ""chapter"": 28, ""hierarchy_path"": ""Ch28"", ""is_regulatory"": false, ""is_stub"": false, ""token_count"": 17, ""keywords"": [""contamination"", ""any"", ""the"", ""and"", ""additional"", ""response"", ""path"", ""follow"", ""chapter""]}"
ch8-f31,ch8,8,1,chapter,Ch8,,Do inspect the skimmer baskets and pump strainer — small items travel. Chapter 8 §8.13.,Do inspect the skimmer baskets and pump strainer — small items travel. Chapter 8 §8.13.,23,False,False,"[""strainer"", ""pump"", ""the"", ""inspect"", ""items"", ""and"", ""small"", ""skimmer"", ""baskets"", ""travel""]","{""chunk_id"": ""ch8-f31"", ""chunk_id_legacy"": ""ch8"", ""parent_chunk_id"": null, ""fragment_type"": ""chapter"", ""level"": 1, ""chapter"": 8, ""hierarchy_path"": ""Ch8"", ""is_regulatory"": false, ""is_stub"": false, ""token_count"": 23, ""keywords"": [""strainer"", ""pump"", ""the"", ""inspect"", ""items"", ""and"", ""small"", ""skimmer"", ""baskets"", ""travel""]}"
ch9-f67,ch9,9,1,chapter,Ch9,,"Do assess whether the vessel can be corrected chemically at all. A large addition of the wrong product — or any addition of an unidentified product — commonly requires a partial or full drain and refill. Draining raises structural, water table, liner float, and discharge permitting questions; Chapter 9 §9.17.4 and Chapter 32 / 32A. [S6]","Do assess whether the vessel can be corrected chemically at all. A large addition of the wrong product — or any addition of an unidentified product — commonly requires a partial or full drain and refill. Draining raises structural, water table, liner float, and discharge permitting questions; Chapter 9 §9.17.4 and Chapter 32 / 32A. [S6]",77,False,False,"[""vessel"", ""assess"", ""full"", ""questions"", ""refill"", ""large"", ""requires"", ""all"", ""and"", ""draining""]","{""chunk_id"": ""ch9-f67"", ""chunk_id_legacy"": ""ch9"", ""parent_chunk_id"": null, ""fragment_type"": ""chapter"", ""level"": 1, ""chapter"": 9, ""hierarchy_path"": ""Ch9"", ""is_regulatory"": false, ""is_stub"": false, ""token_count"": 77, ""keywords"": [""vessel"", ""assess"", ""full"", ""questions"", ""refill"", ""large"", ""requires"", ""all"", ""and"", ""draining""]}"
ch29-f01,ch29,29,1,chapter,Ch29,,Do confirm that compliant suction outlet protection is intact and correctly installed before reopening. Chapter 29 carries the full treatment of suction outlet and drain safety; this chapter does not restate it.,Do confirm that compliant suction outlet protection is intact and correctly installed before reopening. Chapter 29 carries the full treatment of suction outlet and drain safety; this chapter does not restate it.,37,False,False,"[""safety"", ""full"", ""treatment"", ""installed"", ""intact"", ""restate"", ""before"", ""carries"", ""outlet"", ""and""]","{""chunk_id"": ""ch29-f01"", ""chunk_id_legacy"": ""ch29"", ""parent_chunk_id"": null, ""fragment_type"": ""chapter"", ""level"": 1, ""chapter"": 29, ""hierarchy_path"": ""Ch29"", ""is_regulatory"": false, ""is_stub"": false, ""token_count"": 37, ""keywords"": [""safety"", ""full"", ""treatment"", ""installed"", ""intact"", ""restate"", ""before"", ""carries"", ""outlet"", ""and""]}"
ch9-f68,ch9,9,1,chapter,Ch9,,"The full panel is rebalanced in the Chapter 9 §9.18.1 order, and the normal residual is re-established.","The full panel is rebalanced in the Chapter 9 §9.18.1 order, and the normal residual is re-established.",28,False,False,"[""normal"", ""established"", ""order"", ""the"", ""and"", ""full"", ""panel"", ""rebalanced"", ""residual"", ""chapter""]","{""chunk_id"": ""ch9-f68"", ""chunk_id_legacy"": ""ch9"", ""parent_chunk_id"": null, ""fragment_type"": ""chapter"", ""level"": 1, ""chapter"": 9, ""hierarchy_path"": ""Ch9"", ""is_regulatory"": false, ""is_stub"": false, ""token_count"": 28, ""keywords"": [""normal"", ""established"", ""order"", ""the"", ""and"", ""full"", ""panel"", ""rebalanced"", ""residual"", ""chapter""]}"
ch12-f25,ch12,12,1,chapter,Ch12,,"The residual cannot be held after treatment, or the water will not clear. Chapter 12 §12.9.1, Chapter 17 §17.2.","The residual cannot be held after treatment, or the water will not clear. Chapter 12 §12.9.1, Chapter 17 §17.2.",33,False,False,"[""will"", ""not"", ""the"", ""held"", ""treatment"", ""water"", ""residual"", ""after"", ""cannot"", ""chapter""]","{""chunk_id"": ""ch12-f25"", ""chunk_id_legacy"": ""ch12"", ""parent_chunk_id"": null, ""fragment_type"": ""chapter"", ""level"": 1, ""chapter"": 12, ""hierarchy_path"": ""Ch12"", ""is_regulatory"": false, ""is_stub"": false, ""token_count"": 33, ""keywords"": [""will"", ""not"", ""the"", ""held"", ""treatment"", ""water"", ""residual"", ""after"", ""cannot"", ""chapter""]}"
ch29-f02,ch29,29,1,chapter,Ch29,,"A suction outlet cover is missing, damaged, loose, or of uncertain compliance. Vessel closed; qualified repair with compliant components. Chapter 29. [S25]","A suction outlet cover is missing, damaged, loose, or of uncertain compliance. Vessel closed; qualified repair with compliant components. Chapter 29. [S25]",34,False,False,"[""compliant"", ""repair"", ""vessel"", ""qualified"", ""outlet"", ""uncertain"", ""suction"", ""compliance"", ""closed"", ""loose""]","{""chunk_id"": ""ch29-f02"", ""chunk_id_legacy"": ""ch29"", ""parent_chunk_id"": null, ""fragment_type"": ""chapter"", ""level"": 1, ""chapter"": 29, ""hierarchy_path"": ""Ch29"", ""is_regulatory"": false, ""is_stub"": false, ""token_count"": 34, ""keywords"": [""compliant"", ""repair"", ""vessel"", ""qualified"", ""outlet"", ""uncertain"", ""suction"", ""compliance"", ""closed"", ""loose""]}"
ch9-f69,ch9,9,1,chapter,Ch9,,"A drain or partial drain is required for chemical dilution, cyanuric acid reduction, or inspection. Structural, water table, liner float, and discharge permitting all require professional input. Chapter 9 §9.17.4, Chapter 32 / 32A. [S6]","A drain or partial drain is required for chemical dilution, cyanuric acid reduction, or inspection. Structural, water table, liner float, and discharge permitting all require professional input. Chapter 9 §9.17.4, Chapter 32 / 32A. [S6]",59,False,False,"[""professional"", ""cyanuric"", ""dilution"", ""required"", ""all"", ""and"", ""input"", ""structural"", ""require"", ""for""]","{""chunk_id"": ""ch9-f69"", ""chunk_id_legacy"": ""ch9"", ""parent_chunk_id"": null, ""fragment_type"": ""chapter"", ""level"": 1, ""chapter"": 9, ""hierarchy_path"": ""Ch9"", ""is_regulatory"": false, ""is_stub"": false, ""token_count"": 59, ""keywords"": [""professional"", ""cyanuric"", ""dilution"", ""required"", ""all"", ""and"", ""input"", ""structural"", ""require"", ""for""]}"
ch17-f05,ch17,17,1,chapter,Ch17,,End of Chapter 17B.,End of Chapter 17B.,7,False,True,"[""end"", ""chapter""]","{""chunk_id"": ""ch17-f05"", ""chunk_id_legacy"": ""ch17"", ""parent_chunk_id"": null, ""fragment_type"": ""chapter"", ""level"": 1, ""chapter"": 17, ""hierarchy_path"": ""Ch17"", ""is_regulatory"": false, ""is_stub"": true, ""token_count"": 7, ""keywords"": [""end"", ""chapter""]}"
ch18-f01,ch18,18,1,chapter,Ch18,,Chapter 18 — How to Test the Water,Chapter 18 — How to Test the Water,9,False,True,"[""the"", ""how"", ""test"", ""water"", ""chapter""]","{""chunk_id"": ""ch18-f01"", ""chunk_id_legacy"": ""ch18"", ""parent_chunk_id"": null, ""fragment_type"": ""chapter"", ""level"": 1, ""chapter"": 18, ""hierarchy_path"": ""Ch18"", ""is_regulatory"": false, ""is_stub"": true, ""token_count"": 9, ""keywords"": [""the"", ""how"", ""test"", ""water"", ""chapter""]}"
ch11-f26,ch11,11,1,chapter,Ch11,,Operator Manual — Directive Reference Prerequisites: Chapter 11 (Water Chemistry Parameters). Chapter 11 §11.14 owns testing frequency; Chapter 11 §11.5 introduces method failure modes and this chapter is their authoritative treatment.,Operator Manual — Directive Reference Prerequisites: Chapter 11 (Water Chemistry Parameters). Chapter 11 §11.14 owns testing frequency; Chapter 11 §11.5 introduces method failure modes and this chapter is their authoritative treatment.,46,False,False,"[""testing"", ""owns"", ""treatment"", ""parameters"", ""reference"", ""operator"", ""and"", ""method"", ""modes"", ""manual""]","{""chunk_id"": ""ch11-f26"", ""chunk_id_legacy"": ""ch11"", ""parent_chunk_id"": null, ""fragment_type"": ""chapter"", ""level"": 1, ""chapter"": 11, ""hierarchy_path"": ""Ch11"", ""is_regulatory"": false, ""is_stub"": false, ""token_count"": 46, ""keywords"": [""testing"", ""owns"", ""treatment"", ""parameters"", ""reference"", ""operator"", ""and"", ""method"", ""modes"", ""manual""]}"
ch11-18-1-2-1,ch11-18-1-2-1,11,3,subsection,"Ch11/Do additionally sample any location where a problem is visible — an algal patch, a cloudy area, a corner — and record it as a separate, labelled result, not as the routine reading.",,"Do additionally sample any location where a problem is visible — an algal patch, a cloudy area, a corner — and record it as a separate, labelled result, not as the routine reading.","1. Rinse the sample container two or three times WITH THE POOL WATER at the sampling point. Discard each rinse away from the sample point. 2. Invert the container - mouth downward - and lower it to roughly ELBOW DEPTH: about 12 to 18 inches below the surface. 3. Turn the container upright at that depth and allow it to fill. 4. Withdraw it without letting surface water pour in. 5. Cap it, and test IMMEDIATELY.",105,False,False,"[""container"", ""area"", ""record"", ""cloudy"", ""result"", ""visible"", ""and"", ""routine"", ""separate"", ""any""]","{""chunk_id"": ""ch11-18-1-2-1"", ""chunk_id_legacy"": ""ch11-18-1-2-1"", ""parent_chunk_id"": null, ""fragment_type"": ""subsection"", ""level"": 3, ""chapter"": 11, ""hierarchy_path"": ""Ch11/Do additionally sample any location where a problem is visible — an algal patch, a cloudy area, a corner — and record it as a separate, labelled result, not as the routine reading."", ""is_regulatory"": false, ""is_stub"": false, ""token_count"": 105, ""keywords"": [""container"", ""area"", ""record"", ""cloudy"", ""result"", ""visible"", ""and"", ""routine"", ""separate"", ""any""]}"
ch11-f27,ch11,11,1,chapter,Ch11,,Chapter 11 §11.14 owns frequency. This is the trigger list.,Chapter 11 §11.14 owns frequency. This is the trigger list.,16,False,False,"[""this"", ""the"", ""list"", ""trigger"", ""owns"", ""frequency"", ""chapter""]","{""chunk_id"": ""ch11-f27"", ""chunk_id_legacy"": ""ch11"", ""parent_chunk_id"": null, ""fragment_type"": ""chapter"", ""level"": 1, ""chapter"": 11, ""hierarchy_path"": ""Ch11"", ""is_regulatory"": false, ""is_stub"": false, ""token_count"": 16, ""keywords"": [""this"", ""the"", ""list"", ""trigger"", ""owns"", ""frequency"", ""chapter""]}"
ch11-f28,ch11,11,1,chapter,Ch11,,"Typical educational targets only. Chapter 11 §11.14 carries the fuller table. Your local code controls and is often more demanding. [S5, S6]","Typical educational targets only. Chapter 11 §11.14 carries the fuller table. Your local code controls and is often more demanding. [S5, S6]",35,False,False,"[""local"", ""the"", ""fuller"", ""table"", ""and"", ""your"", ""educational"", ""only"", ""code"", ""often""]","{""chunk_id"": ""ch11-f28"", ""chunk_id_legacy"": ""ch11"", ""parent_chunk_id"": null, ""fragment_type"": ""chapter"", ""level"": 1, ""chapter"": 11, ""hierarchy_path"": ""Ch11"", ""is_regulatory"": false, ""is_stub"": false, ""token_count"": 35, ""keywords"": [""local"", ""the"", ""fuller"", ""table"", ""and"", ""your"", ""educational"", ""only"", ""code"", ""often""]}"
ch11-f29,ch11,11,1,chapter,Ch11,,Do always test pH alongside chlorine. A chlorine reading without a companion pH reading does not tell you your disinfection capacity. Chapter 11 §11.8.2.,Do always test pH alongside chlorine. A chlorine reading without a companion pH reading does not tell you your disinfection capacity. Chapter 11 §11.8.2.,34,False,False,"[""not"", ""tell"", ""does"", ""alongside"", ""your"", ""you"", ""reading"", ""test"", ""disinfection"", ""chlorine""]","{""chunk_id"": ""ch11-f29"", ""chunk_id_legacy"": ""ch11"", ""parent_chunk_id"": null, ""fragment_type"": ""chapter"", ""level"": 1, ""chapter"": 11, ""hierarchy_path"": ""Ch11"", ""is_regulatory"": false, ""is_stub"": false, ""token_count"": 34, ""keywords"": [""not"", ""tell"", ""does"", ""alongside"", ""your"", ""you"", ""reading"", ""test"", ""disinfection"", ""chlorine""]}"
ch11-f30,ch11,11,1,chapter,Ch11,,"Stop. OTO reagent measures total chlorine only and cannot distinguish free from combined. Operators routinely log an OTO result as free chlorine and believe in a residual they do not have. Do know which reagent your kit uses. Chapter 11 §11.5.2, Chapter 12 §12.2.2.","Stop. OTO reagent measures total chlorine only and cannot distinguish free from combined. Operators routinely log an OTO result as free chlorine and believe in a residual they do not have. Do know which reagent your kit uses. Chapter 11 §11.5.2, Chapter 12 §12.2.2.",66,False,False,"[""oto"", ""your"", ""distinguish"", ""know"", ""which"", ""result"", ""total"", ""and"", ""reagent"", ""believe""]","{""chunk_id"": ""ch11-f30"", ""chunk_id_legacy"": ""ch11"", ""parent_chunk_id"": null, ""fragment_type"": ""chapter"", ""level"": 1, ""chapter"": 11, ""hierarchy_path"": ""Ch11"", ""is_regulatory"": false, ""is_stub"": false, ""token_count"": 66, ""keywords"": [""oto"", ""your"", ""distinguish"", ""know"", ""which"", ""result"", ""total"", ""and"", ""reagent"", ""believe""]}"
ch17-f06,ch17,17,1,chapter,Ch17,,"Chlorine is elevated — during and after any superchlorination, and throughout a hyperchlorination hold period where the whole protocol depends on knowing the concentration is being maintained. Chapter 17B §17B.2.5.","Chlorine is elevated — during and after any superchlorination, and throughout a hyperchlorination hold period where the whole protocol depends on knowing the concentration is being maintained. Chapter 17B §17B.2.5.",47,False,False,"[""throughout"", ""elevated"", ""depends"", ""maintained"", ""hyperchlorination"", ""knowing"", ""concentration"", ""and"", ""during"", ""protocol""]","{""chunk_id"": ""ch17-f06"", ""chunk_id_legacy"": ""ch17"", ""parent_chunk_id"": null, ""fragment_type"": ""chapter"", ""level"": 1, ""chapter"": 17, ""hierarchy_path"": ""Ch17"", ""is_regulatory"": false, ""is_stub"": false, ""token_count"": 47, ""keywords"": [""throughout"", ""elevated"", ""depends"", ""maintained"", ""hyperchlorination"", ""knowing"", ""concentration"", ""and"", ""during"", ""protocol""]}"
ch17-18-4-3-1,ch17-18-4-3-1,17,3,subsection,"Ch17/Follow your kit's instruction sheet for sample volume, reagent identities and quantities, drop factors, and the calculation convention. [S11]",,"Follow your kit's instruction sheet for sample volume, reagent identities and quantities, drop factors, and the calculation convention. [S11]","STEP 1  SAMPLE - Collect per section 18.1: elbow depth, away from returns, immediately - Rinse the titration vessel with the sample water - Measure the sample volume EXACTLY to the mark the kit specifies (the volume determines the factor - see 18.4.4) STEP 2  DEVELOP THE FREE CHLORINE COLOUR - Add the DPD powder/indicator and buffer reagent(s) as the kit directs - Swirl until dissolved. Undissolved powder will end the titration early - A pink colour develops, proportional to free chlorine STEP 3  TITRATE TO A COLOURLESS ENDPOINT - COUNT THE DROPS - Hold the titrant dropper VERTICALLY for consistent drop size - Add ONE drop, swirl, observe. Repeat - SLOW DOWN as the colour fades - the last few drops matter - The endpoint is the FIRST drop at which the pink is COMPLETELY GONE - Record the DROP COUNT FREE CHLORINE = drops x the kit's factor STEP 4  RELEASE THE COMBINED CHLORINE - Add the total-chlorine reagent (iodide-containing) as the kit directs - Swirl and wait the specified time - Pink returns, corresponding to the combined chlorine STEP 5  TITRATE AGAIN - COUNT THESE DROPS SEPARATELY - Continue titrating to a colourless endpoint using the same technique - Record this SECOND drop count separately from the first CALCULATE per your kit's convention: - Many kits: the SECOND drop count x factor = COMBINED CHLORINE, and TOTAL = FREE + COMBINED - Other kits: the second titration yields TOTAL, from which you subtract FREE to get COMBINED **Kits differ. Use YOUR kit's stated calculation. Do not assume.** STEP 6  RECORD - Both drop counts, the sample volume, the factor applied, and the three computed values (FC, CC, TC)",404,False,False,"[""calculation"", ""sheet"", ""your"", ""step"", ""identities"", ""and"", ""convention"", ""reagent"", ""for"", ""factors""]","{""chunk_id"": ""ch17-18-4-3-1"", ""chunk_id_legacy"": ""ch17-18-4-3-1"", ""parent_chunk_id"": null, ""fragment_type"": ""subsection"", ""level"": 3, ""chapter"": 17, ""hierarchy_path"": ""Ch17/Follow your kit's instruction sheet for sample volume, reagent identities and quantities, drop factors, and the calculation convention. [S11]"", ""is_regulatory"": false, ""is_stub"": false, ""token_count"": 404, ""keywords"": [""calculation"", ""sheet"", ""your"", ""step"", ""identities"", ""and"", ""convention"", ""reagent"", ""for"", ""factors""]}"
ch17-18-4-4-1,ch17-18-4-4-1,17,3,subsection,Ch17/Worked calculation,,Worked calculation,"Sample volume: the kit's high-resolution volume, factor 0.2 ppm per drop First titration  (free chlorine):     14 drops Second titration (combined chlorine):  3 drops FREE CHLORINE     = 14 x 0.2 = 2.8 ppm COMBINED CHLORINE =  3 x 0.2 = 0.6 ppm TOTAL CHLORINE    = 2.8 + 0.6 = 3.4 ppm",105,False,False,"[""calculation"", ""titration"", ""volume"", ""worked"", ""chlorine""]","{""chunk_id"": ""ch17-18-4-4-1"", ""chunk_id_legacy"": ""ch17-18-4-4-1"", ""parent_chunk_id"": null, ""fragment_type"": ""subsection"", ""level"": 3, ""chapter"": 17, ""hierarchy_path"": ""Ch17/Worked calculation"", ""is_regulatory"": false, ""is_stub"": false, ""token_count"": 105, ""keywords"": [""calculation"", ""titration"", ""volume"", ""worked"", ""chlorine""]}"
ch16-f08,ch16,16,1,chapter,Ch16,,"Stop. Suspect this interference whenever a pH result is unexpectedly low in a vessel with elevated chlorine. Retest with the dechlorinating step before acting. This error appears in Chapter 16 §16.11.2 as well, because it also biases the saturation index toward ""aggressive.""","Stop. Suspect this interference whenever a pH result is unexpectedly low in a vessel with elevated chlorine. Retest with the dechlorinating step before acting. This error appears in Chapter 16 §16.11.2 as well, because it also biases the saturation index toward ""aggressive.""",59,False,False,"[""vessel"", ""elevated"", ""interference"", ""dechlorinating"", ""step"", ""before"", ""result"", ""well"", ""toward"", ""suspect""]","{""chunk_id"": ""ch16-f08"", ""chunk_id_legacy"": ""ch16"", ""parent_chunk_id"": null, ""fragment_type"": ""chapter"", ""level"": 1, ""chapter"": 16, ""hierarchy_path"": ""Ch16"", ""is_regulatory"": false, ""is_stub"": false, ""token_count"": 59, ""keywords"": [""vessel"", ""elevated"", ""interference"", ""dechlorinating"", ""step"", ""before"", ""result"", ""well"", ""toward"", ""suspect""]}"
ch13-f15,ch13,13,1,chapter,Ch13,,"Do wait the label-specified period before retesting, and do record the addition date on the log so the next person knows a dose is still dissolving. Stop. Never dose stabilizer twice on an early reading. Chapter 13 §13.7.5.","Do wait the label-specified period before retesting, and do record the addition date on the log so the next person knows a dose is still dissolving. Stop. Never dose stabilizer twice on an early reading. Chapter 13 §13.7.5.",54,False,False,"[""person"", ""early"", ""never"", ""record"", ""before"", ""dissolving"", ""knows"", ""wait"", ""and"", ""label""]","{""chunk_id"": ""ch13-f15"", ""chunk_id_legacy"": ""ch13"", ""parent_chunk_id"": null, ""fragment_type"": ""chapter"", ""level"": 1, ""chapter"": 13, ""hierarchy_path"": ""Ch13"", ""is_regulatory"": false, ""is_stub"": false, ""token_count"": 54, ""keywords"": [""person"", ""early"", ""never"", ""record"", ""before"", ""dissolving"", ""knows"", ""wait"", ""and"", ""label""]}"
ch17-f07,ch17,17,1,chapter,Ch17,,Metals are suspected and identification matters for treatment. Laboratory analysis; Chapter 17 §17.4.,Metals are suspected and identification matters for treatment. Laboratory analysis; Chapter 17 §17.4.,21,False,False,"[""suspected"", ""identification"", ""and"", ""matters"", ""metals"", ""are"", ""treatment"", ""laboratory"", ""analysis"", ""for""]","{""chunk_id"": ""ch17-f07"", ""chunk_id_legacy"": ""ch17"", ""parent_chunk_id"": null, ""fragment_type"": ""chapter"", ""level"": 1, ""chapter"": 17, ""hierarchy_path"": ""Ch17"", ""is_regulatory"": false, ""is_stub"": false, ""token_count"": 21, ""keywords"": [""suspected"", ""identification"", ""and"", ""matters"", ""metals"", ""are"", ""treatment"", ""laboratory"", ""analysis"", ""for""]}"
ch17-f08,ch17,17,1,chapter,Ch17,,"A contamination-response protocol requires monitoring you cannot perform reliably — for example, maintaining and verifying a high residual through a hyperchlorination hold without a FAS-DPD kit. Obtain the capability before you need it. Chapter 17B §17B.2.5.","A contamination-response protocol requires monitoring you cannot perform reliably — for example, maintaining and verifying a high residual through a hyperchlorination hold without a FAS-DPD kit. Obtain the capability before you need it. Chapter 17B §17B.2.5.",54,False,False,"[""capability"", ""reliably"", ""maintaining"", ""need"", ""example"", ""hyperchlorination"", ""before"", ""without"", ""requires"", ""and""]","{""chunk_id"": ""ch17-f08"", ""chunk_id_legacy"": ""ch17"", ""parent_chunk_id"": null, ""fragment_type"": ""chapter"", ""level"": 1, ""chapter"": 17, ""hierarchy_path"": ""Ch17"", ""is_regulatory"": false, ""is_stub"": false, ""token_count"": 54, ""keywords"": [""capability"", ""reliably"", ""maintaining"", ""need"", ""example"", ""hyperchlorination"", ""before"", ""without"", ""requires"", ""and""]}"
ch16-f09,ch16,16,1,chapter,Ch16,,"Repeated testing shows a parameter cannot be brought into range, or two parameters cannot be satisfied simultaneously. Chapter 16 §16.15.","Repeated testing shows a parameter cannot be brought into range, or two parameters cannot be satisfied simultaneously. Chapter 16 §16.15.",27,False,False,"[""simultaneously"", ""parameter"", ""testing"", ""repeated"", ""shows"", ""range"", ""satisfied"", ""brought"", ""chapter"", ""cannot""]","{""chunk_id"": ""ch16-f09"", ""chunk_id_legacy"": ""ch16"", ""parent_chunk_id"": null, ""fragment_type"": ""chapter"", ""level"": 1, ""chapter"": 16, ""hierarchy_path"": ""Ch16"", ""is_regulatory"": false, ""is_stub"": false, ""token_count"": 27, ""keywords"": [""simultaneously"", ""parameter"", ""testing"", ""repeated"", ""shows"", ""range"", ""satisfied"", ""brought"", ""chapter"", ""cannot""]}"
ch18-f02,ch18,18,1,chapter,Ch18,,End of Chapter 18.,End of Chapter 18.,6,False,True,"[""end"", ""chapter""]","{""chunk_id"": ""ch18-f02"", ""chunk_id_legacy"": ""ch18"", ""parent_chunk_id"": null, ""fragment_type"": ""chapter"", ""level"": 1, ""chapter"": 18, ""hierarchy_path"": ""Ch18"", ""is_regulatory"": false, ""is_stub"": true, ""token_count"": 6, ""keywords"": [""end"", ""chapter""]}"
ch19-f01,ch19,19,1,chapter,Ch19,,Chapter 19 — How to Adjust Chemistry from Test Results,Chapter 19 — How to Adjust Chemistry from Test Results,11,False,True,"[""adjust"", ""from"", ""how"", ""results"", ""test"", ""chemistry"", ""chapter""]","{""chunk_id"": ""ch19-f01"", ""chunk_id_legacy"": ""ch19"", ""parent_chunk_id"": null, ""fragment_type"": ""chapter"", ""level"": 1, ""chapter"": 19, ""hierarchy_path"": ""Ch19"", ""is_regulatory"": false, ""is_stub"": true, ""token_count"": 11, ""keywords"": [""adjust"", ""from"", ""how"", ""results"", ""test"", ""chemistry"", ""chapter""]}"
ch9-f70,ch9,9,1,chapter,Ch9,,"Operator Manual — Directive Reference Prerequisites: Chapter 9 (Dosage Calculations), Chapter 11 (Parameters), Chapter 16 (Water Balance), Chapter 18 (Testing). Chapter 21 covers chemical safety and handling in full; Chapter 25 covers indoor air handling.","Operator Manual — Directive Reference Prerequisites: Chapter 9 (Dosage Calculations), Chapter 11 (Parameters), Chapter 16 (Water Balance), Chapter 18 (Testing). Chapter 21 covers chemical safety and handling in full; Chapter 25 covers indoor air handling.",55,False,False,"[""safety"", ""testing"", ""balance"", ""full"", ""parameters"", ""dosage"", ""reference"", ""operator"", ""and"", ""calculations""]","{""chunk_id"": ""ch9-f70"", ""chunk_id_legacy"": ""ch9"", ""parent_chunk_id"": null, ""fragment_type"": ""chapter"", ""level"": 1, ""chapter"": 9, ""hierarchy_path"": ""Ch9"", ""is_regulatory"": false, ""is_stub"": false, ""token_count"": 55, ""keywords"": [""safety"", ""testing"", ""balance"", ""full"", ""parameters"", ""dosage"", ""reference"", ""operator"", ""and"", ""calculations""]}"
ch9-f71,ch9,9,1,chapter,Ch9,,19.1.3 Reconciling this order with the Chapter 9 balance order,19.1.3 Reconciling this order with the Chapter 9 balance order,17,False,False,"[""reconciling"", ""this"", ""order"", ""the"", ""balance"", ""with"", ""chapter""]","{""chunk_id"": ""ch9-f71"", ""chunk_id_legacy"": ""ch9"", ""parent_chunk_id"": null, ""fragment_type"": ""chapter"", ""level"": 1, ""chapter"": 9, ""hierarchy_path"": ""Ch9"", ""is_regulatory"": false, ""is_stub"": false, ""token_count"": 17, ""keywords"": [""reconciling"", ""this"", ""order"", ""the"", ""balance"", ""with"", ""chapter""]}"
ch9-f72,ch9,9,1,chapter,Ch9,,If the residual is adequate and you are doing routine balancing — use the Chapter 9 order. Set alkalinity before chasing pH.,If the residual is adequate and you are doing routine balancing — use the Chapter 9 order. Set alkalinity before chasing pH.,26,False,False,"[""adequate"", ""balancing"", ""before"", ""order"", ""the"", ""and"", ""you"", ""routine"", ""doing"", ""are""]","{""chunk_id"": ""ch9-f72"", ""chunk_id_legacy"": ""ch9"", ""parent_chunk_id"": null, ""fragment_type"": ""chapter"", ""level"": 1, ""chapter"": 9, ""hierarchy_path"": ""Ch9"", ""is_regulatory"": false, ""is_stub"": false, ""token_count"": 26, ""keywords"": [""adequate"", ""balancing"", ""before"", ""order"", ""the"", ""and"", ""you"", ""routine"", ""doing"", ""are""]}"
ch11-f31,ch11,11,1,chapter,Ch11,,"If pH is high, a large fraction of the chlorine you add is in the weak form and is doing far less work than the test result implies. At pH 8.0, roughly three-quarters of your free chlorine is the weak hypochlorite ion. Chapter 11 §11.8.2.","If pH is high, a large fraction of the chlorine you add is in the weak form and is doing far less work than the test result implies. At pH 8.0, roughly three-quarters of your free chlorine is the weak hypochlorite ion. Chapter 11 §11.8.2.",63,False,False,"[""than"", ""roughly"", ""add"", ""far"", ""your"", ""hypochlorite"", ""form"", ""implies"", ""result"", ""large""]","{""chunk_id"": ""ch11-f31"", ""chunk_id_legacy"": ""ch11"", ""parent_chunk_id"": null, ""fragment_type"": ""chapter"", ""level"": 1, ""chapter"": 11, ""hierarchy_path"": ""Ch11"", ""is_regulatory"": false, ""is_stub"": false, ""token_count"": 63, ""keywords"": [""than"", ""roughly"", ""add"", ""far"", ""your"", ""hypochlorite"", ""form"", ""implies"", ""result"", ""large""]}"
ch11-19-2-1-1,ch11-19-2-1-1,11,3,subsection,"Ch11/Do work these questions in order. The first ""yes"" is your first action.",,"Do work these questions in order. The first ""yes"" is your first action.","1. Is CIRCULATION running and is CLARITY adequate to operate? -> If no: fix that first. Nothing else is meaningful. 2. Is the DISINFECTANT RESIDUAL outside the permitted range? -> If yes: CLOSURE decision, then correct. This is the health barrier. 3. Is pH outside the permitted range? -> If yes: correct. It governs the effectiveness of Step 2. 4. Is ALKALINITY out of range - or is pH failing to hold? -> If yes: alkalinity is the controlling parameter. Fix it. 5. Is COMBINED CHLORINE at or above the action level? -> If yes: verify the reading, correct pH, then oxidize. 6. Is CYANURIC ACID above the code cap? -> If yes: this is a code issue. Plan dilution. It may also be suppressing your active chlorine at an acceptable FC reading. 7. Is CALCIUM HARDNESS out of range, or is the SATURATION INDEX outside band? -> If yes: correct - usually via pH and alkalinity first (Ch 16 sec 16.9). 8. Everything in range? -> Log it anyway. The trend is the diagnostic.",264,False,False,"[""action"", ""order"", ""first"", ""the"", ""range"", ""correct"", ""yes"", ""your"", ""work"", ""these""]","{""chunk_id"": ""ch11-19-2-1-1"", ""chunk_id_legacy"": ""ch11-19-2-1-1"", ""parent_chunk_id"": null, ""fragment_type"": ""subsection"", ""level"": 3, ""chapter"": 11, ""hierarchy_path"": ""Ch11/Do work these questions in order. The first \""yes\"" is your first action."", ""is_regulatory"": false, ""is_stub"": false, ""token_count"": 264, ""keywords"": [""action"", ""order"", ""first"", ""the"", ""range"", ""correct"", ""yes"", ""your"", ""work"", ""these""]}"
ch9-f73,ch9,9,1,chapter,Ch9,,Do instead: highest-priority parameter → one correction → one full turnover → retest → next. Chapter 9 §9.18.2.,Do instead: highest-priority parameter → one correction → one full turnover → retest → next. Chapter 9 §9.18.2.,30,False,False,"[""instead"", ""highest"", ""parameter"", ""next"", ""full"", ""correction"", ""one"", ""turnover"", ""priority"", ""retest""]","{""chunk_id"": ""ch9-f73"", ""chunk_id_legacy"": ""ch9"", ""parent_chunk_id"": null, ""fragment_type"": ""chapter"", ""level"": 1, ""chapter"": 9, ""hierarchy_path"": ""Ch9"", ""is_regulatory"": false, ""is_stub"": false, ""token_count"": 30, ""keywords"": [""instead"", ""highest"", ""parameter"", ""next"", ""full"", ""correction"", ""one"", ""turnover"", ""priority"", ""retest""]}"
ch18-f03,ch18,18,1,chapter,Ch18,,"First action: Verify the CC reading by FAS-DPD and confirm no recent non-chlorine oxidizer addition (Chapter 18 §18.4, Chapter 12 §12.8.4). Then correct pH, then oxidize. §19.7.2.","First action: Verify the CC reading by FAS-DPD and confirm no recent non-chlorine oxidizer addition (Chapter 18 §18.4, Chapter 12 §12.8.4). Then correct pH, then oxidize. §19.7.2.",57,False,False,"[""non"", ""action"", ""the"", ""first"", ""dpd"", ""confirm"", ""correct"", ""and"", ""oxidize"", ""fas""]","{""chunk_id"": ""ch18-f03"", ""chunk_id_legacy"": ""ch18"", ""parent_chunk_id"": null, ""fragment_type"": ""chapter"", ""level"": 1, ""chapter"": 18, ""hierarchy_path"": ""Ch18"", ""is_regulatory"": false, ""is_stub"": false, ""token_count"": 57, ""keywords"": [""non"", ""action"", ""the"", ""first"", ""dpd"", ""confirm"", ""correct"", ""and"", ""oxidize"", ""fas""]}"
ch12-f26,ch12,12,1,chapter,Ch12,,Do select the product per Chapter 12 §12.4. Summary of the decision:,Do select the product per Chapter 12 §12.4. Summary of the decision:,18,False,False,"[""the"", ""select"", ""chapter"", ""per"", ""summary"", ""decision"", ""product""]","{""chunk_id"": ""ch12-f26"", ""chunk_id_legacy"": ""ch12"", ""parent_chunk_id"": null, ""fragment_type"": ""chapter"", ""level"": 1, ""chapter"": 12, ""hierarchy_path"": ""Ch12"", ""is_regulatory"": false, ""is_stub"": false, ""token_count"": 18, ""keywords"": [""the"", ""select"", ""chapter"", ""per"", ""summary"", ""decision"", ""product""]}"
ch9-f74,ch9,9,1,chapter,Ch9,,"Do calculate the dose — Chapter 9 §9.6–9.9. Target the middle of the permitted range, not the minimum.","Do calculate the dose — Chapter 9 §9.6–9.9. Target the middle of the permitted range, not the minimum.",29,False,False,"[""calculate"", ""not"", ""the"", ""range"", ""middle"", ""permitted"", ""minimum"", ""target"", ""dose"", ""chapter""]","{""chunk_id"": ""ch9-f74"", ""chunk_id_legacy"": ""ch9"", ""parent_chunk_id"": null, ""fragment_type"": ""chapter"", ""level"": 1, ""chapter"": 9, ""hierarchy_path"": ""Ch9"", ""is_regulatory"": false, ""is_stub"": false, ""token_count"": 29, ""keywords"": [""calculate"", ""not"", ""the"", ""range"", ""middle"", ""permitted"", ""minimum"", ""target"", ""dose"", ""chapter""]}"
ch8-f32,ch8,8,1,chapter,Ch8,,"Do wait at least one full turnover before the verifying retest — about 4 hours for a 36,200 gal vessel at 150 gpm. Chapter 8 §8.4.","Do wait at least one full turnover before the verifying retest — about 4 hours for a 36,200 gal vessel at 150 gpm. Chapter 8 §8.4.",39,False,False,"[""vessel"", ""least"", ""gal"", ""the"", ""wait"", ""full"", ""one"", ""turnover"", ""about"", ""hours""]","{""chunk_id"": ""ch8-f32"", ""chunk_id_legacy"": ""ch8"", ""parent_chunk_id"": null, ""fragment_type"": ""chapter"", ""level"": 1, ""chapter"": 8, ""hierarchy_path"": ""Ch8"", ""is_regulatory"": false, ""is_stub"": false, ""token_count"": 39, ""keywords"": [""vessel"", ""least"", ""gal"", ""the"", ""wait"", ""full"", ""one"", ""turnover"", ""about"", ""hours""]}"
ch9-f75,ch9,9,1,chapter,Ch9,,Do compute recovery — actual change ÷ predicted change — and record it. Chapter 9 §9.19.,Do compute recovery — actual change ÷ predicted change — and record it. Chapter 9 §9.19.,23,False,False,"[""recovery"", ""actual"", ""predicted"", ""and"", ""record"", ""compute"", ""change"", ""chapter""]","{""chunk_id"": ""ch9-f75"", ""chunk_id_legacy"": ""ch9"", ""parent_chunk_id"": null, ""fragment_type"": ""chapter"", ""level"": 1, ""chapter"": 9, ""hierarchy_path"": ""Ch9"", ""is_regulatory"": false, ""is_stub"": false, ""token_count"": 23, ""keywords"": [""recovery"", ""actual"", ""predicted"", ""and"", ""record"", ""compute"", ""change"", ""chapter""]}"
ch12-f27,ch12,12,1,chapter,Ch12,,"Do find out why it happened — feeder fault, controller fault, calculation error, wrong product strength, stacked doses — and correct that. An overdose is almost always an equipment or procedure failure, and it will repeat. Chapter 12 §12.9.5.","Do find out why it happened — feeder fault, controller fault, calculation error, wrong product strength, stacked doses — and correct that. An overdose is almost always an equipment or procedure failure, and it will repeat. Chapter 12 §12.9.5.",53,False,False,"[""calculation"", ""correct"", ""controller"", ""out"", ""strength"", ""find"", ""will"", ""and"", ""procedure"", ""fault""]","{""chunk_id"": ""ch12-f27"", ""chunk_id_legacy"": ""ch12"", ""parent_chunk_id"": null, ""fragment_type"": ""chapter"", ""level"": 1, ""chapter"": 12, ""hierarchy_path"": ""Ch12"", ""is_regulatory"": false, ""is_stub"": false, ""token_count"": 53, ""keywords"": [""calculation"", ""correct"", ""controller"", ""out"", ""strength"", ""find"", ""will"", ""and"", ""procedure"", ""fault""]}"
ch18-f04,ch18,18,1,chapter,Ch18,,"Do suspect DPD bleach-out if a reading is implausibly low after a large addition. Dilute the sample and retest, or use FAS-DPD. Chapter 18 §18.3.4.","Do suspect DPD bleach-out if a reading is implausibly low after a large addition. Dilute the sample and retest, or use FAS-DPD. Chapter 18 §18.3.4.",44,False,False,"[""out"", ""low"", ""the"", ""implausibly"", ""dpd"", ""and"", ""suspect"", ""sample"", ""fas"", ""reading""]","{""chunk_id"": ""ch18-f04"", ""chunk_id_legacy"": ""ch18"", ""parent_chunk_id"": null, ""fragment_type"": ""chapter"", ""level"": 1, ""chapter"": 18, ""hierarchy_path"": ""Ch18"", ""is_regulatory"": false, ""is_stub"": false, ""token_count"": 44, ""keywords"": [""out"", ""low"", ""the"", ""implausibly"", ""dpd"", ""and"", ""suspect"", ""sample"", ""fas"", ""reading""]}"
ch9-f76,ch9,9,1,chapter,Ch9,,Do use the acid-plus-aeration cycle for any significant alkalinity reduction — Chapter 9 §9.12.4. It is the standard method and it avoids leaving the vessel at a damaging low pH.,Do use the acid-plus-aeration cycle for any significant alkalinity reduction — Chapter 9 §9.12.4. It is the standard method and it avoids leaving the vessel at a damaging low pH.,42,False,False,"[""vessel"", ""aeration"", ""damaging"", ""and"", ""standard"", ""method"", ""use"", ""for"", ""alkalinity"", ""avoids""]","{""chunk_id"": ""ch9-f76"", ""chunk_id_legacy"": ""ch9"", ""parent_chunk_id"": null, ""fragment_type"": ""chapter"", ""level"": 1, ""chapter"": 9, ""hierarchy_path"": ""Ch9"", ""is_regulatory"": false, ""is_stub"": false, ""token_count"": 42, ""keywords"": [""vessel"", ""aeration"", ""damaging"", ""and"", ""standard"", ""method"", ""use"", ""for"", ""alkalinity"", ""avoids""]}"
ch18-f05,ch18,18,1,chapter,Ch18,,"Do store separated from every chlorine product, cool, dry, ventilated, upright, in the original container, with secondary containment, secured from unauthorized access, and not in the same room as the test kit (Chapter 18 §18.6.2).","Do store separated from every chlorine product, cool, dry, ventilated, upright, in the original container, with secondary containment, secured from unauthorized access, and not in the same room as the test kit (Chapter 18 §18.6.2).",52,False,False,"[""access"", ""container"", ""secondary"", ""and"", ""test"", ""with"", ""product"", ""same"", ""kit"", ""original""]","{""chunk_id"": ""ch18-f05"", ""chunk_id_legacy"": ""ch18"", ""parent_chunk_id"": null, ""fragment_type"": ""chapter"", ""level"": 1, ""chapter"": 18, ""hierarchy_path"": ""Ch18"", ""is_regulatory"": false, ""is_stub"": false, ""token_count"": 52, ""keywords"": [""access"", ""container"", ""secondary"", ""and"", ""test"", ""with"", ""product"", ""same"", ""kit"", ""original""]}"
ch18-19-4-5-1,ch18-19-4-5-1,18,3,subsection,Ch18/The decision rule:,,The decision rule:,"pH low, alkalinity ADEQUATE       -> AERATION first (free, no alkalinity rise) then soda ash if aeration is insufficient pH low, alkalinity LOW            -> SODIUM BICARBONATE first (fix the buffer) then re-read pH - it often comes up on its own pH low, alkalinity HIGH           -> AERATION only. Soda ash would worsen alkalinity pH acceptable, alkalinity LOW     -> SODIUM BICARBONATE pH high, alkalinity HIGH          -> ACID + AERATION cycle (Ch 9 sec 9.12.4) pH high, alkalinity ADEQUATE      -> ACID in small increments, accepting a modest alkalinity drop",153,False,False,"[""the"", ""high"", ""aeration"", ""rule"", ""alkalinity"", ""decision""]","{""chunk_id"": ""ch18-19-4-5-1"", ""chunk_id_legacy"": ""ch18-19-4-5-1"", ""parent_chunk_id"": null, ""fragment_type"": ""subsection"", ""level"": 3, ""chapter"": 18, ""hierarchy_path"": ""Ch18/The decision rule:"", ""is_regulatory"": false, ""is_stub"": false, ""token_count"": 153, ""keywords"": [""the"", ""high"", ""aeration"", ""rule"", ""alkalinity"", ""decision""]}"
ch9-f77,ch9,9,1,chapter,Ch9,,"Do dose pH incrementally and retest. Chapter 9 §9.13 explains why there is no reliable single-dose pH formula: pH response depends on buffer capacity, so the same amount moves pH a lot in low-alkalinity water and hardly at all in high-alkalinity water.","Do dose pH incrementally and retest. Chapter 9 §9.13 explains why there is no reliable single-dose pH formula: pH response depends on buffer capacity, so the same amount moves pH a lot in low-alkalinity water and hardly at all in high-alkalinity water.",62,False,False,"[""depends"", ""formula"", ""single"", ""explains"", ""amount"", ""all"", ""and"", ""there"", ""lot"", ""dose""]","{""chunk_id"": ""ch9-f77"", ""chunk_id_legacy"": ""ch9"", ""parent_chunk_id"": null, ""fragment_type"": ""chapter"", ""level"": 1, ""chapter"": 9, ""hierarchy_path"": ""Ch9"", ""is_regulatory"": false, ""is_stub"": false, ""token_count"": 62, ""keywords"": [""depends"", ""formula"", ""single"", ""explains"", ""amount"", ""all"", ""and"", ""there"", ""lot"", ""dose""]}"
ch9-f78,ch9,9,1,chapter,Ch9,,Do use a conservative starting increment and retest after one turnover. Chapter 9 §9.13.3.,Do use a conservative starting increment and retest after one turnover. Chapter 9 §9.13.3.,23,False,False,"[""starting"", ""and"", ""one"", ""turnover"", ""use"", ""increment"", ""conservative"", ""after"", ""retest"", ""chapter""]","{""chunk_id"": ""ch9-f78"", ""chunk_id_legacy"": ""ch9"", ""parent_chunk_id"": null, ""fragment_type"": ""chapter"", ""level"": 1, ""chapter"": 9, ""hierarchy_path"": ""Ch9"", ""is_regulatory"": false, ""is_stub"": false, ""token_count"": 23, ""keywords"": [""starting"", ""and"", ""one"", ""turnover"", ""use"", ""increment"", ""conservative"", ""after"", ""retest"", ""chapter""]}"
ch9-f79,ch9,9,1,chapter,Ch9,,Do use the acid demand test where your kit provides one — it is a titration on your actual water and is more accurate than any generic factor. Chapter 9 §9.13.5.,Do use the acid demand test where your kit provides one — it is a titration on your actual water and is more accurate than any generic factor. Chapter 9 §9.13.5.,40,False,False,"[""than"", ""demand"", ""your"", ""more"", ""and"", ""test"", ""use"", ""provides"", ""any"", ""kit""]","{""chunk_id"": ""ch9-f79"", ""chunk_id_legacy"": ""ch9"", ""parent_chunk_id"": null, ""fragment_type"": ""chapter"", ""level"": 1, ""chapter"": 9, ""hierarchy_path"": ""Ch9"", ""is_regulatory"": false, ""is_stub"": false, ""token_count"": 40, ""keywords"": [""than"", ""demand"", ""your"", ""more"", ""and"", ""test"", ""use"", ""provides"", ""any"", ""kit""]}"
ch16-f10,ch16,16,1,chapter,Ch16,,Stop if alkalinity approaches the bottom of your range before pH reaches target. Continuing leaves the water aggressive and corrosive. Chapter 16.,Stop if alkalinity approaches the bottom of your range before pH reaches target. Continuing leaves the water aggressive and corrosive. Chapter 16.,28,False,False,"[""the"", ""range"", ""continuing"", ""leaves"", ""and"", ""stop"", ""your"", ""bottom"", ""target"", ""water""]","{""chunk_id"": ""ch16-f10"", ""chunk_id_legacy"": ""ch16"", ""parent_chunk_id"": null, ""fragment_type"": ""chapter"", ""level"": 1, ""chapter"": 16, ""hierarchy_path"": ""Ch16"", ""is_regulatory"": false, ""is_stub"": false, ""token_count"": 28, ""keywords"": [""the"", ""range"", ""continuing"", ""leaves"", ""and"", ""stop"", ""your"", ""bottom"", ""target"", ""water""]}"
ch9-f80,ch9,9,1,chapter,Ch9,,"Calcium chloride. About 0.120 lb per ppm per 10,000 gal at 77% flake. Chapter 9 §9.14.","Calcium chloride. About 0.120 lb per ppm per 10,000 gal at 77% flake. Chapter 9 §9.14.",33,False,False,"[""chloride"", ""ppm"", ""gal"", ""flake"", ""calcium"", ""about"", ""per"", ""chapter""]","{""chunk_id"": ""ch9-f80"", ""chunk_id_legacy"": ""ch9"", ""parent_chunk_id"": null, ""fragment_type"": ""chapter"", ""level"": 1, ""chapter"": 9, ""hierarchy_path"": ""Ch9"", ""is_regulatory"": false, ""is_stub"": false, ""token_count"": 33, ""keywords"": [""chloride"", ""ppm"", ""gal"", ""flake"", ""calcium"", ""about"", ""per"", ""chapter""]}"
ch16-f11,ch16,16,1,chapter,Ch16,,Do recompute the saturation index after each increment. Chapter 16.,Do recompute the saturation index after each increment. Chapter 16.,14,False,True,"[""the"", ""saturation"", ""recompute"", ""each"", ""increment"", ""after"", ""index"", ""chapter""]","{""chunk_id"": ""ch16-f11"", ""chunk_id_legacy"": ""ch16"", ""parent_chunk_id"": null, ""fragment_type"": ""chapter"", ""level"": 1, ""chapter"": 16, ""hierarchy_path"": ""Ch16"", ""is_regulatory"": false, ""is_stub"": true, ""token_count"": 14, ""keywords"": [""the"", ""saturation"", ""recompute"", ""each"", ""increment"", ""after"", ""index"", ""chapter""]}"
ch9-f81,ch9,9,1,chapter,Ch9,,"Do account for calcium arriving from calcium hypochlorite — about 0.71 ppm CH per ppm FC delivered. In a low-dilution vessel over a season this becomes the dominant source, and you may need no additions at all. Chapter 9 §9.10.2.","Do account for calcium arriving from calcium hypochlorite — about 0.71 ppm CH per ppm FC delivered. In a low-dilution vessel over a season this becomes the dominant source, and you may need no additions at all. Chapter 9 §9.10.2.",59,False,False,"[""vessel"", ""ppm"", ""delivered"", ""additions"", ""season"", ""hypochlorite"", ""may"", ""calcium"", ""dilution"", ""need""]","{""chunk_id"": ""ch9-f81"", ""chunk_id_legacy"": ""ch9"", ""parent_chunk_id"": null, ""fragment_type"": ""chapter"", ""level"": 1, ""chapter"": 9, ""hierarchy_path"": ""Ch9"", ""is_regulatory"": false, ""is_stub"": false, ""token_count"": 59, ""keywords"": [""vessel"", ""ppm"", ""delivered"", ""additions"", ""season"", ""hypochlorite"", ""may"", ""calcium"", ""dilution"", ""need""]}"
ch9-f82,ch9,9,1,chapter,Ch9,,There is no practical chemical that removes calcium hardness. Dilution is the method. Chapter 9 §9.17.,There is no practical chemical that removes calcium hardness. Dilution is the method. Chapter 9 §9.17.,24,False,False,"[""chemical"", ""the"", ""removes"", ""that"", ""hardness"", ""there"", ""calcium"", ""dilution"", ""method"", ""practical""]","{""chunk_id"": ""ch9-f82"", ""chunk_id_legacy"": ""ch9"", ""parent_chunk_id"": null, ""fragment_type"": ""chapter"", ""level"": 1, ""chapter"": 9, ""hierarchy_path"": ""Ch9"", ""is_regulatory"": false, ""is_stub"": false, ""token_count"": 24, ""keywords"": [""chemical"", ""the"", ""removes"", ""that"", ""hardness"", ""there"", ""calcium"", ""dilution"", ""method"", ""practical""]}"
ch9-f83,ch9,9,1,chapter,Ch9,,Do remember you cannot dilute below your fill water concentration. Test the fill water. Chapter 9 §9.17.3.,Do remember you cannot dilute below your fill water concentration. Test the fill water. Chapter 9 §9.17.3.,27,False,False,"[""concentration"", ""the"", ""your"", ""below"", ""you"", ""test"", ""water"", ""dilute"", ""fill"", ""cannot""]","{""chunk_id"": ""ch9-f83"", ""chunk_id_legacy"": ""ch9"", ""parent_chunk_id"": null, ""fragment_type"": ""chapter"", ""level"": 1, ""chapter"": 9, ""hierarchy_path"": ""Ch9"", ""is_regulatory"": false, ""is_stub"": false, ""token_count"": 27, ""keywords"": [""concentration"", ""the"", ""your"", ""below"", ""you"", ""test"", ""water"", ""dilute"", ""fill"", ""cannot""]}"
ch13-f16,ch13,13,1,chapter,Ch13,,"Do use the decoupled approach: set the level once with a conditioner product, then maintain the residual with an unstabilized chlorine so the level stays where you put it. Chapter 13 §13.9 makes the full case.","Do use the decoupled approach: set the level once with a conditioner product, then maintain the residual with an unstabilized chlorine so the level stays where you put it. Chapter 13 §13.9 makes the full case.",48,False,False,"[""maintain"", ""full"", ""conditioner"", ""unstabilized"", ""stays"", ""case"", ""once"", ""then"", ""with"", ""use""]","{""chunk_id"": ""ch13-f16"", ""chunk_id_legacy"": ""ch13"", ""parent_chunk_id"": null, ""fragment_type"": ""chapter"", ""level"": 1, ""chapter"": 13, ""hierarchy_path"": ""Ch13"", ""is_regulatory"": false, ""is_stub"": false, ""token_count"": 48, ""keywords"": [""maintain"", ""full"", ""conditioner"", ""unstabilized"", ""stays"", ""case"", ""once"", ""then"", ""with"", ""use""]}"
ch13-f17,ch13,13,1,chapter,Ch13,,"Do confirm your code permits cyanuric acid in this venue class before purchasing. Prohibitions in spas, therapy pools, and venues serving diapered children are common. Chapter 13 §13.5.3. [S6]","Do confirm your code permits cyanuric acid in this venue class before purchasing. Prohibitions in spas, therapy pools, and venues serving diapered children are common. Chapter 13 §13.5.3. [S6]",48,False,False,"[""purchasing"", ""cyanuric"", ""common"", ""your"", ""serving"", ""before"", ""diapered"", ""children"", ""and"", ""venue""]","{""chunk_id"": ""ch13-f17"", ""chunk_id_legacy"": ""ch13"", ""parent_chunk_id"": null, ""fragment_type"": ""chapter"", ""level"": 1, ""chapter"": 13, ""hierarchy_path"": ""Ch13"", ""is_regulatory"": false, ""is_stub"": false, ""token_count"": 48, ""keywords"": [""purchasing"", ""cyanuric"", ""common"", ""your"", ""serving"", ""before"", ""diapered"", ""children"", ""and"", ""venue""]}"
ch13-f18,ch13,13,1,chapter,Ch13,,"Do target zero in any indoor vessel — there is no ultraviolet loss to protect against, so there is no benefit. Chapter 13 §13.3.3.","Do target zero in any indoor vessel — there is no ultraviolet loss to protect against, so there is no benefit. Chapter 13 §13.3.3.",34,False,False,"[""any"", ""vessel"", ""loss"", ""indoor"", ""ultraviolet"", ""there"", ""zero"", ""target"", ""protect"", ""against""]","{""chunk_id"": ""ch13-f18"", ""chunk_id_legacy"": ""ch13"", ""parent_chunk_id"": null, ""fragment_type"": ""chapter"", ""level"": 1, ""chapter"": 13, ""hierarchy_path"": ""Ch13"", ""is_regulatory"": false, ""is_stub"": false, ""token_count"": 34, ""keywords"": [""any"", ""vessel"", ""loss"", ""indoor"", ""ultraviolet"", ""there"", ""zero"", ""target"", ""protect"", ""against""]}"
ch13-f19,ch13,13,1,chapter,Ch13,,"Stop. Wait the label-specified period — commonly several days — before retesting. Testing early reads low, prompts a second dose, and produces an overshoot that can only be corrected by dilution. Never dose stabilizer twice on an early reading. Chapter 13 §13.7.5, Chapter 18 §18.5.7.","Stop. Wait the label-specified period — commonly several days — before retesting. Testing early reads low, prompts a second dose, and produces an overshoot that can only be corrected by dilution. Never dose stabilizer twice on an early reading. Chapter 13 §13.7.5, Chapter 18 §18.5.7.",71,False,False,"[""produces"", ""testing"", ""early"", ""never"", ""dilution"", ""reads"", ""before"", ""days"", ""wait"", ""and""]","{""chunk_id"": ""ch13-f19"", ""chunk_id_legacy"": ""ch13"", ""parent_chunk_id"": null, ""fragment_type"": ""chapter"", ""level"": 1, ""chapter"": 13, ""hierarchy_path"": ""Ch13"", ""is_regulatory"": false, ""is_stub"": false, ""token_count"": 71, ""keywords"": [""produces"", ""testing"", ""early"", ""never"", ""dilution"", ""reads"", ""before"", ""days"", ""wait"", ""and""]}"
ch9-f84,ch9,9,1,chapter,Ch9,,Do compute the required replacement volume before starting: fraction = (current − target) ÷ (current − fill water level). Chapter 9 §9.17.,Do compute the required replacement volume before starting: fraction = (current − target) ÷ (current − fill water level). Chapter 9 §9.17.,33,False,False,"[""fraction"", ""current"", ""required"", ""the"", ""replacement"", ""level"", ""starting"", ""compute"", ""target"", ""water""]","{""chunk_id"": ""ch9-f84"", ""chunk_id_legacy"": ""ch9"", ""parent_chunk_id"": null, ""fragment_type"": ""chapter"", ""level"": 1, ""chapter"": 9, ""hierarchy_path"": ""Ch9"", ""is_regulatory"": false, ""is_stub"": false, ""token_count"": 33, ""keywords"": [""fraction"", ""current"", ""required"", ""the"", ""replacement"", ""level"", ""starting"", ""compute"", ""target"", ""water""]}"
ch13-f20,ch13,13,1,chapter,Ch13,,"Do stage the dilution if a single large drain is not feasible, and compute the extra water that staging costs. Chapter 13 §13.10.3.","Do stage the dilution if a single large drain is not feasible, and compute the extra water that staging costs. Chapter 13 §13.10.3.",33,False,False,"[""drain"", ""extra"", ""not"", ""the"", ""and"", ""that"", ""stage"", ""staging"", ""compute"", ""water""]","{""chunk_id"": ""ch13-f20"", ""chunk_id_legacy"": ""ch13"", ""parent_chunk_id"": null, ""fragment_type"": ""chapter"", ""level"": 1, ""chapter"": 13, ""hierarchy_path"": ""Ch13"", ""is_regulatory"": false, ""is_stub"": false, ""token_count"": 33, ""keywords"": [""drain"", ""extra"", ""not"", ""the"", ""and"", ""that"", ""stage"", ""staging"", ""compute"", ""water""]}"
ch9-f85,ch9,9,1,chapter,Ch9,,"Do confirm structural safety, water table, liner float risk, and discharge permitting before releasing any water. Chapter 9 §9.17.4. [S6]","Do confirm structural safety, water table, liner float risk, and discharge permitting before releasing any water. Chapter 9 §9.17.4. [S6]",34,False,False,"[""safety"", ""liner"", ""any"", ""permitting"", ""confirm"", ""table"", ""risk"", ""and"", ""releasing"", ""water""]","{""chunk_id"": ""ch9-f85"", ""chunk_id_legacy"": ""ch9"", ""parent_chunk_id"": null, ""fragment_type"": ""chapter"", ""level"": 1, ""chapter"": 9, ""hierarchy_path"": ""Ch9"", ""is_regulatory"": false, ""is_stub"": false, ""token_count"": 34, ""keywords"": [""safety"", ""liner"", ""any"", ""permitting"", ""confirm"", ""table"", ""risk"", ""and"", ""releasing"", ""water""]}"
ch240,ch240,240,1,chapter,Ch240,,Panel: FC 0.4 · CC 0.3 · pH 8.0 · TA 100 · CH 240 · CYA 40 · 82 °F Code minimum FC with cyanurates present: 2 ppm.,Panel: FC 0.4 · CC 0.3 · pH 8.0 · TA 100 · CH 240 · CYA 40 · 82 °F Code minimum FC with cyanurates present: 2 ppm.,50,False,False,"[""with"", ""ppm"", ""minimum"", ""cyanurates"", ""cya"", ""code"", ""panel"", ""present""]","{""chunk_id"": ""ch240"", ""chunk_id_legacy"": ""ch240"", ""parent_chunk_id"": null, ""fragment_type"": ""chapter"", ""level"": 1, ""chapter"": 240, ""hierarchy_path"": ""Ch240"", ""is_regulatory"": false, ""is_stub"": false, ""token_count"": 50, ""keywords"": [""with"", ""ppm"", ""minimum"", ""cyanurates"", ""cya"", ""code"", ""panel"", ""present""]}"
ch11-f32,ch11,11,1,chapter,Ch11,,Step 2 — Recognize the pH problem is part of the disinfection problem. At pH 8.0 roughly 24% of free chlorine is the strong form. Chapter 11 §11.8.2. Correcting pH is not a later step.,Step 2 — Recognize the pH problem is part of the disinfection problem. At pH 8.0 roughly 24% of free chlorine is the strong form. Chapter 11 §11.8.2. Correcting pH is not a later step.,54,False,False,"[""roughly"", ""correcting"", ""not"", ""the"", ""free"", ""problem"", ""strong"", ""part"", ""step"", ""disinfection""]","{""chunk_id"": ""ch11-f32"", ""chunk_id_legacy"": ""ch11"", ""parent_chunk_id"": null, ""fragment_type"": ""chapter"", ""level"": 1, ""chapter"": 11, ""hierarchy_path"": ""Ch11"", ""is_regulatory"": false, ""is_stub"": false, ""token_count"": 54, ""keywords"": [""roughly"", ""correcting"", ""not"", ""the"", ""free"", ""problem"", ""strong"", ""part"", ""step"", ""disinfection""]}"
ch9-f86,ch9,9,1,chapter,Ch9,,Step 4 — Calculate the acid increment. Target pH 7.5. Size the increment by its alkalinity effect (Chapter 9 §9.13.5) — aim for roughly a 10 ppm alkalinity reduction:,Step 4 — Calculate the acid increment. Target pH 7.5. Size the increment by its alkalinity effect (Chapter 9 §9.13.5) — aim for roughly a 10 ppm alkalinity reduction:,47,False,False,"[""aim"", ""effect"", ""roughly"", ""reduction"", ""calculate"", ""ppm"", ""the"", ""increment"", ""step"", ""acid""]","{""chunk_id"": ""ch9-f86"", ""chunk_id_legacy"": ""ch9"", ""parent_chunk_id"": null, ""fragment_type"": ""chapter"", ""level"": 1, ""chapter"": 9, ""hierarchy_path"": ""Ch9"", ""is_regulatory"": false, ""is_stub"": false, ""token_count"": 47, ""keywords"": [""aim"", ""effect"", ""roughly"", ""reduction"", ""calculate"", ""ppm"", ""the"", ""increment"", ""step"", ""acid""]}"
ch12-f28,ch12,12,1,chapter,Ch12,,"Step 7 — Find the cause. Free chlorine at 0.4 ppm did not happen by itself. Check the feeder is actually delivering, compute daily demand in ppm/day (Chapter 12 §12.5.2), verify flow and filter condition, and check for algae. Record the cause and the preventive action.","Step 7 — Find the cause. Free chlorine at 0.4 ppm did not happen by itself. Check the feeder is actually delivering, compute daily demand in ppm/day (Chapter 12 §12.5.2), verify flow and filter condition, and check for algae. Record the cause and the preventive action.",65,False,False,"[""did"", ""ppm"", ""actually"", ""demand"", ""flow"", ""step"", ""record"", ""compute"", ""find"", ""and""]","{""chunk_id"": ""ch12-f28"", ""chunk_id_legacy"": ""ch12"", ""parent_chunk_id"": null, ""fragment_type"": ""chapter"", ""level"": 1, ""chapter"": 12, ""hierarchy_path"": ""Ch12"", ""is_regulatory"": false, ""is_stub"": false, ""token_count"": 65, ""keywords"": [""did"", ""ppm"", ""actually"", ""demand"", ""flow"", ""step"", ""record"", ""compute"", ""find"", ""and""]}"
ch260,ch260,260,1,chapter,Ch260,,Panel: FC 2.2 · TC 3.1 · CC 0.9 · pH 7.8 · TA 105 · CH 260 · CYA 50 · 84 °F,Panel: FC 2.2 · TC 3.1 · CC 0.9 · pH 7.8 · TA 105 · CH 260 · CYA 50 · 84 °F,43,False,False,"[""cya"", ""panel""]","{""chunk_id"": ""ch260"", ""chunk_id_legacy"": ""ch260"", ""parent_chunk_id"": null, ""fragment_type"": ""chapter"", ""level"": 1, ""chapter"": 260, ""hierarchy_path"": ""Ch260"", ""is_regulatory"": false, ""is_stub"": false, ""token_count"": 43, ""keywords"": [""cya"", ""panel""]}"
ch18-f06,ch18,18,1,chapter,Ch18,,Do confirm CC by FAS-DPD — a 0.9 ppm result from two comparator readings could be noise. Chapter 18 §18.4.,Do confirm CC by FAS-DPD — a 0.9 ppm result from two comparator readings could be noise. Chapter 18 §18.4.,32,False,False,"[""confirm"", ""ppm"", ""dpd"", ""comparator"", ""from"", ""two"", ""fas"", ""noise"", ""result"", ""readings""]","{""chunk_id"": ""ch18-f06"", ""chunk_id_legacy"": ""ch18"", ""parent_chunk_id"": null, ""fragment_type"": ""chapter"", ""level"": 1, ""chapter"": 18, ""hierarchy_path"": ""Ch18"", ""is_regulatory"": false, ""is_stub"": false, ""token_count"": 32, ""keywords"": [""confirm"", ""ppm"", ""dpd"", ""comparator"", ""from"", ""two"", ""fas"", ""noise"", ""result"", ""readings""]}"
ch12-f29,ch12,12,1,chapter,Ch12,,Do confirm no recent non-chlorine oxidizer addition — MPS registers as apparent combined chlorine. Chapter 12 §12.8.4.,Do confirm no recent non-chlorine oxidizer addition — MPS registers as apparent combined chlorine. Chapter 12 §12.8.4.,29,False,False,"[""non"", ""confirm"", ""apparent"", ""recent"", ""registers"", ""combined"", ""oxidizer"", ""addition"", ""mps"", ""chapter""]","{""chunk_id"": ""ch12-f29"", ""chunk_id_legacy"": ""ch12"", ""parent_chunk_id"": null, ""fragment_type"": ""chapter"", ""level"": 1, ""chapter"": 12, ""hierarchy_path"": ""Ch12"", ""is_regulatory"": false, ""is_stub"": false, ""token_count"": 29, ""keywords"": [""non"", ""confirm"", ""apparent"", ""recent"", ""registers"", ""combined"", ""oxidizer"", ""addition"", ""mps"", ""chapter""]}"
ch13-f21,ch13,13,1,chapter,Ch13,,"Do note CYA 50 ppm in an indoor pool is wrong on its own — there is no ultraviolet loss to protect against, so someone is feeding a stabilized product. That is a separate corrective action (§19.6, Chapter 13 §13.3.3).","Do note CYA 50 ppm in an indoor pool is wrong on its own — there is no ultraviolet loss to protect against, so someone is feeding a stabilized product. That is a separate corrective action (§19.6, Chapter 13 §13.3.3).",57,False,False,"[""ppm"", ""loss"", ""its"", ""there"", ""protect"", ""pool"", ""product"", ""separate"", ""someone"", ""corrective""]","{""chunk_id"": ""ch13-f21"", ""chunk_id_legacy"": ""ch13"", ""parent_chunk_id"": null, ""fragment_type"": ""chapter"", ""level"": 1, ""chapter"": 13, ""hierarchy_path"": ""Ch13"", ""is_regulatory"": false, ""is_stub"": false, ""token_count"": 57, ""keywords"": [""ppm"", ""loss"", ""its"", ""there"", ""protect"", ""pool"", ""product"", ""separate"", ""someone"", ""corrective""]}"
ch12-f30,ch12,12,1,chapter,Ch12,,Step 3 — Calculate the breakpoint dose. Educational estimate: target FC = 10 × CC. Chapter 12 §12.6.2.,Step 3 — Calculate the breakpoint dose. Educational estimate: target FC = 10 × CC. Chapter 12 §12.6.2.,30,False,False,"[""calculate"", ""the"", ""educational"", ""step"", ""target"", ""dose"", ""estimate"", ""breakpoint"", ""chapter""]","{""chunk_id"": ""ch12-f30"", ""chunk_id_legacy"": ""ch12"", ""parent_chunk_id"": null, ""fragment_type"": ""chapter"", ""level"": 1, ""chapter"": 12, ""hierarchy_path"": ""Ch12"", ""is_regulatory"": false, ""is_stub"": false, ""token_count"": 30, ""keywords"": [""calculate"", ""the"", ""educational"", ""step"", ""target"", ""dose"", ""estimate"", ""breakpoint"", ""chapter""]}"
ch12-19-7-2,ch12-19-7-2,12,2,section,"Ch12/19.7.2 Example 2 — high combined chlorine, indoor pool",ch12-f01,"19.7.2 Example 2 — high combined chlorine, indoor pool",Target FC = 10 x 0.9 = 9.0 ppm Desired change = 9.0 - 2.2 = 6.8 ppm Option A - 12.5% sodium hypochlorite: Gallons = 6.8 x 4.84 / 12.5 = 32.912 / 12.5 = 2.63 gal Option B - 65% calcium hypochlorite: lb = 6.8 x 0.404 x 1.538 = 4.23 lb Side effect: calcium hardness rises 6.8 x 0.71 = 4.8 ppm,136,False,False,"[""indoor"", ""option"", ""combined"", ""hypochlorite"", ""calcium"", ""example"", ""pool"", ""high"", ""chlorine""]","{""chunk_id"": ""ch12-19-7-2"", ""chunk_id_legacy"": ""ch12-19-7-2"", ""parent_chunk_id"": ""ch12-f01"", ""fragment_type"": ""section"", ""level"": 2, ""chapter"": 12, ""hierarchy_path"": ""Ch12/19.7.2 Example 2 — high combined chlorine, indoor pool"", ""is_regulatory"": false, ""is_stub"": false, ""token_count"": 136, ""keywords"": [""indoor"", ""option"", ""combined"", ""hypochlorite"", ""calcium"", ""example"", ""pool"", ""high"", ""chlorine""]}"
ch25-f05,ch25,25,1,chapter,Ch25,,Do confirm ventilation is operating and the space is unoccupied — this is an indoor superchlorination. Chapter 25 for air handling; pointer only.,Do confirm ventilation is operating and the space is unoccupied — this is an indoor superchlorination. Chapter 25 for air handling; pointer only.,30,False,False,"[""this"", ""confirm"", ""the"", ""indoor"", ""and"", ""ventilation"", ""space"", ""operating"", ""unoccupied"", ""superchlorination""]","{""chunk_id"": ""ch25-f05"", ""chunk_id_legacy"": ""ch25"", ""parent_chunk_id"": null, ""fragment_type"": ""chapter"", ""level"": 1, ""chapter"": 25, ""hierarchy_path"": ""Ch25"", ""is_regulatory"": false, ""is_stub"": false, ""token_count"": 30, ""keywords"": [""this"", ""confirm"", ""the"", ""indoor"", ""and"", ""ventilation"", ""space"", ""operating"", ""unoccupied"", ""superchlorination""]}"
ch12-f31,ch12,12,1,chapter,Ch12,,"If CC has not cleared: do not escalate the dose. Chapter 12 §12.6.4 — suspect organic chloramines, which resist breakpoint. Dilute and address the source instead.","If CC has not cleared: do not escalate the dose. Chapter 12 §12.6.4 — suspect organic chloramines, which resist breakpoint. Dilute and address the source instead.",39,False,False,"[""chloramines"", ""not"", ""the"", ""instead"", ""source"", ""which"", ""and"", ""suspect"", ""escalate"", ""address""]","{""chunk_id"": ""ch12-f31"", ""chunk_id_legacy"": ""ch12"", ""parent_chunk_id"": null, ""fragment_type"": ""chapter"", ""level"": 1, ""chapter"": 12, ""hierarchy_path"": ""Ch12"", ""is_regulatory"": false, ""is_stub"": false, ""token_count"": 39, ""keywords"": [""chloramines"", ""not"", ""the"", ""instead"", ""source"", ""which"", ""and"", ""suspect"", ""escalate"", ""address""]}"
ch300,ch300,300,1,chapter,Ch300,,"Panel: FC 2.6 · CC 0.2 · pH 7.5 · TA measured 120 · CH 300 · CYA 105 · 84 °F · TDS 1,600 Code cyanuric acid maximum: 90 ppm.","Panel: FC 2.6 · CC 0.2 · pH 7.5 · TA measured 120 · CH 300 · CYA 105 · 84 °F · TDS 1,600 Code cyanuric acid maximum: 90 ppm.",56,False,False,"[""cyanuric"", ""ppm"", ""tds"", ""cya"", ""measured"", ""acid"", ""code"", ""panel"", ""maximum""]","{""chunk_id"": ""ch300"", ""chunk_id_legacy"": ""ch300"", ""parent_chunk_id"": null, ""fragment_type"": ""chapter"", ""level"": 1, ""chapter"": 300, ""hierarchy_path"": ""Ch300"", ""is_regulatory"": false, ""is_stub"": false, ""token_count"": 56, ""keywords"": [""cyanuric"", ""ppm"", ""tds"", ""cya"", ""measured"", ""acid"", ""code"", ""panel"", ""maximum""]}"
ch13-f22,ch13,13,1,chapter,Ch13,,Step 3 — Stage it if a single drain is not feasible. Replacing 25% at a time (Chapter 13 §13.10.3):,Step 3 — Stage it if a single drain is not feasible. Replacing 25% at a time (Chapter 13 §13.10.3):,33,False,False,"[""drain"", ""not"", ""feasible"", ""stage"", ""step"", ""time"", ""single"", ""replacing"", ""chapter""]","{""chunk_id"": ""ch13-f22"", ""chunk_id_legacy"": ""ch13"", ""parent_chunk_id"": null, ""fragment_type"": ""chapter"", ""level"": 1, ""chapter"": 13, ""hierarchy_path"": ""Ch13"", ""is_regulatory"": false, ""is_stub"": false, ""token_count"": 33, ""keywords"": [""drain"", ""not"", ""feasible"", ""stage"", ""step"", ""time"", ""single"", ""replacing"", ""chapter""]}"
ch13-19-7-3,ch13-19-7-3,13,2,section,"Ch13/19.7.3 Example 3 — high cyanuric acid, outdoor pool",ch13-f01,"19.7.3 Example 3 — high cyanuric acid, outdoor pool","Stage 1:  0.75^1 = 0.750  ->  CYA = 79 ppm Stage 2:  0.75^2 = 0.563  ->  CYA = 59 ppm Stage 3:  0.75^3 = 0.422  ->  CYA = 44 ppm   TARGET MET Volume per stage = 0.25 x 48,400 = 12,100 gallons Total water used = 36,300 gallons  (vs. 25,400 single-stage)",117,False,False,"[""cyanuric"", ""stage"", ""acid"", ""outdoor"", ""target"", ""example"", ""pool"", ""gallons"", ""high""]","{""chunk_id"": ""ch13-19-7-3"", ""chunk_id_legacy"": ""ch13-19-7-3"", ""parent_chunk_id"": ""ch13-f01"", ""fragment_type"": ""section"", ""level"": 2, ""chapter"": 13, ""hierarchy_path"": ""Ch13/19.7.3 Example 3 — high cyanuric acid, outdoor pool"", ""is_regulatory"": false, ""is_stub"": false, ""token_count"": 117, ""keywords"": [""cyanuric"", ""stage"", ""acid"", ""outdoor"", ""target"", ""example"", ""pool"", ""gallons"", ""high""]}"
ch12-f32,ch12,12,1,chapter,Ch12,,"Step 4 — Fix the cause, or it returns. The trichlor feeder is loading cyanuric acid continuously. Measure the daily chlorine demand (Chapter 12 §12.5.2) — assume 3.5 ppm/day:","Step 4 — Fix the cause, or it returns. The trichlor feeder is loading cyanuric acid continuously. Measure the daily chlorine demand (Chapter 12 §12.5.2) — assume 3.5 ppm/day:",50,False,False,"[""continuously"", ""cyanuric"", ""ppm"", ""demand"", ""loading"", ""step"", ""trichlor"", ""day"", ""cause"", ""assume""]","{""chunk_id"": ""ch12-f32"", ""chunk_id_legacy"": ""ch12"", ""parent_chunk_id"": null, ""fragment_type"": ""chapter"", ""level"": 1, ""chapter"": 12, ""hierarchy_path"": ""Ch12"", ""is_regulatory"": false, ""is_stub"": false, ""token_count"": 50, ""keywords"": [""continuously"", ""cyanuric"", ""ppm"", ""demand"", ""loading"", ""step"", ""trichlor"", ""day"", ""cause"", ""assume""]}"
ch13-f23,ch13,13,1,chapter,Ch13,,Do decouple: keep cyanuric acid where the dilution put it and maintain the residual with an unstabilized product. Chapter 13 §13.9.,Do decouple: keep cyanuric acid where the dilution put it and maintain the residual with an unstabilized product. Chapter 13 §13.9.,34,False,False,"[""decouple"", ""cyanuric"", ""the"", ""maintain"", ""and"", ""unstabilized"", ""acid"", ""put"", ""dilution"", ""with""]","{""chunk_id"": ""ch13-f23"", ""chunk_id_legacy"": ""ch13"", ""parent_chunk_id"": null, ""fragment_type"": ""chapter"", ""level"": 1, ""chapter"": 13, ""hierarchy_path"": ""Ch13"", ""is_regulatory"": false, ""is_stub"": false, ""token_count"": 34, ""keywords"": [""decouple"", ""cyanuric"", ""the"", ""maintain"", ""and"", ""unstabilized"", ""acid"", ""put"", ""dilution"", ""with""]}"
ch17-f09,ch17,17,1,chapter,Ch17,,"Stop adding products — clarifiers, flocculants, algaecides, enzymes. Chapter 17 §17.1.1 Rule 3.","Stop adding products — clarifiers, flocculants, algaecides, enzymes. Chapter 17 §17.1.1 Rule 3.",32,False,False,"[""adding"", ""products"", ""flocculants"", ""algaecides"", ""enzymes"", ""clarifiers"", ""stop"", ""rule"", ""chapter""]","{""chunk_id"": ""ch17-f09"", ""chunk_id_legacy"": ""ch17"", ""parent_chunk_id"": null, ""fragment_type"": ""chapter"", ""level"": 1, ""chapter"": 17, ""hierarchy_path"": ""Ch17"", ""is_regulatory"": false, ""is_stub"": false, ""token_count"": 32, ""keywords"": [""adding"", ""products"", ""flocculants"", ""algaecides"", ""enzymes"", ""clarifiers"", ""stop"", ""rule"", ""chapter""]}"
ch21-f06,ch21,21,1,chapter,Ch21,,"Any chemical injury, exposure, spill, unintended mixing, off-gassing, heat, or container rupture occurs. Medical response and emergency services first; follow label and SDS first aid; report per code. Chapter 21. [S13, S19]","Any chemical injury, exposure, spill, unintended mixing, off-gassing, heat, or container rupture occurs. Medical response and emergency services first; follow label and SDS first aid; report per code. Chapter 21. [S13, S19]",51,False,False,"[""container"", ""aid"", ""spill"", ""heat"", ""sds"", ""and"", ""label"", ""injury"", ""any"", ""emergency""]","{""chunk_id"": ""ch21-f06"", ""chunk_id_legacy"": ""ch21"", ""parent_chunk_id"": null, ""fragment_type"": ""chapter"", ""level"": 1, ""chapter"": 21, ""hierarchy_path"": ""Ch21"", ""is_regulatory"": false, ""is_stub"": false, ""token_count"": 51, ""keywords"": [""container"", ""aid"", ""spill"", ""heat"", ""sds"", ""and"", ""label"", ""injury"", ""any"", ""emergency""]}"
ch10-f13,ch10,10,1,chapter,Ch10,,"Media bypass is suspected — a filter showing no pressure rise, or media appearing in the vessel. Chapter 10 §10.14.","Media bypass is suspected — a filter showing no pressure rise, or media appearing in the vessel. Chapter 10 §10.14.",27,False,False,"[""suspected"", ""vessel"", ""showing"", ""the"", ""bypass"", ""pressure"", ""appearing"", ""filter"", ""rise"", ""media""]","{""chunk_id"": ""ch10-f13"", ""chunk_id_legacy"": ""ch10"", ""parent_chunk_id"": null, ""fragment_type"": ""chapter"", ""level"": 1, ""chapter"": 10, ""hierarchy_path"": ""Ch10"", ""is_regulatory"": false, ""is_stub"": false, ""token_count"": 27, ""keywords"": [""suspected"", ""vessel"", ""showing"", ""the"", ""bypass"", ""pressure"", ""appearing"", ""filter"", ""rise"", ""media""]}"
ch18-f07,ch18,18,1,chapter,Ch18,,A controller or feeder persistently conflicts with manual testing after probe service and calibration. Chapter 18 §19.8.3. [S11],A controller or feeder persistently conflicts with manual testing after probe service and calibration. Chapter 18 §19.8.3. [S11],30,False,False,"[""conflicts"", ""probe"", ""testing"", ""controller"", ""and"", ""calibration"", ""persistently"", ""feeder"", ""with"", ""service""]","{""chunk_id"": ""ch18-f07"", ""chunk_id_legacy"": ""ch18"", ""parent_chunk_id"": null, ""fragment_type"": ""chapter"", ""level"": 1, ""chapter"": 18, ""hierarchy_path"": ""Ch18"", ""is_regulatory"": false, ""is_stub"": false, ""token_count"": 30, ""keywords"": [""conflicts"", ""probe"", ""testing"", ""controller"", ""and"", ""calibration"", ""persistently"", ""feeder"", ""with"", ""service""]}"
ch16-f12,ch16,16,1,chapter,Ch16,,A parameter cannot be brought into range without pushing another out of range. Source water or design problem. Chapter 16 §16.14.4.,A parameter cannot be brought into range without pushing another out of range. Source water or design problem. Chapter 16 §16.14.4.,30,False,False,"[""into"", ""parameter"", ""source"", ""range"", ""problem"", ""another"", ""pushing"", ""brought"", ""water"", ""design""]","{""chunk_id"": ""ch16-f12"", ""chunk_id_legacy"": ""ch16"", ""parent_chunk_id"": null, ""fragment_type"": ""chapter"", ""level"": 1, ""chapter"": 16, ""hierarchy_path"": ""Ch16"", ""is_regulatory"": false, ""is_stub"": false, ""token_count"": 30, ""keywords"": [""into"", ""parameter"", ""source"", ""range"", ""problem"", ""another"", ""pushing"", ""brought"", ""water"", ""design""]}"
ch9-f87,ch9,9,1,chapter,Ch9,,"A required drain or partial drain for cyanuric acid, calcium, or dilution. Structural risk, water table, liner float, and discharge permitting all require professional input. Chapter 9 §9.17.4. [S6]","A required drain or partial drain for cyanuric acid, calcium, or dilution. Structural risk, water table, liner float, and discharge permitting all require professional input. Chapter 9 §9.17.4. [S6]",49,False,False,"[""professional"", ""cyanuric"", ""calcium"", ""dilution"", ""required"", ""all"", ""and"", ""input"", ""structural"", ""for""]","{""chunk_id"": ""ch9-f87"", ""chunk_id_legacy"": ""ch9"", ""parent_chunk_id"": null, ""fragment_type"": ""chapter"", ""level"": 1, ""chapter"": 9, ""hierarchy_path"": ""Ch9"", ""is_regulatory"": false, ""is_stub"": false, ""token_count"": 49, ""keywords"": [""professional"", ""cyanuric"", ""calcium"", ""dilution"", ""required"", ""all"", ""and"", ""input"", ""structural"", ""for""]}"
ch16-f13,ch16,16,1,chapter,Ch16,,"Surface etching, grout loss, staining, or heater scaling is progressing. Chemistry correction stops further damage but repairs nothing. Chapter 16 §16.15.","Surface etching, grout loss, staining, or heater scaling is progressing. Chemistry correction stops further damage but repairs nothing. Chapter 16 §16.15.",33,False,False,"[""progressing"", ""stops"", ""but"", ""repairs"", ""loss"", ""grout"", ""etching"", ""scaling"", ""correction"", ""nothing""]","{""chunk_id"": ""ch16-f13"", ""chunk_id_legacy"": ""ch16"", ""parent_chunk_id"": null, ""fragment_type"": ""chapter"", ""level"": 1, ""chapter"": 16, ""hierarchy_path"": ""Ch16"", ""is_regulatory"": false, ""is_stub"": false, ""token_count"": 33, ""keywords"": [""progressing"", ""stops"", ""but"", ""repairs"", ""loss"", ""grout"", ""etching"", ""scaling"", ""correction"", ""nothing""]}"
ch17-f10,ch17,17,1,chapter,Ch17,,"A contamination incident, suspected illness, or cluster of irritation complaints occurs. Chapter 17B, Chapter 28, and the health authority. [S5, S6]","A contamination incident, suspected illness, or cluster of irritation complaints occurs. Chapter 17B, Chapter 28, and the health authority. [S5, S6]",35,False,False,"[""contamination"", ""suspected"", ""illness"", ""the"", ""cluster"", ""and"", ""health"", ""incident"", ""authority"", ""complaints""]","{""chunk_id"": ""ch17-f10"", ""chunk_id_legacy"": ""ch17"", ""parent_chunk_id"": null, ""fragment_type"": ""chapter"", ""level"": 1, ""chapter"": 17, ""hierarchy_path"": ""Ch17"", ""is_regulatory"": false, ""is_stub"": false, ""token_count"": 35, ""keywords"": [""contamination"", ""suspected"", ""illness"", ""the"", ""cluster"", ""and"", ""health"", ""incident"", ""authority"", ""complaints""]}"
ch9-f88,ch9,9,1,chapter,Ch9,,"Note on originality. The dose factors used in this chapter are those derived in Chapter 9 §9.10–9.16 from published molecular weights and standard unit conversions (S15); no factor table from any commercial source has been reproduced. Parameter ranges and corrective-action concepts are drawn from the CDC model code (S5); label primacy from FIFRA (S7); chemical handling requirements from OSHA HazCom and Safety Data Sheets (S13) and CDC pool chemical safety guidance (S19). All example panels, worked examples, the adjustment-order reconciliation, the pH/alkalinity decision matrix, the acid comparison, the safe addition checklist, stop conditions, mistake tables, and directive language in this chapter are original to this manual and are not reproduced or adapted from any commercial operator handbook, certification course text, or examination material.","Note on originality. The dose factors used in this chapter are those derived in Chapter 9 §9.10–9.16 from published molecular weights and standard unit conversions (S15); no factor table from any commercial source has been reproduced. Parameter ranges and corrective-action concepts are drawn from the CDC model code (S5); label primacy from FIFRA (S7); chemical handling requirements from OSHA HazCom and Safety Data Sheets (S13) and CDC pool chemical safety guidance (S19). All example panels, worked examples, the adjustment-order reconciliation, the pH/alkalinity decision matrix, the acid comparison, the safe addition checklist, stop conditions, mistake tables, and directive language in this chapter are original to this manual and are not reproduced or adapted from any commercial operator handbook, certification course text, or examination material.",171,False,False,"[""parameter"", ""cdc"", ""operator"", ""all"", ""published"", ""osha"", ""factors"", ""guidance"", ""requirements"", ""code""]","{""chunk_id"": ""ch9-f88"", ""chunk_id_legacy"": ""ch9"", ""parent_chunk_id"": null, ""fragment_type"": ""chapter"", ""level"": 1, ""chapter"": 9, ""hierarchy_path"": ""Ch9"", ""is_regulatory"": false, ""is_stub"": false, ""token_count"": 171, ""keywords"": [""parameter"", ""cdc"", ""operator"", ""all"", ""published"", ""osha"", ""factors"", ""guidance"", ""requirements"", ""code""]}"
ch19-f02,ch19,19,1,chapter,Ch19,,End of Chapter 19.,End of Chapter 19.,6,False,True,"[""end"", ""chapter""]","{""chunk_id"": ""ch19-f02"", ""chunk_id_legacy"": ""ch19"", ""parent_chunk_id"": null, ""fragment_type"": ""chapter"", ""level"": 1, ""chapter"": 19, ""hierarchy_path"": ""Ch19"", ""is_regulatory"": false, ""is_stub"": true, ""token_count"": 6, ""keywords"": [""end"", ""chapter""]}"
ch20-f01,ch20,20,1,chapter,Ch20,,Chapter 20 — Chemical Feeders and Automated Controllers,Chapter 20 — Chemical Feeders and Automated Controllers,10,False,True,"[""feeders"", ""chemical"", ""automated"", ""and"", ""controllers"", ""chapter""]","{""chunk_id"": ""ch20-f01"", ""chunk_id_legacy"": ""ch20"", ""parent_chunk_id"": null, ""fragment_type"": ""chapter"", ""level"": 1, ""chapter"": 20, ""hierarchy_path"": ""Ch20"", ""is_regulatory"": false, ""is_stub"": true, ""token_count"": 10, ""keywords"": [""feeders"", ""chemical"", ""automated"", ""and"", ""controllers"", ""chapter""]}"
ch9-f89,ch9,9,1,chapter,Ch9,,"Operator Manual — Directive Reference Prerequisites: Chapter 9 (Dosage), Chapter 11 (Parameters), Chapter 12 (Chlorine), Chapter 18 (Testing), Chapter 19 (Adjustment). Chapter 21 covers chemical safety and handling in full.","Operator Manual — Directive Reference Prerequisites: Chapter 9 (Dosage), Chapter 11 (Parameters), Chapter 12 (Chlorine), Chapter 18 (Testing), Chapter 19 (Adjustment). Chapter 21 covers chemical safety and handling in full.",53,False,False,"[""dosage"", ""adjustment"", ""safety"", ""reference"", ""prerequisites"", ""testing"", ""operator"", ""and"", ""full"", ""covers""]","{""chunk_id"": ""ch9-f89"", ""chunk_id_legacy"": ""ch9"", ""parent_chunk_id"": null, ""fragment_type"": ""chapter"", ""level"": 1, ""chapter"": 9, ""hierarchy_path"": ""Ch9"", ""is_regulatory"": false, ""is_stub"": false, ""token_count"": 53, ""keywords"": [""dosage"", ""adjustment"", ""safety"", ""reference"", ""prerequisites"", ""testing"", ""operator"", ""and"", ""full"", ""covers""]}"
ch12-f33,ch12,12,1,chapter,Ch12,,"Stop. One product per feeder, forever. Never substitute, never ""top off"" with a different type, never reuse a body for another product without the manufacturer's documented conversion procedure. Calcium hypochlorite residue meeting trichlor can ignite or detonate. Chapter 12 §12.4.8. [S13, S19]","Stop. One product per feeder, forever. Never substitute, never ""top off"" with a different type, never reuse a body for another product without the manufacturer's documented conversion procedure. Calcium hypochlorite residue meeting trichlor can ignite or detonate. Chapter 12 §12.4.8. [S13, S19]",70,False,False,"[""reuse"", ""never"", ""detonate"", ""hypochlorite"", ""calcium"", ""meeting"", ""ignite"", ""without"", ""trichlor"", ""substitute""]","{""chunk_id"": ""ch12-f33"", ""chunk_id_legacy"": ""ch12"", ""parent_chunk_id"": null, ""fragment_type"": ""chapter"", ""level"": 1, ""chapter"": 12, ""hierarchy_path"": ""Ch12"", ""is_regulatory"": false, ""is_stub"": false, ""token_count"": 70, ""keywords"": [""reuse"", ""never"", ""detonate"", ""hypochlorite"", ""calcium"", ""meeting"", ""ignite"", ""without"", ""trichlor"", ""substitute""]}"
ch12-f34,ch12,12,1,chapter,Ch12,,"Do set the fill interval against measured demand in ppm/day (Chapter 12 §12.5.2), not habit. A feeder that empties before the next scheduled fill produces a residual lapse.","Do set the fill interval against measured demand in ppm/day (Chapter 12 §12.5.2), not habit. A feeder that empties before the next scheduled fill produces a residual lapse.",40,False,False,"[""ppm"", ""produces"", ""demand"", ""empties"", ""scheduled"", ""before"", ""interval"", ""day"", ""fill"", ""next""]","{""chunk_id"": ""ch12-f34"", ""chunk_id_legacy"": ""ch12"", ""parent_chunk_id"": null, ""fragment_type"": ""chapter"", ""level"": 1, ""chapter"": 12, ""hierarchy_path"": ""Ch12"", ""is_regulatory"": false, ""is_stub"": false, ""token_count"": 40, ""keywords"": [""ppm"", ""produces"", ""demand"", ""empties"", ""scheduled"", ""before"", ""interval"", ""day"", ""fill"", ""next""]}"
ch12-f35,ch12,12,1,chapter,Ch12,,Stop. This manual does not train chlorine gas handling. Chapter 12 §12.4.6 carries the awareness note. Summarized:,Stop. This manual does not train chlorine gas handling. Chapter 12 §12.4.6 carries the awareness note. Summarized:,29,False,False,"[""awareness"", ""this"", ""not"", ""the"", ""does"", ""note"", ""summarized"", ""stop"", ""gas"", ""train""]","{""chunk_id"": ""ch12-f35"", ""chunk_id_legacy"": ""ch12"", ""parent_chunk_id"": null, ""fragment_type"": ""chapter"", ""level"": 1, ""chapter"": 12, ""hierarchy_path"": ""Ch12"", ""is_regulatory"": false, ""is_stub"": false, ""token_count"": 29, ""keywords"": [""awareness"", ""this"", ""not"", ""the"", ""does"", ""note"", ""summarized"", ""stop"", ""gas"", ""train""]}"
ch8-f33,ch8,8,1,chapter,Ch8,,The controller senses at the flow cell. The chemical it doses takes at least one full turnover to distribute through the vessel — and even then distribution is imperfect (Chapter 8 §8.8). So there is an unavoidable delay between action and sensed effect.,The controller senses at the flow cell. The chemical it doses takes at least one full turnover to distribute through the vessel — and even then distribution is imperfect (Chapter 8 §8.8). So there is an unavoidable delay between action and sensed effect.,51,False,False,"[""vessel"", ""least"", ""delay"", ""controller"", ""flow"", ""full"", ""even"", ""cell"", ""and"", ""there""]","{""chunk_id"": ""ch8-f33"", ""chunk_id_legacy"": ""ch8"", ""parent_chunk_id"": null, ""fragment_type"": ""chapter"", ""level"": 1, ""chapter"": 8, ""hierarchy_path"": ""Ch8"", ""is_regulatory"": false, ""is_stub"": false, ""token_count"": 51, ""keywords"": [""vessel"", ""least"", ""delay"", ""controller"", ""flow"", ""full"", ""even"", ""cell"", ""and"", ""there""]}"
ch13-f24,ch13,13,1,chapter,Ch13,,"Cyanuric acid binds free chlorine into the chlorinated isocyanurate reservoir, reducing the concentration of unbound hypochlorous acid (Chapter 13 §13.2). ORP responds to the active oxidizing species — so as cyanuric acid rises, ORP falls even though the free chlorine test reading is unchanged.","Cyanuric acid binds free chlorine into the chlorinated isocyanurate reservoir, reducing the concentration of unbound hypochlorous acid (Chapter 13 §13.2). ORP responds to the active oxidizing species — so as cyanuric acid rises, ORP falls even though the free chlorine test reading is unchanged.",69,False,False,"[""unbound"", ""rises"", ""species"", ""cyanuric"", ""reservoir"", ""though"", ""even"", ""orp"", ""oxidizing"", ""binds""]","{""chunk_id"": ""ch13-f24"", ""chunk_id_legacy"": ""ch13"", ""parent_chunk_id"": null, ""fragment_type"": ""chapter"", ""level"": 1, ""chapter"": 13, ""hierarchy_path"": ""Ch13"", ""is_regulatory"": false, ""is_stub"": false, ""token_count"": 69, ""keywords"": [""unbound"", ""rises"", ""species"", ""cyanuric"", ""reservoir"", ""though"", ""even"", ""orp"", ""oxidizing"", ""binds""]}"
ch13-f25,ch13,13,1,chapter,Ch13,,Do check cyanuric acid whenever a controller cannot reach its ORP setpoint. Do not raise the chlorine output or lower the setpoint as a first response — investigate first. Chapter 13 §13.4.5.,Do check cyanuric acid whenever a controller cannot reach its ORP setpoint. Do not raise the chlorine output or lower the setpoint as a first response — investigate first. Chapter 13 §13.4.5.,46,False,False,"[""cyanuric"", ""output"", ""controller"", ""orp"", ""its"", ""raise"", ""whenever"", ""reach"", ""acid"", ""lower""]","{""chunk_id"": ""ch13-f25"", ""chunk_id_legacy"": ""ch13"", ""parent_chunk_id"": null, ""fragment_type"": ""chapter"", ""level"": 1, ""chapter"": 13, ""hierarchy_path"": ""Ch13"", ""is_regulatory"": false, ""is_stub"": false, ""token_count"": 46, ""keywords"": [""cyanuric"", ""output"", ""controller"", ""orp"", ""its"", ""raise"", ""whenever"", ""reach"", ""acid"", ""lower""]}"
ch11-f33,ch11,11,1,chapter,Ch11,,"ORP rises as pH falls, because a greater fraction of the free chlorine is present as the strongly oxidizing hypochlorous acid form (Chapter 11 §11.8.2). The same free chlorine reading produces a higher ORP at pH 7.2 than at pH 7.8.","ORP rises as pH falls, because a greater fraction of the free chlorine is present as the strongly oxidizing hypochlorous acid form (Chapter 11 §11.8.2). The same free chlorine reading produces a higher ORP at pH 7.2 than at pH 7.8.",63,False,False,"[""rises"", ""than"", ""produces"", ""orp"", ""strongly"", ""oxidizing"", ""form"", ""fraction"", ""greater"", ""same""]","{""chunk_id"": ""ch11-f33"", ""chunk_id_legacy"": ""ch11"", ""parent_chunk_id"": null, ""fragment_type"": ""chapter"", ""level"": 1, ""chapter"": 11, ""hierarchy_path"": ""Ch11"", ""is_regulatory"": false, ""is_stub"": false, ""token_count"": 63, ""keywords"": [""rises"", ""than"", ""produces"", ""orp"", ""strongly"", ""oxidizing"", ""form"", ""fraction"", ""greater"", ""same""]}"
ch18-f08,ch18,18,1,chapter,Ch18,,"Do not use ORP as your evidence of a compliant residual. That evidence comes from a verified wet test, logged with its method. Chapter 18 §18.7.","Do not use ORP as your evidence of a compliant residual. That evidence comes from a verified wet test, logged with its method. Chapter 18 §18.7.",35,False,False,"[""compliant"", ""verified"", ""not"", ""wet"", ""from"", ""logged"", ""orp"", ""your"", ""method"", ""evidence""]","{""chunk_id"": ""ch18-f08"", ""chunk_id_legacy"": ""ch18"", ""parent_chunk_id"": null, ""fragment_type"": ""chapter"", ""level"": 1, ""chapter"": 18, ""hierarchy_path"": ""Ch18"", ""is_regulatory"": false, ""is_stub"": false, ""token_count"": 35, ""keywords"": [""compliant"", ""verified"", ""not"", ""wet"", ""from"", ""logged"", ""orp"", ""your"", ""method"", ""evidence""]}"
ch12-f36,ch12,12,1,chapter,Ch12,,"Close: if the residual exceeds the permitted maximum. Allow natural decay with circulation running; do not neutralize without label authority and a calculation. Chapter 12 §12.9.5, Chapter 19 §19.3.2.","Close: if the residual exceeds the permitted maximum. Allow natural decay with circulation running; do not neutralize without label authority and a calculation. Chapter 12 §12.9.5, Chapter 19 §19.3.2.",48,False,False,"[""calculation"", ""decay"", ""authority"", ""without"", ""and"", ""label"", ""with"", ""neutralize"", ""natural"", ""circulation""]","{""chunk_id"": ""ch12-f36"", ""chunk_id_legacy"": ""ch12"", ""parent_chunk_id"": null, ""fragment_type"": ""chapter"", ""level"": 1, ""chapter"": 12, ""hierarchy_path"": ""Ch12"", ""is_regulatory"": false, ""is_stub"": false, ""token_count"": 48, ""keywords"": [""calculation"", ""decay"", ""authority"", ""without"", ""and"", ""label"", ""with"", ""neutralize"", ""natural"", ""circulation""]}"
ch21-f07,ch21,21,1,chapter,Ch21,,"Do follow the SDS and your hazardous materials procedure, and Chapter 21.","Do follow the SDS and your hazardous materials procedure, and Chapter 21.",15,False,True,"[""sds"", ""the"", ""and"", ""your"", ""procedure"", ""follow"", ""materials"", ""hazardous"", ""chapter""]","{""chunk_id"": ""ch21-f07"", ""chunk_id_legacy"": ""ch21"", ""parent_chunk_id"": null, ""fragment_type"": ""chapter"", ""level"": 1, ""chapter"": 21, ""hierarchy_path"": ""Ch21"", ""is_regulatory"": false, ""is_stub"": true, ""token_count"": 15, ""keywords"": [""sds"", ""the"", ""and"", ""your"", ""procedure"", ""follow"", ""materials"", ""hazardous"", ""chapter""]}"
ch8-f34,ch8,8,1,chapter,Ch8,,"Do understand that if circulation cannot be restored, the vessel closes regardless of feeders — no circulation means no treatment. Chapter 8 §8.15.","Do understand that if circulation cannot be restored, the vessel closes regardless of feeders — no circulation means no treatment. Chapter 8 §8.15.",31,False,False,"[""feeders"", ""closes"", ""vessel"", ""restored"", ""circulation"", ""means"", ""the"", ""regardless"", ""that"", ""treatment""]","{""chunk_id"": ""ch8-f34"", ""chunk_id_legacy"": ""ch8"", ""parent_chunk_id"": null, ""fragment_type"": ""chapter"", ""level"": 1, ""chapter"": 8, ""hierarchy_path"": ""Ch8"", ""is_regulatory"": false, ""is_stub"": false, ""token_count"": 31, ""keywords"": [""feeders"", ""closes"", ""vessel"", ""restored"", ""circulation"", ""means"", ""the"", ""regardless"", ""that"", ""treatment""]}"
ch12-f37,ch12,12,1,chapter,Ch12,,"Do record item 12–13 as a number, not a tick. Consumption compared against measured demand (Chapter 12 §12.5.2) is the earliest warning available of both under-delivery and overfeeding.","Do record item 12–13 as a number, not a tick. Consumption compared against measured demand (Chapter 12 §12.5.2) is the earliest warning available of both under-delivery and overfeeding.",45,False,False,"[""consumption"", ""demand"", ""available"", ""record"", ""delivery"", ""overfeeding"", ""and"", ""item"", ""number"", ""both""]","{""chunk_id"": ""ch12-f37"", ""chunk_id_legacy"": ""ch12"", ""parent_chunk_id"": null, ""fragment_type"": ""chapter"", ""level"": 1, ""chapter"": 12, ""hierarchy_path"": ""Ch12"", ""is_regulatory"": false, ""is_stub"": false, ""token_count"": 45, ""keywords"": [""consumption"", ""demand"", ""available"", ""record"", ""delivery"", ""overfeeding"", ""and"", ""item"", ""number"", ""both""]}"
ch21-f08,ch21,21,1,chapter,Ch21,,"Any chemical injury, exposure, spill, unintended mixing, or off-gassing occurs — including any suspicion that acid and a chlorine product have met. Medical response and emergency services first. Chapter 21. [S13, S19]","Any chemical injury, exposure, spill, unintended mixing, or off-gassing occurs — including any suspicion that acid and a chlorine product have met. Medical response and emergency services first. Chapter 21. [S13, S19]",47,False,False,"[""met"", ""spill"", ""and"", ""product"", ""injury"", ""any"", ""including"", ""suspicion"", ""emergency"", ""have""]","{""chunk_id"": ""ch21-f08"", ""chunk_id_legacy"": ""ch21"", ""parent_chunk_id"": null, ""fragment_type"": ""chapter"", ""level"": 1, ""chapter"": 21, ""hierarchy_path"": ""Ch21"", ""is_regulatory"": false, ""is_stub"": false, ""token_count"": 47, ""keywords"": [""met"", ""spill"", ""and"", ""product"", ""injury"", ""any"", ""including"", ""suspicion"", ""emergency"", ""have""]}"
ch20-f02,ch20,20,1,chapter,Ch20,,End of Chapter 20.,End of Chapter 20.,6,False,True,"[""end"", ""chapter""]","{""chunk_id"": ""ch20-f02"", ""chunk_id_legacy"": ""ch20"", ""parent_chunk_id"": null, ""fragment_type"": ""chapter"", ""level"": 1, ""chapter"": 20, ""hierarchy_path"": ""Ch20"", ""is_regulatory"": false, ""is_stub"": true, ""token_count"": 6, ""keywords"": [""end"", ""chapter""]}"
ch21-f09,ch21,21,1,chapter,Ch21,,"Chapter 21 — Chemical Storage, Handling, and Safety","Chapter 21 — Chemical Storage, Handling, and Safety",11,False,True,"[""safety"", ""chemical"", ""and"", ""handling"", ""storage"", ""chapter""]","{""chunk_id"": ""ch21-f09"", ""chunk_id_legacy"": ""ch21"", ""parent_chunk_id"": null, ""fragment_type"": ""chapter"", ""level"": 1, ""chapter"": 21, ""hierarchy_path"": ""Ch21"", ""is_regulatory"": false, ""is_stub"": true, ""token_count"": 11, ""keywords"": [""safety"", ""chemical"", ""and"", ""handling"", ""storage"", ""chapter""]}"
ch19-f03,ch19,19,1,chapter,Ch19,,"Stop. Never handle, dose with, or store an unlabelled or unidentifiable product. Isolate it, do not open it, and dispose of it through your hazardous materials procedure. Chapter 19 §19.8.4.","Stop. Never handle, dose with, or store an unlabelled or unidentifiable product. Isolate it, do not open it, and dispose of it through your hazardous materials procedure. Chapter 19 §19.8.4.",49,False,False,"[""open"", ""your"", ""never"", ""materials"", ""isolate"", ""dispose"", ""and"", ""procedure"", ""dose"", ""with""]","{""chunk_id"": ""ch19-f03"", ""chunk_id_legacy"": ""ch19"", ""parent_chunk_id"": null, ""fragment_type"": ""chapter"", ""level"": 1, ""chapter"": 19, ""hierarchy_path"": ""Ch19"", ""is_regulatory"": false, ""is_stub"": false, ""token_count"": 49, ""keywords"": [""open"", ""your"", ""never"", ""materials"", ""isolate"", ""dispose"", ""and"", ""procedure"", ""dose"", ""with""]}"
ch9-f90,ch9,9,1,chapter,Ch9,,"Do obtain an updated SDS whenever a formulation, concentration, or supplier changes — and do recalculate your dose factors (Chapter 9 §9.7).","Do obtain an updated SDS whenever a formulation, concentration, or supplier changes — and do recalculate your dose factors (Chapter 9 §9.7).",31,False,False,"[""sds"", ""concentration"", ""updated"", ""whenever"", ""obtain"", ""formulation"", ""changes"", ""and"", ""your"", ""recalculate""]","{""chunk_id"": ""ch9-f90"", ""chunk_id_legacy"": ""ch9"", ""parent_chunk_id"": null, ""fragment_type"": ""chapter"", ""level"": 1, ""chapter"": 9, ""hierarchy_path"": ""Ch9"", ""is_regulatory"": false, ""is_stub"": false, ""token_count"": 31, ""keywords"": [""sds"", ""concentration"", ""updated"", ""whenever"", ""obtain"", ""formulation"", ""changes"", ""and"", ""your"", ""recalculate""]}"
ch12-f38,ch12,12,1,chapter,Ch12,,"Do dedicate each feeder to a single product permanently. Never substitute, never top off with a different type, and never repurpose a feeder body without the manufacturer's documented conversion procedure. Chapter 12 §12.4.8, Chapter 20 §20.1.2.","Do dedicate each feeder to a single product permanently. Never substitute, never top off with a different type, and never repurpose a feeder body without the manufacturer's documented conversion procedure. Chapter 12 §12.4.8, Chapter 20 §20.1.2.",56,False,False,"[""dedicate"", ""never"", ""permanently"", ""single"", ""without"", ""substitute"", ""and"", ""procedure"", ""with"", ""different""]","{""chunk_id"": ""ch12-f38"", ""chunk_id_legacy"": ""ch12"", ""parent_chunk_id"": null, ""fragment_type"": ""chapter"", ""level"": 1, ""chapter"": 12, ""hierarchy_path"": ""Ch12"", ""is_regulatory"": false, ""is_stub"": false, ""token_count"": 56, ""keywords"": [""dedicate"", ""never"", ""permanently"", ""single"", ""without"", ""substitute"", ""and"", ""procedure"", ""with"", ""different""]}"
ch9-f91,ch9,9,1,chapter,Ch9,,"Do add one product, allow at least one full turnover of circulation, and retest before adding another. Chapter 9 §9.18.2.","Do add one product, allow at least one full turnover of circulation, and retest before adding another. Chapter 9 §9.18.2.",31,False,False,"[""adding"", ""circulation"", ""least"", ""add"", ""and"", ""full"", ""another"", ""one"", ""turnover"", ""allow""]","{""chunk_id"": ""ch9-f91"", ""chunk_id_legacy"": ""ch9"", ""parent_chunk_id"": null, ""fragment_type"": ""chapter"", ""level"": 1, ""chapter"": 9, ""hierarchy_path"": ""Ch9"", ""is_regulatory"": false, ""is_stub"": false, ""token_count"": 31, ""keywords"": [""adding"", ""circulation"", ""least"", ""add"", ""and"", ""full"", ""another"", ""one"", ""turnover"", ""allow""]}"
ch19-f04,ch19,19,1,chapter,Ch19,,"Stop. Never add an acid and a chlorine product in the same place, or in immediate sequence at the same location. Separate them in time and in place, with circulation between. Chapter 19 §19.1.4, §19.4.7.","Stop. Never add an acid and a chlorine product in the same place, or in immediate sequence at the same location. Separate them in time and in place, with circulation between. Chapter 19 §19.1.4, §19.4.7.",53,False,False,"[""add"", ""never"", ""place"", ""them"", ""and"", ""time"", ""with"", ""product"", ""separate"", ""same""]","{""chunk_id"": ""ch19-f04"", ""chunk_id_legacy"": ""ch19"", ""parent_chunk_id"": null, ""fragment_type"": ""chapter"", ""level"": 1, ""chapter"": 19, ""hierarchy_path"": ""Ch19"", ""is_regulatory"": false, ""is_stub"": false, ""token_count"": 53, ""keywords"": [""add"", ""never"", ""place"", ""them"", ""and"", ""time"", ""with"", ""product"", ""separate"", ""same""]}"
ch17-f11,ch17,17,1,chapter,Ch17,,"Stop. Adding a second chemical to counteract a first one — to neutralize a spill, to fix an overdose, to ""balance"" a mistake — is how operators generate gas releases. Do follow the SDS. Do call for help. Chapter 17B §17B.4.4.","Stop. Adding a second chemical to counteract a first one — to neutralize a spill, to fix an overdose, to ""balance"" a mistake — is how operators generate gas releases. Do follow the SDS. Do call for help. Chapter 17B §17B.4.4.",60,False,False,"[""balance"", ""spill"", ""releases"", ""adding"", ""sds"", ""how"", ""for"", ""generate"", ""call"", ""neutralize""]","{""chunk_id"": ""ch17-f11"", ""chunk_id_legacy"": ""ch17"", ""parent_chunk_id"": null, ""fragment_type"": ""chapter"", ""level"": 1, ""chapter"": 17, ""hierarchy_path"": ""Ch17"", ""is_regulatory"": false, ""is_stub"": false, ""token_count"": 60, ""keywords"": [""balance"", ""spill"", ""releases"", ""adding"", ""sds"", ""how"", ""for"", ""generate"", ""call"", ""neutralize""]}"
ch9-f92,ch9,9,1,chapter,Ch9,,Do verify strength on each delivery and recalculate dose factors when it changes. Chapter 9 §9.7.,Do verify strength on each delivery and recalculate dose factors when it changes. Chapter 9 §9.7.,23,False,False,"[""delivery"", ""and"", ""changes"", ""recalculate"", ""when"", ""dose"", ""each"", ""verify"", ""strength"", ""chapter""]","{""chunk_id"": ""ch9-f92"", ""chunk_id_legacy"": ""ch9"", ""parent_chunk_id"": null, ""fragment_type"": ""chapter"", ""level"": 1, ""chapter"": 9, ""hierarchy_path"": ""Ch9"", ""is_regulatory"": false, ""is_stub"": false, ""token_count"": 23, ""keywords"": [""delivery"", ""and"", ""changes"", ""recalculate"", ""when"", ""dose"", ""each"", ""verify"", ""strength"", ""chapter""]}"
ch15-f04,ch15,15,1,chapter,Ch15,,Do recognize that olfactory fatigue sets in quickly. The absence of odour after initial exposure means nothing. Chapter 15 §15.6.2.,Do recognize that olfactory fatigue sets in quickly. The absence of odour after initial exposure means nothing. Chapter 15 §15.6.2.,31,False,False,"[""absence"", ""means"", ""quickly"", ""olfactory"", ""the"", ""fatigue"", ""nothing"", ""odour"", ""sets"", ""exposure""]","{""chunk_id"": ""ch15-f04"", ""chunk_id_legacy"": ""ch15"", ""parent_chunk_id"": null, ""fragment_type"": ""chapter"", ""level"": 1, ""chapter"": 15, ""hierarchy_path"": ""Ch15"", ""is_regulatory"": false, ""is_stub"": false, ""token_count"": 31, ""keywords"": [""absence"", ""means"", ""quickly"", ""olfactory"", ""the"", ""fatigue"", ""nothing"", ""odour"", ""sets"", ""exposure""]}"
ch25-f06,ch25,25,1,chapter,Ch25,,"Indoor pool air handling — the natatorium air quality problem driven by chloramines — is Chapter 25. That is a different subject from chemical storage ventilation, and this chapter does not restate it.","Indoor pool air handling — the natatorium air quality problem driven by chloramines — is Chapter 25. That is a different subject from chemical storage ventilation, and this chapter does not restate it.",41,False,False,"[""ventilation"", ""restate"", ""driven"", ""chloramines"", ""and"", ""storage"", ""pool"", ""different"", ""natatorium"", ""this""]","{""chunk_id"": ""ch25-f06"", ""chunk_id_legacy"": ""ch25"", ""parent_chunk_id"": null, ""fragment_type"": ""chapter"", ""level"": 1, ""chapter"": 25, ""hierarchy_path"": ""Ch25"", ""is_regulatory"": false, ""is_stub"": false, ""token_count"": 41, ""keywords"": [""ventilation"", ""restate"", ""driven"", ""chloramines"", ""and"", ""storage"", ""pool"", ""different"", ""natatorium"", ""this""]}"
ch25-21-6-1-1,ch25-21-6-1-1,25,3,subsection,Ch25/Do apply the hierarchy of controls in order:,,Do apply the hierarchy of controls in order:,"1. ELIMINATE / SUBSTITUTE  - can a lower-hazard product do the job? (e.g. dry acid instead of liquid acid, Ch 19 sec 19.4.4) 2. ENGINEERING CONTROLS    - ventilation, containment, automated feed, closed transfer, interlocks 3. ADMINISTRATIVE CONTROLS - procedures, training, scheduling, signage, restricting who does what 4. PPE                     - the LAST line, protecting the individual only",100,False,False,"[""eliminate"", ""the"", ""order"", ""hierarchy"", ""acid"", ""apply"", ""controls""]","{""chunk_id"": ""ch25-21-6-1-1"", ""chunk_id_legacy"": ""ch25-21-6-1-1"", ""parent_chunk_id"": null, ""fragment_type"": ""subsection"", ""level"": 3, ""chapter"": 25, ""hierarchy_path"": ""Ch25/Do apply the hierarchy of controls in order:"", ""is_regulatory"": false, ""is_stub"": false, ""token_count"": 100, ""keywords"": [""eliminate"", ""the"", ""order"", ""hierarchy"", ""acid"", ""apply"", ""controls""]}"
ch20-f03,ch20,20,1,chapter,Ch20,,"Stop. Depressurize and vent erosion feeders and chlorinators per the manufacturer before opening. This is a documented injury mechanism. Chapter 20 §20.1.2. [S11, S19]","Stop. Depressurize and vent erosion feeders and chlorinators per the manufacturer before opening. This is a documented injury mechanism. Chapter 20 §20.1.2. [S11, S19]",45,False,False,"[""feeders"", ""injury"", ""manufacturer"", ""this"", ""the"", ""chlorinators"", ""and"", ""stop"", ""opening"", ""depressurize""]","{""chunk_id"": ""ch20-f03"", ""chunk_id_legacy"": ""ch20"", ""parent_chunk_id"": null, ""fragment_type"": ""chapter"", ""level"": 1, ""chapter"": 20, ""hierarchy_path"": ""Ch20"", ""is_regulatory"": false, ""is_stub"": false, ""token_count"": 45, ""keywords"": [""feeders"", ""injury"", ""manufacturer"", ""this"", ""the"", ""chlorinators"", ""and"", ""stop"", ""opening"", ""depressurize""]}"
ch9-f93,ch9,9,1,chapter,Ch9,,Do weigh dry chemicals; do not measure them by volume. Chapter 9 §9.8.2.,Do weigh dry chemicals; do not measure them by volume. Chapter 9 §9.8.2.,22,False,False,"[""not"", ""chemicals"", ""dry"", ""them"", ""weigh"", ""volume"", ""measure"", ""chapter""]","{""chunk_id"": ""ch9-f93"", ""chunk_id_legacy"": ""ch9"", ""parent_chunk_id"": null, ""fragment_type"": ""chapter"", ""level"": 1, ""chapter"": 9, ""hierarchy_path"": ""Ch9"", ""is_regulatory"": false, ""is_stub"": false, ""token_count"": 22, ""keywords"": [""not"", ""chemicals"", ""dry"", ""them"", ""weigh"", ""volume"", ""measure"", ""chapter""]}"
ch19-f05,ch19,19,1,chapter,Ch19,,Do add in the location the label directs — commonly over the deep end with the pump running. Never into a skimmer unless the label specifically directs it. Chapter 19 §19.4.7.,Do add in the location the label directs — commonly over the deep end with the pump running. Never into a skimmer unless the label specifically directs it. Chapter 19 §19.4.7.,41,False,False,"[""running"", ""pump"", ""add"", ""the"", ""location"", ""over"", ""directs"", ""unless"", ""never"", ""skimmer""]","{""chunk_id"": ""ch19-f05"", ""chunk_id_legacy"": ""ch19"", ""parent_chunk_id"": null, ""fragment_type"": ""chapter"", ""level"": 1, ""chapter"": 19, ""hierarchy_path"": ""Ch19"", ""is_regulatory"": false, ""is_stub"": false, ""token_count"": 41, ""keywords"": [""running"", ""pump"", ""add"", ""the"", ""location"", ""over"", ""directs"", ""unless"", ""never"", ""skimmer""]}"
ch19-f06,ch19,19,1,chapter,Ch19,,"Do complete the log before you leave: product, EPA registration number, percent active, lot, amount with units, time, location, operator. Chapter 19 §19.4.7.","Do complete the log before you leave: product, EPA registration number, percent active, lot, amount with units, time, location, operator. Chapter 19 §19.4.7.",39,False,False,"[""leave"", ""before"", ""amount"", ""operator"", ""lot"", ""time"", ""with"", ""product"", ""units"", ""number""]","{""chunk_id"": ""ch19-f06"", ""chunk_id_legacy"": ""ch19"", ""parent_chunk_id"": null, ""fragment_type"": ""chapter"", ""level"": 1, ""chapter"": 19, ""hierarchy_path"": ""Ch19"", ""is_regulatory"": false, ""is_stub"": false, ""token_count"": 39, ""keywords"": [""leave"", ""before"", ""amount"", ""operator"", ""lot"", ""time"", ""with"", ""product"", ""units"", ""number""]}"
ch9-f94,ch9,9,1,chapter,Ch9,,Do retest after one full turnover and record. Chapter 9 §9.19.,Do retest after one full turnover and record. Chapter 9 §9.19.,18,False,False,"[""and"", ""full"", ""one"", ""record"", ""turnover"", ""after"", ""retest"", ""chapter""]","{""chunk_id"": ""ch9-f94"", ""chunk_id_legacy"": ""ch9"", ""parent_chunk_id"": null, ""fragment_type"": ""chapter"", ""level"": 1, ""chapter"": 9, ""hierarchy_path"": ""Ch9"", ""is_regulatory"": false, ""is_stub"": false, ""token_count"": 18, ""keywords"": [""and"", ""full"", ""one"", ""record"", ""turnover"", ""after"", ""retest"", ""chapter""]}"
ch9-21-8-1-1,ch9-21-8-1-1,9,3,subsection,"Ch9/Do prohibit eating, drinking, smoking, vaping, and applying cosmetics in chemical storage, handling, and feed areas. Do wash hands before breaks and at end of shift.",,"Do prohibit eating, drinking, smoking, vaping, and applying cosmetics in chemical storage, handling, and feed areas. Do wash hands before breaks and at end of shift.","1. IS ANYONE INJURED OR EXPOSED? -> People first. First aid (sec 21.9) and emergency services. 2. ARE THERE FUMES, VAPOUR, GAS, SMOKE, HEAT, OR FIRE? -> EVACUATE. Call emergency services. Do NOT attempt cleanup. 3. IS IT A MIXTURE OF TWO OR MORE PRODUCTS, OR AN UNKNOWN PRODUCT? -> EVACUATE. Call emergency services. Do NOT attempt cleanup. -> Do NOT attempt to identify it up close. 4. IS IT LARGE, IN A CONFINED SPACE, OR INVOLVING WATER CONTACT WITH AN OXIDIZER? -> EVACUATE. Call emergency services. 5. NONE OF THE ABOVE - a small spill of a SINGLE, KNOWN product, no fumes, and you are TRAINED AND EQUIPPED for it? -> Contained response per SDS section 6.",198,False,False,"[""shift"", ""before"", ""applying"", ""and"", ""areas"", ""evacuate"", ""feed"", ""wash"", ""emergency"", ""services""]","{""chunk_id"": ""ch9-21-8-1-1"", ""chunk_id_legacy"": ""ch9-21-8-1-1"", ""parent_chunk_id"": null, ""fragment_type"": ""subsection"", ""level"": 3, ""chapter"": 9, ""hierarchy_path"": ""Ch9/Do prohibit eating, drinking, smoking, vaping, and applying cosmetics in chemical storage, handling, and feed areas. Do wash hands before breaks and at end of shift."", ""is_regulatory"": false, ""is_stub"": false, ""token_count"": 198, ""keywords"": [""shift"", ""before"", ""applying"", ""and"", ""areas"", ""evacuate"", ""feed"", ""wash"", ""emergency"", ""services""]}"
ch20-f04,ch20,20,1,chapter,Ch20,,"Incompatible chemicals have mixed, or may have — including pool water entering a chemical tank (Chapter 20 §20.5.6).","Incompatible chemicals have mixed, or may have — including pool water entering a chemical tank (Chapter 20 §20.5.6).",28,False,False,"[""including"", ""chemical"", ""have"", ""incompatible"", ""chemicals"", ""may"", ""water"", ""pool"", ""entering"", ""mixed""]","{""chunk_id"": ""ch20-f04"", ""chunk_id_legacy"": ""ch20"", ""parent_chunk_id"": null, ""fragment_type"": ""chapter"", ""level"": 1, ""chapter"": 20, ""hierarchy_path"": ""Ch20"", ""is_regulatory"": false, ""is_stub"": false, ""token_count"": 28, ""keywords"": [""including"", ""chemical"", ""have"", ""incompatible"", ""chemicals"", ""may"", ""water"", ""pool"", ""entering"", ""mixed""]}"
ch15-f05,ch15,15,1,chapter,Ch15,,"Gas detection is missing, failed, or out of calibration where required. Chapter 15 §15.6.2.","Gas detection is missing, failed, or out of calibration where required. Chapter 15 §15.6.2.",24,False,False,"[""required"", ""failed"", ""gas"", ""calibration"", ""detection"", ""missing"", ""out"", ""chapter"", ""where""]","{""chunk_id"": ""ch15-f05"", ""chunk_id_legacy"": ""ch15"", ""parent_chunk_id"": null, ""fragment_type"": ""chapter"", ""level"": 1, ""chapter"": 15, ""hierarchy_path"": ""Ch15"", ""is_regulatory"": false, ""is_stub"": false, ""token_count"": 24, ""keywords"": [""required"", ""failed"", ""gas"", ""calibration"", ""detection"", ""missing"", ""out"", ""chapter"", ""where""]}"
ch25-f07,ch25,25,1,chapter,Ch25,,"Staff report symptoms — respiratory irritation, headaches, eye irritation — that may relate to chemical exposure or ventilation. Industrial hygiene evaluation. Chapter 25 for natatorium air.","Staff report symptoms — respiratory irritation, headaches, eye irritation — that may relate to chemical exposure or ventilation. Industrial hygiene evaluation. Chapter 25 for natatorium air.",33,False,False,"[""respiratory"", ""ventilation"", ""may"", ""eye"", ""irritation"", ""staff"", ""for"", ""natatorium"", ""report"", ""relate""]","{""chunk_id"": ""ch25-f07"", ""chunk_id_legacy"": ""ch25"", ""parent_chunk_id"": null, ""fragment_type"": ""chapter"", ""level"": 1, ""chapter"": 25, ""hierarchy_path"": ""Ch25"", ""is_regulatory"": false, ""is_stub"": false, ""token_count"": 33, ""keywords"": [""respiratory"", ""ventilation"", ""may"", ""eye"", ""irritation"", ""staff"", ""for"", ""natatorium"", ""report"", ""relate""]}"
ch12-f39,ch12,12,1,chapter,Ch12,,Chlorine gas equipment is involved in any way and you are not specifically trained and authorized. Chapter 12 §12.4.6.,Chlorine gas equipment is involved in any way and you are not specifically trained and authorized. Chapter 12 §12.4.6.,29,False,False,"[""any"", ""involved"", ""not"", ""and"", ""gas"", ""equipment"", ""you"", ""specifically"", ""trained"", ""authorized""]","{""chunk_id"": ""ch12-f39"", ""chunk_id_legacy"": ""ch12"", ""parent_chunk_id"": null, ""fragment_type"": ""chapter"", ""level"": 1, ""chapter"": 12, ""hierarchy_path"": ""Ch12"", ""is_regulatory"": false, ""is_stub"": false, ""token_count"": 29, ""keywords"": [""any"", ""involved"", ""not"", ""and"", ""gas"", ""equipment"", ""you"", ""specifically"", ""trained"", ""authorized""]}"
ch21-f10,ch21,21,1,chapter,Ch21,,End of Chapter 21.,End of Chapter 21.,6,False,True,"[""end"", ""chapter""]","{""chunk_id"": ""ch21-f10"", ""chunk_id_legacy"": ""ch21"", ""parent_chunk_id"": null, ""fragment_type"": ""chapter"", ""level"": 1, ""chapter"": 21, ""hierarchy_path"": ""Ch21"", ""is_regulatory"": false, ""is_stub"": true, ""token_count"": 6, ""keywords"": [""end"", ""chapter""]}"
ch22-f01,ch22,22,1,chapter,Ch22,,Chapter 22 — Circulation System Parts and Daily Checks,Chapter 22 — Circulation System Parts and Daily Checks,11,False,True,"[""system"", ""parts"", ""circulation"", ""daily"", ""and"", ""checks"", ""chapter""]","{""chunk_id"": ""ch22-f01"", ""chunk_id_legacy"": ""ch22"", ""parent_chunk_id"": null, ""fragment_type"": ""chapter"", ""level"": 1, ""chapter"": 22, ""hierarchy_path"": ""Ch22"", ""is_regulatory"": false, ""is_stub"": true, ""token_count"": 11, ""keywords"": [""system"", ""parts"", ""circulation"", ""daily"", ""and"", ""checks"", ""chapter""]}"
ch8-f35,ch8,8,1,chapter,Ch8,,"Operator Manual — Directive Reference Prerequisites: Chapter 8 (Flow, Turnover, Circulation Math), Chapter 10 (Filtration). Chapter 20 covers feeders and controllers; Chapter 21 covers chemical safety; Chapter 29 is the authoritative treatment of suction outlet and drain safety and this chapter defers to it.","Operator Manual — Directive Reference Prerequisites: Chapter 8 (Flow, Turnover, Circulation Math), Chapter 10 (Filtration). Chapter 20 covers feeders and controllers; Chapter 21 covers chemical safety; Chapter 29 is the authoritative treatment of suction outlet and drain safety and this chapter defers to it.",66,False,False,"[""safety"", ""flow"", ""treatment"", ""defers"", ""reference"", ""outlet"", ""operator"", ""and"", ""manual"", ""controllers""]","{""chunk_id"": ""ch8-f35"", ""chunk_id_legacy"": ""ch8"", ""parent_chunk_id"": null, ""fragment_type"": ""chapter"", ""level"": 1, ""chapter"": 8, ""hierarchy_path"": ""Ch8"", ""is_regulatory"": false, ""is_stub"": false, ""token_count"": 66, ""keywords"": [""safety"", ""flow"", ""treatment"", ""defers"", ""reference"", ""outlet"", ""operator"", ""and"", ""manual"", ""controllers""]}"
ch8-22-1-1-1,ch8-22-1-1-1,8,3,subsection,Ch8/Do treat the daily walk-around as a safety inspection that happens to also protect water quality — not as a maintenance formality.,,Do treat the daily walk-around as a safety inspection that happens to also protect water quality — not as a maintenance formality.,THE VESSEL | +------+------+ |             | SURFACE      SUBMERGED SUCTION OUTLETS SKIMMING     (main drains)          <-- LIFE SAFETY (sec 22.3) (skimmers or                            | gutters)                                | |                                    | +------------+-----------------------+ | [ SURGE / BALANCE TANK ]   <-- perimeter-overflow systems only | SUCTION PIPING | HAIR AND LINT STRAINER          (sec 22.5) | PUMP                   (sec 22.6) |,112,False,False,"[""safety"", ""vessel"", ""treat"", ""walk"", ""also"", ""protect"", ""happens"", ""daily"", ""formality"", ""water""]","{""chunk_id"": ""ch8-22-1-1-1"", ""chunk_id_legacy"": ""ch8-22-1-1-1"", ""parent_chunk_id"": null, ""fragment_type"": ""subsection"", ""level"": 3, ""chapter"": 8, ""hierarchy_path"": ""Ch8/Do treat the daily walk-around as a safety inspection that happens to also protect water quality — not as a maintenance formality."", ""is_regulatory"": false, ""is_stub"": false, ""token_count"": 112, ""keywords"": [""safety"", ""vessel"", ""treat"", ""walk"", ""also"", ""protect"", ""happens"", ""daily"", ""formality"", ""water""]}"
ch10-f14,ch10,10,1,chapter,Ch10,,FILTER                  (Chapter 10),FILTER                  (Chapter 10),7,False,True,"[""filter"", ""chapter""]","{""chunk_id"": ""ch10-f14"", ""chunk_id_legacy"": ""ch10"", ""parent_chunk_id"": null, ""fragment_type"": ""chapter"", ""level"": 1, ""chapter"": 10, ""hierarchy_path"": ""Ch10"", ""is_regulatory"": false, ""is_stub"": true, ""token_count"": 7, ""keywords"": [""filter"", ""chapter""]}"
ch10-22-1-1,ch10-22-1-1,10,2,section,Ch10/22.1.1 The general path,ch10-f01,22.1.1 The general path,| HEATER                  (pointer only) |,9,False,False,"[""the"", ""only"", ""general"", ""heater"", ""path"", ""pointer""]","{""chunk_id"": ""ch10-22-1-1"", ""chunk_id_legacy"": ""ch10-22-1-1"", ""parent_chunk_id"": ""ch10-f01"", ""fragment_type"": ""section"", ""level"": 2, ""chapter"": 10, ""hierarchy_path"": ""Ch10/22.1.1 The general path"", ""is_regulatory"": false, ""is_stub"": false, ""token_count"": 9, ""keywords"": [""the"", ""only"", ""general"", ""heater"", ""path"", ""pointer""]}"
ch20-f05,ch20,20,1,chapter,Ch20,,TREATMENT AND CHEMICAL FEED         (Chapter 20),TREATMENT AND CHEMICAL FEED         (Chapter 20),15,False,True,"[""chemical"", ""and"", ""treatment"", ""feed"", ""chapter""]","{""chunk_id"": ""ch20-f05"", ""chunk_id_legacy"": ""ch20"", ""parent_chunk_id"": null, ""fragment_type"": ""chapter"", ""level"": 1, ""chapter"": 20, ""hierarchy_path"": ""Ch20"", ""is_regulatory"": false, ""is_stub"": true, ""token_count"": 15, ""keywords"": [""chemical"", ""and"", ""treatment"", ""feed"", ""chapter""]}"
ch20-22-1-1-1,ch20-22-1-1-1,20,3,subsection,"Ch20/feeders / generator / UV / ozone     (Chapters 14, 15)",,"feeders / generator / UV / ozone     (Chapters 14, 15)","| RETURN PIPING | RETURN INLETS                 (sec 22.4) | THE VESSEL BRANCHES:  backwash / waste line + SIGHT GLASS   (sec 22.8) makeup water / autofill + BACKFLOW PREVENTION (sec 22.9) vacuum lines and ports  <-- these ARE suction outlets feature loops (slides, falls, jets) FLOW METER on the return or common line  (sec 22.8)",101,False,False,"[""generator"", ""feeders"", ""return"", ""ozone"", ""piping"", ""line"", ""chapters""]","{""chunk_id"": ""ch20-22-1-1-1"", ""chunk_id_legacy"": ""ch20-22-1-1-1"", ""parent_chunk_id"": null, ""fragment_type"": ""subsection"", ""level"": 3, ""chapter"": 20, ""hierarchy_path"": ""Ch20/feeders / generator / UV / ozone     (Chapters 14, 15)"", ""is_regulatory"": false, ""is_stub"": false, ""token_count"": 101, ""keywords"": [""generator"", ""feeders"", ""return"", ""ozone"", ""piping"", ""line"", ""chapters""]}"
ch8-f36,ch8,8,1,chapter,Ch8,,"Do understand why item 5 matters so much: an unexplained valve position change is one of the most common causes of a sudden flow, filtration, or chemistry problem — and it is diagnosable in seconds if you have a photograph, and nearly undiagnosable if you do not. Chapter 8 §8.13.1, Chapter 10 §10.14.1.","Do understand why item 5 matters so much: an unexplained valve position change is one of the most common causes of a sudden flow, filtration, or chemistry problem — and it is diagnosable in seconds if you have a photograph, and nearly undiagnosable if you do not. Chapter 8 §8.13.1, Chapter 10 §10.14.1.",80,False,False,"[""diagnosable"", ""sudden"", ""flow"", ""common"", ""understand"", ""change"", ""undiagnosable"", ""causes"", ""and"", ""much""]","{""chunk_id"": ""ch8-f36"", ""chunk_id_legacy"": ""ch8"", ""parent_chunk_id"": null, ""fragment_type"": ""chapter"", ""level"": 1, ""chapter"": 8, ""hierarchy_path"": ""Ch8"", ""is_regulatory"": false, ""is_stub"": false, ""token_count"": 80, ""keywords"": [""diagnosable"", ""sudden"", ""flow"", ""common"", ""understand"", ""change"", ""undiagnosable"", ""causes"", ""and"", ""much""]}"
ch17-f12,ch17,17,1,chapter,Ch17,,"Do understand the operational consequence: if surface skimming is not working, the dirtiest water in the pool is not being removed, regardless of how good your filter is. Films, scum lines, and cloudy water frequently trace to a skimming failure rather than a filtration one. Chapter 17 §17.5.","Do understand the operational consequence: if surface skimming is not working, the dirtiest water in the pool is not being removed, regardless of how good your filter is. Films, scum lines, and cloudy water frequently trace to a skimming failure rather than a filtration one. Chapter 17 §17.5.",64,False,False,"[""than"", ""lines"", ""your"", ""skimming"", ""cloudy"", ""understand"", ""consequence"", ""dirtiest"", ""operational"", ""and""]","{""chunk_id"": ""ch17-f12"", ""chunk_id_legacy"": ""ch17"", ""parent_chunk_id"": null, ""fragment_type"": ""chapter"", ""level"": 1, ""chapter"": 17, ""hierarchy_path"": ""Ch17"", ""is_regulatory"": false, ""is_stub"": false, ""token_count"": 64, ""keywords"": [""than"", ""lines"", ""your"", ""skimming"", ""cloudy"", ""understand"", ""consequence"", ""dirtiest"", ""operational"", ""and""]}"
ch7-f26,ch7,7,1,chapter,Ch7,,"Do record the surge tank level daily. Do treat a surge tank level trending down with no explanation as a possible leak — and remember that on these systems the surge tank volume may or may not be included in your turnover basis. Chapter 7 §7.11, Chapter 8 §8.2.2.","Do record the surge tank level daily. Do treat a surge tank level trending down with no explanation as a possible leak — and remember that on these systems the surge tank volume may or may not be included in your turnover basis. Chapter 7 §7.11, Chapter 8 §8.2.2.",63,False,False,"[""systems"", ""your"", ""record"", ""may"", ""treat"", ""possible"", ""down"", ""and"", ""explanation"", ""these""]","{""chunk_id"": ""ch7-f26"", ""chunk_id_legacy"": ""ch7"", ""parent_chunk_id"": null, ""fragment_type"": ""chapter"", ""level"": 1, ""chapter"": 7, ""hierarchy_path"": ""Ch7"", ""is_regulatory"": false, ""is_stub"": false, ""token_count"": 63, ""keywords"": [""systems"", ""your"", ""record"", ""may"", ""treat"", ""possible"", ""down"", ""and"", ""explanation"", ""these""]}"
ch29-f03,ch29,29,1,chapter,Ch29,,This is the highest-consequence component on the property. Chapter 29 is the authoritative treatment. This section covers the operator's daily inspection duty and the closure decision.,This is the highest-consequence component on the property. Chapter 29 is the authoritative treatment. This section covers the operator's daily inspection duty and the closure decision.,33,False,False,"[""closure"", ""highest"", ""this"", ""the"", ""component"", ""operator"", ""daily"", ""and"", ""duty"", ""inspection""]","{""chunk_id"": ""ch29-f03"", ""chunk_id_legacy"": ""ch29"", ""parent_chunk_id"": null, ""fragment_type"": ""chapter"", ""level"": 1, ""chapter"": 29, ""hierarchy_path"": ""Ch29"", ""is_regulatory"": false, ""is_stub"": false, ""token_count"": 33, ""keywords"": [""closure"", ""highest"", ""this"", ""the"", ""component"", ""operator"", ""daily"", ""and"", ""duty"", ""inspection""]}"
ch29-f04,ch29,29,1,chapter,Ch29,,"Chapter 29 owns this. At awareness level, protections may include:","Chapter 29 owns this. At awareness level, protections may include:",14,False,True,"[""include"", ""awareness"", ""this"", ""level"", ""owns"", ""may"", ""protections"", ""chapter""]","{""chunk_id"": ""ch29-f04"", ""chunk_id_legacy"": ""ch29"", ""parent_chunk_id"": null, ""fragment_type"": ""chapter"", ""level"": 1, ""chapter"": 29, ""hierarchy_path"": ""Ch29"", ""is_regulatory"": false, ""is_stub"": true, ""token_count"": 14, ""keywords"": [""include"", ""awareness"", ""this"", ""level"", ""owns"", ""may"", ""protections"", ""chapter""]}"
ch17-f13,ch17,17,1,chapter,Ch17,,"That means turbidity is not only a treatment problem and a supervision problem (Chapter 17 §17.1.3); it prevents you from performing a life-safety inspection. A vessel whose bottom cannot be seen is closed for that reason among others. [S5, S6]","That means turbidity is not only a treatment problem and a supervision problem (Chapter 17 §17.1.3); it prevents you from performing a life-safety inspection. A vessel whose bottom cannot be seen is closed for that reason among others. [S5, S6]",58,False,False,"[""safety"", ""vessel"", ""turbidity"", ""seen"", ""closed"", ""others"", ""supervision"", ""treatment"", ""life"", ""and""]","{""chunk_id"": ""ch17-f13"", ""chunk_id_legacy"": ""ch17"", ""parent_chunk_id"": null, ""fragment_type"": ""chapter"", ""level"": 1, ""chapter"": 17, ""hierarchy_path"": ""Ch17"", ""is_regulatory"": false, ""is_stub"": false, ""token_count"": 58, ""keywords"": [""safety"", ""vessel"", ""turbidity"", ""seen"", ""closed"", ""others"", ""supervision"", ""treatment"", ""life"", ""and""]}"
ch29-f05,ch29,29,1,chapter,Ch29,,"Do go to Chapter 29 for the full treatment, including cover selection, system types, and testing.","Do go to Chapter 29 for the full treatment, including cover selection, system types, and testing.",21,False,False,"[""system"", ""selection"", ""including"", ""the"", ""testing"", ""and"", ""full"", ""types"", ""cover"", ""treatment""]","{""chunk_id"": ""ch29-f05"", ""chunk_id_legacy"": ""ch29"", ""parent_chunk_id"": null, ""fragment_type"": ""chapter"", ""level"": 1, ""chapter"": 29, ""hierarchy_path"": ""Ch29"", ""is_regulatory"": false, ""is_stub"": false, ""token_count"": 21, ""keywords"": [""system"", ""selection"", ""including"", ""the"", ""testing"", ""and"", ""full"", ""types"", ""cover"", ""treatment""]}"
ch8-f37,ch8,8,1,chapter,Ch8,,Chapter 8 §8.8 established that circulation is imperfect and that dead zones are where algae establishes and where residuals fail. Inlet aiming is the cheapest and most effective control an operator has over that problem. It costs nothing and takes minutes.,Chapter 8 §8.8 established that circulation is imperfect and that dead zones are where algae establishes and where residuals fail. Inlet aiming is the cheapest and most effective control an operator has over that problem. It costs nothing and takes minutes.,49,False,False,"[""aiming"", ""inlet"", ""nothing"", ""control"", ""fail"", ""establishes"", ""residuals"", ""operator"", ""and"", ""effective""]","{""chunk_id"": ""ch8-f37"", ""chunk_id_legacy"": ""ch8"", ""parent_chunk_id"": null, ""fragment_type"": ""chapter"", ""level"": 1, ""chapter"": 8, ""hierarchy_path"": ""Ch8"", ""is_regulatory"": false, ""is_stub"": false, ""token_count"": 49, ""keywords"": [""aiming"", ""inlet"", ""nothing"", ""control"", ""fail"", ""establishes"", ""residuals"", ""operator"", ""and"", ""effective""]}"
ch8-f38,ch8,8,1,chapter,Ch8,,"Do verify the result with multi-point residual testing, not by eye. If a corner reads low, aim an inlet at it and retest. Chapter 8 §8.8, Chapter 11 §11.5.1, Chapter 18 §18.1.1.","Do verify the result with multi-point residual testing, not by eye. If a corner reads low, aim an inlet at it and retest. Chapter 8 §8.8, Chapter 11 §11.5.1, Chapter 18 §18.1.1.",57,False,False,"[""aim"", ""inlet"", ""not"", ""point"", ""the"", ""testing"", ""low"", ""and"", ""corner"", ""multi""]","{""chunk_id"": ""ch8-f38"", ""chunk_id_legacy"": ""ch8"", ""parent_chunk_id"": null, ""fragment_type"": ""chapter"", ""level"": 1, ""chapter"": 8, ""hierarchy_path"": ""Ch8"", ""is_regulatory"": false, ""is_stub"": false, ""token_count"": 57, ""keywords"": [""aim"", ""inlet"", ""not"", ""point"", ""the"", ""testing"", ""low"", ""and"", ""corner"", ""multi""]}"
ch8-f39,ch8,8,1,chapter,Ch8,,"A loaded strainer basket restricts flow — which reduces turnover, reduces filtration, reduces feeder and generator output, and can trip flow interlocks. Do empty baskets as part of the daily round, before taking the flow and pressure readings, so those readings mean something. Chapter 8 §8.13.1.","A loaded strainer basket restricts flow — which reduces turnover, reduces filtration, reduces feeder and generator output, and can trip flow interlocks. Do empty baskets as part of the daily round, before taking the flow and pressure readings, so those readings mean something. Chapter 8 §8.13.1.",63,False,False,"[""reduces"", ""interlocks"", ""output"", ""flow"", ""something"", ""loaded"", ""which"", ""before"", ""readings"", ""strainer""]","{""chunk_id"": ""ch8-f39"", ""chunk_id_legacy"": ""ch8"", ""parent_chunk_id"": null, ""fragment_type"": ""chapter"", ""level"": 1, ""chapter"": 8, ""hierarchy_path"": ""Ch8"", ""is_regulatory"": false, ""is_stub"": false, ""token_count"": 63, ""keywords"": [""reduces"", ""interlocks"", ""output"", ""flow"", ""something"", ""loaded"", ""which"", ""before"", ""readings"", ""strainer""]}"
ch8-f40,ch8,8,1,chapter,Ch8,,This is not a pump chapter. These are the daily operator items. Chapter 8 §8.14.2 covers pump curves and total dynamic head; Chapter 8 §8.15 covers low-flow troubleshooting.,This is not a pump chapter. These are the daily operator items. Chapter 8 §8.14.2 covers pump curves and total dynamic head; Chapter 8 §8.15 covers low-flow troubleshooting.,43,False,False,"[""head"", ""items"", ""flow"", ""pump"", ""total"", ""operator"", ""and"", ""these"", ""are"", ""this""]","{""chunk_id"": ""ch8-f40"", ""chunk_id_legacy"": ""ch8"", ""parent_chunk_id"": null, ""fragment_type"": ""chapter"", ""level"": 1, ""chapter"": 8, ""hierarchy_path"": ""Ch8"", ""is_regulatory"": false, ""is_stub"": false, ""token_count"": 43, ""keywords"": [""head"", ""items"", ""flow"", ""pump"", ""total"", ""operator"", ""and"", ""these"", ""are"", ""this""]}"
ch8-f41,ch8,8,1,chapter,Ch8,,Chapter 8 §8.12 covers meter types and installation requirements; §8.13 covers the full verification procedure. The daily items:,Chapter 8 §8.12 covers meter types and installation requirements; §8.13 covers the full verification procedure. The daily items:,28,False,False,"[""the"", ""items"", ""daily"", ""and"", ""full"", ""verification"", ""meter"", ""procedure"", ""types"", ""installation""]","{""chunk_id"": ""ch8-f41"", ""chunk_id_legacy"": ""ch8"", ""parent_chunk_id"": null, ""fragment_type"": ""chapter"", ""level"": 1, ""chapter"": 8, ""hierarchy_path"": ""Ch8"", ""is_regulatory"": false, ""is_stub"": false, ""token_count"": 28, ""keywords"": [""the"", ""items"", ""daily"", ""and"", ""full"", ""verification"", ""meter"", ""procedure"", ""types"", ""installation""]}"
ch14-f08,ch14,14,1,chapter,Ch14,,Do track daily makeup water volume. An unexplained increase is a leak; and in a salt-generated vessel it also explains falling salinity. Chapter 14 §14.3.5.,Do track daily makeup water volume. An unexplained increase is a leak; and in a salt-generated vessel it also explains falling salinity. Chapter 14 §14.3.5.,38,False,False,"[""vessel"", ""track"", ""daily"", ""and"", ""increase"", ""salt"", ""generated"", ""unexplained"", ""makeup"", ""water""]","{""chunk_id"": ""ch14-f08"", ""chunk_id_legacy"": ""ch14"", ""parent_chunk_id"": null, ""fragment_type"": ""chapter"", ""level"": 1, ""chapter"": 14, ""hierarchy_path"": ""Ch14"", ""is_regulatory"": false, ""is_stub"": false, ""token_count"": 38, ""keywords"": [""vessel"", ""track"", ""daily"", ""and"", ""increase"", ""salt"", ""generated"", ""unexplained"", ""makeup"", ""water""]}"
ch10-f15,ch10,10,1,chapter,Ch10,,"Stop. Relieve all pressure and open the air relief before loosening any filter closure, clamp, or band. A pressurized filter closure released under pressure can cause fatal injury. Chapter 10 §10.16 item 12. [S11]","Stop. Relieve all pressure and open the air relief before loosening any filter closure, clamp, or band. A pressurized filter closure released under pressure can cause fatal injury. Chapter 10 §10.16 item 12. [S11]",52,False,False,"[""released"", ""open"", ""loosening"", ""before"", ""pressurized"", ""closure"", ""relieve"", ""all"", ""and"", ""clamp""]","{""chunk_id"": ""ch10-f15"", ""chunk_id_legacy"": ""ch10"", ""parent_chunk_id"": null, ""fragment_type"": ""chapter"", ""level"": 1, ""chapter"": 10, ""hierarchy_path"": ""Ch10"", ""is_regulatory"": false, ""is_stub"": false, ""token_count"": 52, ""keywords"": [""released"", ""open"", ""loosening"", ""before"", ""pressurized"", ""closure"", ""relieve"", ""all"", ""and"", ""clamp""]}"
ch16-f14,ch16,16,1,chapter,Ch16,,"Do record daily: operating status, no error codes, no leaks, no unusual smell, bypass valve at the recorded position, and — for fuel-fired units — combustion air openings and venting clear and unobstructed. Never obstruct combustion air or venting. Escalate any fault, error code, smell, or evidence of scale to qualified service. Chapter 16 §16.2.2 covers scale; heater specifics are outside this chapter.","Do record daily: operating status, no error codes, no leaks, no unusual smell, bypass valve at the recorded position, and — for fuel-fired units — combustion air openings and venting clear and unobstructed. Never obstruct combustion air or venting. Escalate any fault, error code, smell, or evidence of scale to qualified service. Chapter 16 §16.2.2 covers scale; heater specifics are outside this chapter.",91,False,False,"[""never"", ""unusual"", ""leaks"", ""record"", ""scale"", ""service"", ""escalate"", ""qualified"", ""venting"", ""and""]","{""chunk_id"": ""ch16-f14"", ""chunk_id_legacy"": ""ch16"", ""parent_chunk_id"": null, ""fragment_type"": ""chapter"", ""level"": 1, ""chapter"": 16, ""hierarchy_path"": ""Ch16"", ""is_regulatory"": false, ""is_stub"": false, ""token_count"": 91, ""keywords"": [""never"", ""unusual"", ""leaks"", ""record"", ""scale"", ""service"", ""escalate"", ""qualified"", ""venting"", ""and""]}"
ch8-f42,ch8,8,1,chapter,Ch8,,"Do identify every feature loop — slides, waterfalls, jets, blowers, in-floor systems — and record whether its flow passes through filtration and disinfection. That determines whether it counts toward turnover. Chapter 8 §8.9.3. Do record and check its valve positions with the rest.","Do identify every feature loop — slides, waterfalls, jets, blowers, in-floor systems — and record whether its flow passes through filtration and disinfection. That determines whether it counts toward turnover. Chapter 8 §8.9.3. Do record and check its valve positions with the rest.",61,False,False,"[""systems"", ""flow"", ""record"", ""its"", ""rest"", ""feature"", ""determines"", ""waterfalls"", ""toward"", ""and""]","{""chunk_id"": ""ch8-f42"", ""chunk_id_legacy"": ""ch8"", ""parent_chunk_id"": null, ""fragment_type"": ""chapter"", ""level"": 1, ""chapter"": 8, ""hierarchy_path"": ""Ch8"", ""is_regulatory"": false, ""is_stub"": false, ""token_count"": 61, ""keywords"": [""systems"", ""flow"", ""record"", ""its"", ""rest"", ""feature"", ""determines"", ""waterfalls"", ""toward"", ""and""]}"
ch29-f06,ch29,29,1,chapter,Ch29,,"Any suction outlet cover is missing, damaged, loose, non-compliant, or past its service life. Compliant replacement and installation by qualified personnel. Chapter 29. [S25, S6]","Any suction outlet cover is missing, damaged, loose, non-compliant, or past its service life. Compliant replacement and installation by qualified personnel. Chapter 29. [S25, S6]",41,False,False,"[""non"", ""its"", ""service"", ""life"", ""qualified"", ""outlet"", ""and"", ""loose"", ""past"", ""installation""]","{""chunk_id"": ""ch29-f06"", ""chunk_id_legacy"": ""ch29"", ""parent_chunk_id"": null, ""fragment_type"": ""chapter"", ""level"": 1, ""chapter"": 29, ""hierarchy_path"": ""Ch29"", ""is_regulatory"": false, ""is_stub"": false, ""token_count"": 41, ""keywords"": [""non"", ""its"", ""service"", ""life"", ""qualified"", ""outlet"", ""and"", ""loose"", ""past"", ""installation""]}"
ch8-f43,ch8,8,1,chapter,Ch8,,"Flow cannot be restored after working Chapter 8 §8.15 — including baskets, filter, valves, air leaks, and water level.","Flow cannot be restored after working Chapter 8 §8.15 — including baskets, filter, valves, air leaks, and water level.",28,False,False,"[""restored"", ""including"", ""level"", ""flow"", ""and"", ""leaks"", ""air"", ""filter"", ""water"", ""cannot""]","{""chunk_id"": ""ch8-f43"", ""chunk_id_legacy"": ""ch8"", ""parent_chunk_id"": null, ""fragment_type"": ""chapter"", ""level"": 1, ""chapter"": 8, ""hierarchy_path"": ""Ch8"", ""is_regulatory"": false, ""is_stub"": false, ""token_count"": 28, ""keywords"": [""restored"", ""including"", ""level"", ""flow"", ""and"", ""leaks"", ""air"", ""filter"", ""water"", ""cannot""]}"
ch10-f16,ch10,10,1,chapter,Ch10,,Media is appearing in the sight glass or the vessel — internal filter repair. Chapter 10 §10.14.2.,Media is appearing in the sight glass or the vessel — internal filter repair. Chapter 10 §10.14.2.,25,False,False,"[""repair"", ""vessel"", ""sight"", ""internal"", ""the"", ""appearing"", ""filter"", ""glass"", ""media"", ""chapter""]","{""chunk_id"": ""ch10-f16"", ""chunk_id_legacy"": ""ch10"", ""parent_chunk_id"": null, ""fragment_type"": ""chapter"", ""level"": 1, ""chapter"": 10, ""hierarchy_path"": ""Ch10"", ""is_regulatory"": false, ""is_stub"": false, ""token_count"": 25, ""keywords"": [""repair"", ""vessel"", ""sight"", ""internal"", ""the"", ""appearing"", ""filter"", ""glass"", ""media"", ""chapter""]}"
ch8-f44,ch8,8,1,chapter,Ch8,,"As-builts do not match the installation, or undocumented modifications are found. Chapter 8, Chapter 10. [S8]","As-builts do not match the installation, or undocumented modifications are found. Chapter 8, Chapter 10. [S8]",28,False,False,"[""builts"", ""not"", ""the"", ""modifications"", ""found"", ""installation"", ""undocumented"", ""are"", ""match"", ""chapter""]","{""chunk_id"": ""ch8-f44"", ""chunk_id_legacy"": ""ch8"", ""parent_chunk_id"": null, ""fragment_type"": ""chapter"", ""level"": 1, ""chapter"": 8, ""hierarchy_path"": ""Ch8"", ""is_regulatory"": false, ""is_stub"": false, ""token_count"": 28, ""keywords"": [""builts"", ""not"", ""the"", ""modifications"", ""found"", ""installation"", ""undocumented"", ""are"", ""match"", ""chapter""]}"
ch8-f45,ch8,8,1,chapter,Ch8,,"Measured flow no longer supports code turnover or the filtration rate limit. Engineering review. Chapter 8 §8.5, Chapter 10 §10.8.","Measured flow no longer supports code turnover or the filtration rate limit. Engineering review. Chapter 8 §8.5, Chapter 10 §10.8.",32,False,False,"[""filtration"", ""supports"", ""the"", ""flow"", ""engineering"", ""longer"", ""turnover"", ""code"", ""rate"", ""measured""]","{""chunk_id"": ""ch8-f45"", ""chunk_id_legacy"": ""ch8"", ""parent_chunk_id"": null, ""fragment_type"": ""chapter"", ""level"": 1, ""chapter"": 8, ""hierarchy_path"": ""Ch8"", ""is_regulatory"": false, ""is_stub"": false, ""token_count"": 32, ""keywords"": [""filtration"", ""supports"", ""the"", ""flow"", ""engineering"", ""longer"", ""turnover"", ""code"", ""rate"", ""measured""]}"
ch22-f02,ch22,22,1,chapter,Ch22,,End of Chapter 22.,End of Chapter 22.,6,False,True,"[""end"", ""chapter""]","{""chunk_id"": ""ch22-f02"", ""chunk_id_legacy"": ""ch22"", ""parent_chunk_id"": null, ""fragment_type"": ""chapter"", ""level"": 1, ""chapter"": 22, ""hierarchy_path"": ""Ch22"", ""is_regulatory"": false, ""is_stub"": true, ""token_count"": 6, ""keywords"": [""end"", ""chapter""]}"
ch23,ch23,23,1,chapter,Ch23,,Chapter 23 — Pumps and Basic Hydraulics for Operators,Chapter 23 — Pumps and Basic Hydraulics for Operators,13,False,True,"[""basic"", ""and"", ""operators"", ""pumps"", ""for"", ""hydraulics"", ""chapter""]","{""chunk_id"": ""ch23"", ""chunk_id_legacy"": ""ch23"", ""parent_chunk_id"": null, ""fragment_type"": ""chapter"", ""level"": 1, ""chapter"": 23, ""hierarchy_path"": ""Ch23"", ""is_regulatory"": false, ""is_stub"": true, ""token_count"": 13, ""keywords"": [""basic"", ""and"", ""operators"", ""pumps"", ""for"", ""hydraulics"", ""chapter""]}"
ch23-23-2-2,ch23-23-2-2,23,2,section,Ch23/23.2.2 Turnover,ch23,23.2.2 Turnover,Turnover is the time required to circulate a volume of water equal to the entire pool volume through the treatment system once.,25,False,False,"[""volume"", ""turnover"", ""time""]","{""chunk_id"": ""ch23-23-2-2"", ""chunk_id_legacy"": ""ch23-23-2-2"", ""parent_chunk_id"": ""ch23"", ""fragment_type"": ""section"", ""level"": 2, ""chapter"": 23, ""hierarchy_path"": ""Ch23/23.2.2 Turnover"", ""is_regulatory"": false, ""is_stub"": false, ""token_count"": 25, ""keywords"": [""volume"", ""turnover"", ""time""]}"
ch23-23-3-2-1,ch23-23-3-2-1,23,3,subsection,Ch23/Relieve pressure. Open the air relief valve on the filter. Confirm pressure gauges read zero before removing any lid.,,Relieve pressure. Open the air relief valve on the filter. Confirm pressure gauges read zero before removing any lid.,"Remove the strainer pot lid. If it resists, do not pry with a screwdriver against the housing — use the manufacturer's wrench or lid tool. Lift out the basket. Empty debris into the trash, not the floor drain. Inspect the basket for cracks or a broken rim. A cracked basket lets debris pass to the impeller. Replace it; do not run without a basket. Rinse the basket and the pot. Inspect the lid O-ring. Clean it. Lubricate with a manufacturer-approved lubricant only. Replace if flattened, cracked, brittle, or stretched. Reseat the basket squarely. A misseated basket can be crushed by the lid. Refit the lid. Hand-tighten unless the manufacturer specifies otherwise. Over-tightening deforms O-rings and cracks lids. Reopen valves. Prime per 23.4. Restore power, restart, and confirm normal pressure and flow.",189,False,False,"[""open"", ""before"", ""removing"", ""relieve"", ""valve"", ""filter"", ""with"", ""gauges"", ""relief"", ""any""]","{""chunk_id"": ""ch23-23-3-2-1"", ""chunk_id_legacy"": ""ch23-23-3-2-1"", ""parent_chunk_id"": null, ""fragment_type"": ""subsection"", ""level"": 3, ""chapter"": 23, ""hierarchy_path"": ""Ch23/Relieve pressure. Open the air relief valve on the filter. Confirm pressure gauges read zero before removing any lid."", ""is_regulatory"": false, ""is_stub"": false, ""token_count"": 189, ""keywords"": [""open"", ""before"", ""removing"", ""relieve"", ""valve"", ""filter"", ""with"", ""gauges"", ""relief"", ""any""]}"
ch23-23-4-2,ch23-23-4-2,23,2,section,Ch23/23.4.2 When priming is required,ch23,23.4.2 When priming is required,"After cleaning the strainer basket on an above-water-level pump. After the pool water level drops below the skimmer throat and the pump ingests air. After any suction-side line is opened, drained, or serviced. After winterization or seasonal startup. After a power outage on some systems.",59,False,False,"[""required"", ""level"", ""water"", ""when"", ""after"", ""priming""]","{""chunk_id"": ""ch23-23-4-2"", ""chunk_id_legacy"": ""ch23-23-4-2"", ""parent_chunk_id"": ""ch23"", ""fragment_type"": ""section"", ""level"": 2, ""chapter"": 23, ""hierarchy_path"": ""Ch23/23.4.2 When priming is required"", ""is_regulatory"": false, ""is_stub"": false, ""token_count"": 59, ""keywords"": [""required"", ""level"", ""water"", ""when"", ""after"", ""priming""]}"
ch23-23-6-3,ch23-23-6-3,23,2,section,Ch23/23.6.3 Short cycling,ch23,23.6.3 Short cycling,"Rapid on/off cycling stresses motor windings and starting components and shortens motor life. If a pump is cycling on a thermal overload, it is telling you it is overheating. Do not reset an overload repeatedly.",43,False,False,"[""motor"", ""cycling"", ""short"", ""overload""]","{""chunk_id"": ""ch23-23-6-3"", ""chunk_id_legacy"": ""ch23-23-6-3"", ""parent_chunk_id"": ""ch23"", ""fragment_type"": ""section"", ""level"": 2, ""chapter"": 23, ""hierarchy_path"": ""Ch23/23.6.3 Short cycling"", ""is_regulatory"": false, ""is_stub"": false, ""token_count"": 43, ""keywords"": [""motor"", ""cycling"", ""short"", ""overload""]}"
ch23-23-7-1,ch23-23-7-1,23,2,section,Ch23/23.7.1 Filter pressure,ch23,23.7.1 Filter pressure,Most systems have a pressure gauge on the filter influent (and sometimes on the effluent). The number itself means little in isolation. What matters is the number relative to the clean baseline.,38,False,False,"[""systems"", ""number"", ""most"", ""filter"", ""pressure""]","{""chunk_id"": ""ch23-23-7-1"", ""chunk_id_legacy"": ""ch23-23-7-1"", ""parent_chunk_id"": ""ch23"", ""fragment_type"": ""section"", ""level"": 2, ""chapter"": 23, ""hierarchy_path"": ""Ch23/23.7.1 Filter pressure"", ""is_regulatory"": false, ""is_stub"": false, ""token_count"": 38, ""keywords"": [""systems"", ""number"", ""most"", ""filter"", ""pressure""]}"
ch23-23-7-3,ch23-23-7-3,23,2,section,Ch23/23.7.3 Flow meters,ch23,23.7.3 Flow meters,A flow meter is the only direct measurement of whether you are meeting turnover. Many codes require one.,20,False,False,"[""meters"", ""only"", ""flow"", ""meter""]","{""chunk_id"": ""ch23-23-7-3"", ""chunk_id_legacy"": ""ch23-23-7-3"", ""parent_chunk_id"": ""ch23"", ""fragment_type"": ""section"", ""level"": 2, ""chapter"": 23, ""hierarchy_path"": ""Ch23/23.7.3 Flow meters"", ""is_regulatory"": false, ""is_stub"": false, ""token_count"": 20, ""keywords"": [""meters"", ""only"", ""flow"", ""meter""]}"
ch23-23-8,ch23-23-8,23,2,section,Ch23/23.8 Electrical safety around pumps and water,ch23,23.8 Electrical safety around pumps and water,This section is a high-level awareness section. Electrical work is not operator work.,16,False,False,"[""safety"", ""this"", ""and"", ""work"", ""section"", ""pumps"", ""water"", ""electrical"", ""around""]","{""chunk_id"": ""ch23-23-8"", ""chunk_id_legacy"": ""ch23-23-8"", ""parent_chunk_id"": ""ch23"", ""fragment_type"": ""section"", ""level"": 2, ""chapter"": 23, ""hierarchy_path"": ""Ch23/23.8 Electrical safety around pumps and water"", ""is_regulatory"": false, ""is_stub"": false, ""token_count"": 16, ""keywords"": [""safety"", ""this"", ""and"", ""work"", ""section"", ""pumps"", ""water"", ""electrical"", ""around""]}"
ch23-23-8-3,ch23-23-8-3,23,2,section,Ch23/23.8.3 Bonding and grounding,ch23,23.8.3 Bonding and grounding,Bonding ties metallic components in and around the pool to a common electrical potential so that no dangerous voltage difference exists between them. Grounding provides a path to earth. They are different things and both are required by code.,44,False,False,"[""ties"", ""bonding"", ""and"", ""metallic"", ""grounding""]","{""chunk_id"": ""ch23-23-8-3"", ""chunk_id_legacy"": ""ch23-23-8-3"", ""parent_chunk_id"": ""ch23"", ""fragment_type"": ""section"", ""level"": 2, ""chapter"": 23, ""hierarchy_path"": ""Ch23/23.8.3 Bonding and grounding"", ""is_regulatory"": false, ""is_stub"": false, ""token_count"": 44, ""keywords"": [""ties"", ""bonding"", ""and"", ""metallic"", ""grounding""]}"
ch23-23-8-5,ch23-23-8-5,23,2,section,Ch23/23.8.5 Wet conditions in the equipment room,ch23,23.8.5 Wet conditions in the equipment room,"Never stand in standing water while operating electrical switches or the panel. Address leaks promptly; a wet equipment room floor is both a slip hazard and an electrical hazard. Keep the panel area clear per code — a clear working space in front of electrical panels is required, not optional storage space. Ensure equipment room lighting works. Diagnosing a pump in the dark with a phone flashlight leads to mistakes.",79,False,False,"[""wet"", ""the"", ""equipment"", ""panel"", ""room"", ""conditions"", ""electrical""]","{""chunk_id"": ""ch23-23-8-5"", ""chunk_id_legacy"": ""ch23-23-8-5"", ""parent_chunk_id"": ""ch23"", ""fragment_type"": ""section"", ""level"": 2, ""chapter"": 23, ""hierarchy_path"": ""Ch23/23.8.5 Wet conditions in the equipment room"", ""is_regulatory"": false, ""is_stub"": false, ""token_count"": 79, ""keywords"": [""wet"", ""the"", ""equipment"", ""panel"", ""room"", ""conditions"", ""electrical""]}"
ch23-23-8-6,ch23-23-8-6,23,2,section,Ch23/23.8.6 Lockout / tagout,ch23,23.8.6 Lockout / tagout,"Before opening any pump, strainer pot, or filter: Identify all energy sources — electrical, and stored energy in pressurized water. Shut down the pump at the designated disconnect. Apply lock and tag per your facility's written energy control program. Defeat automation: verify the timer, controller, or building management system cannot restart the pump. Verify de-energization. Relieve pressure via the filter air relief and confirm gauges read zero.",91,False,False,"[""pump"", ""lockout"", ""energy"", ""filter"", ""tagout""]","{""chunk_id"": ""ch23-23-8-6"", ""chunk_id_legacy"": ""ch23-23-8-6"", ""parent_chunk_id"": ""ch23"", ""fragment_type"": ""section"", ""level"": 2, ""chapter"": 23, ""hierarchy_path"": ""Ch23/23.8.6 Lockout / tagout"", ""is_regulatory"": false, ""is_stub"": false, ""token_count"": 91, ""keywords"": [""pump"", ""lockout"", ""energy"", ""filter"", ""tagout""]}"
ch23-23-9-2,ch23-23-9-2,23,2,section,Ch23/23.9.2 Stop after brief assessment,ch23,23.9.2 Stop after brief assessment,Cavitation noise that does not clear after checking water level and baskets. Flow below code minimum that you cannot restore. Repeated GFCI or overload trips. Persistent air in the strainer pot after O-ring service. Any leak that is worsening.,50,False,False,"[""assessment"", ""stop"", ""brief"", ""that"", ""cavitation"", ""after""]","{""chunk_id"": ""ch23-23-9-2"", ""chunk_id_legacy"": ""ch23-23-9-2"", ""parent_chunk_id"": ""ch23"", ""fragment_type"": ""section"", ""level"": 2, ""chapter"": 23, ""hierarchy_path"": ""Ch23/23.9.2 Stop after brief assessment"", ""is_regulatory"": false, ""is_stub"": false, ""token_count"": 50, ""keywords"": [""assessment"", ""stop"", ""brief"", ""that"", ""cavitation"", ""after""]}"
ch23-23-9-3,ch23-23-9-3,23,2,section,Ch23/23.9.3 What to do after stopping,ch23,23.9.3 What to do after stopping,"Lock out and tag. Notify your supervisor. Assess water quality impact: with circulation stopped, disinfectant residual and pH will drift and are no longer being distributed. Test at multiple points, not just the usual sample tap.",45,False,False,"[""lock"", ""your"", ""notify"", ""stopping"", ""what"", ""after""]","{""chunk_id"": ""ch23-23-9-3"", ""chunk_id_legacy"": ""ch23-23-9-3"", ""parent_chunk_id"": ""ch23"", ""fragment_type"": ""section"", ""level"": 2, ""chapter"": 23, ""hierarchy_path"": ""Ch23/23.9.3 What to do after stopping"", ""is_regulatory"": false, ""is_stub"": false, ""token_count"": 45, ""keywords"": [""lock"", ""your"", ""notify"", ""stopping"", ""what"", ""after""]}"
ch23-23-9-4,ch23-23-9-4,23,2,section,Ch23/23.9.4 Restart after any suction-side service,ch23,23.9.4 Restart after any suction-side service,"Confirm before restart: Strainer basket present, intact, seated. Lid O-ring clean, lubricated, undamaged. Lid hand-tight and square. All valves in normal operating position, including discharge. Pump primed. Air relief open at start, closed once solid water flows.",57,False,False,"[""any"", ""before"", ""confirm"", ""suction"", ""side"", ""restart"", ""service"", ""after""]","{""chunk_id"": ""ch23-23-9-4"", ""chunk_id_legacy"": ""ch23-23-9-4"", ""parent_chunk_id"": ""ch23"", ""fragment_type"": ""section"", ""level"": 2, ""chapter"": 23, ""hierarchy_path"": ""Ch23/23.9.4 Restart after any suction-side service"", ""is_regulatory"": false, ""is_stub"": false, ""token_count"": 57, ""keywords"": [""any"", ""before"", ""confirm"", ""suction"", ""side"", ""restart"", ""service"", ""after""]}"
ch23-23-10-1,ch23-23-10-1,23,3,subsection,Ch23/Key operator points:,ch23-23-10,Key operator points:,"Suction outlet covers must be present, unbroken, properly secured, and not expired per their marked service life. A missing or broken suction outlet cover is an immediate closure condition. Do not operate the pump. Do not modify, remove, or defeat a safety vacuum release system (SVRS), automatic pump shut-off, or vent system. Know the location of the emergency pump shut-off and confirm it is labeled, unobstructed, and functional. Test per your code and record the test. If the emergency shut-off is not labeled or not obviously accessible from the deck, that is a finding to correct today.",124,False,False,"[""pump"", ""key"", ""suction"", ""operator"", ""points"", ""shut""]","{""chunk_id"": ""ch23-23-10-1"", ""chunk_id_legacy"": ""ch23-23-10-1"", ""parent_chunk_id"": ""ch23-23-10"", ""fragment_type"": ""subsection"", ""level"": 3, ""chapter"": 23, ""hierarchy_path"": ""Ch23/Key operator points:"", ""is_regulatory"": false, ""is_stub"": false, ""token_count"": 124, ""keywords"": [""pump"", ""key"", ""suction"", ""operator"", ""points"", ""shut""]}"
ch23-23-10,ch23-23-10,23,2,section,Ch23/23.10 Suction entrapment awareness,ch23,23.10 Suction entrapment awareness,"This is covered in depth elsewhere in this manual, but it belongs in any pump chapter because the pump creates the hazard.",24,False,False,"[""pump"", ""awareness"", ""this"", ""suction"", ""covered"", ""entrapment""]","{""chunk_id"": ""ch23-23-10"", ""chunk_id_legacy"": ""ch23-23-10"", ""parent_chunk_id"": ""ch23"", ""fragment_type"": ""section"", ""level"": 2, ""chapter"": 23, ""hierarchy_path"": ""Ch23/23.10 Suction entrapment awareness"", ""is_regulatory"": false, ""is_stub"": false, ""token_count"": 24, ""keywords"": [""pump"", ""awareness"", ""this"", ""suction"", ""covered"", ""entrapment""]}"
ch23-23-11-1,ch23-23-11-1,23,3,subsection,Ch23/What changes for the operator:,,What changes for the operator:,Flow depends on the programmed speed. A speed change is a flow change and therefore a turnover change. Never change a programmed speed without authorization. Verify the resulting gpm against the code minimum with the flow meter and record it. Confirm that any programmed low-speed period still meets code-required flow. Some codes prohibit dropping below the turnover flow at any time when the facility is open. Confirm that chemical feed and automatic controllers remain within their operating flow window at the lower speed. Erosion feeders and flow switches often have minimum flow requirements. A drive fault code is diagnostic information. Record the exact code text before clearing it; the technician will need it.,130,False,False,"[""the"", ""operator"", ""flow"", ""changes"", ""speed"", ""for"", ""what"", ""change""]","{""chunk_id"": ""ch23-23-11-1"", ""chunk_id_legacy"": ""ch23-23-11-1"", ""parent_chunk_id"": null, ""fragment_type"": ""subsection"", ""level"": 3, ""chapter"": 23, ""hierarchy_path"": ""Ch23/What changes for the operator:"", ""is_regulatory"": false, ""is_stub"": false, ""token_count"": 130, ""keywords"": [""the"", ""operator"", ""flow"", ""changes"", ""speed"", ""for"", ""what"", ""change""]}"
ch23-23-12-1,ch23-23-12-1,23,3,subsection,Ch23/Record pressure and flow together every round. Interpret them as a pair using the table in 23.7.2.,,Record pressure and flow together every round. Interpret them as a pair using the table in 23.7.2.,"Establish and date a clean filter baseline pressure after every cleaning or media change. Keep the strainer basket clean, intact, and installed. Always. Never throttle the suction side. Never start a pump against a closed discharge. Prime before starting any above-grade pump; stop after one failed prime attempt and diagnose. Treat gravel-like pump noise as cavitation until proven otherwise, and act on the suction side. Test GFCI devices on schedule and record results; never reset a repeatedly tripping device. Verify suction outlet covers and emergency shut-off on a documented schedule. Lock out and relieve pressure before opening any pressurized component. When circulation stops, treat it as a water quality event and assess for closure.",141,False,False,"[""pump"", ""pair"", ""every"", ""the"", ""suction"", ""table"", ""together"", ""flow"", ""and"", ""never""]","{""chunk_id"": ""ch23-23-12-1"", ""chunk_id_legacy"": ""ch23-23-12-1"", ""parent_chunk_id"": null, ""fragment_type"": ""subsection"", ""level"": 3, ""chapter"": 23, ""hierarchy_path"": ""Ch23/Record pressure and flow together every round. Interpret them as a pair using the table in 23.7.2."", ""is_regulatory"": false, ""is_stub"": false, ""token_count"": 141, ""keywords"": [""pump"", ""pair"", ""every"", ""the"", ""suction"", ""table"", ""together"", ""flow"", ""and"", ""never""]}"
ch24-f01,ch24,24,1,chapter,Ch24,,"CHAPTER 24 – FILTERS: SAND, DE, AND CARTRIDGE","CHAPTER 24 – FILTERS: SAND, DE, AND CARTRIDGE",15,False,True,"[""filters"", ""cartridge"", ""and"", ""sand"", ""chapter""]","{""chunk_id"": ""ch24-f01"", ""chunk_id_legacy"": ""ch24"", ""parent_chunk_id"": null, ""fragment_type"": ""chapter"", ""level"": 1, ""chapter"": 24, ""hierarchy_path"": ""Ch24"", ""is_regulatory"": false, ""is_stub"": true, ""token_count"": 15, ""keywords"": [""filters"", ""cartridge"", ""and"", ""sand"", ""chapter""]}"
ch5-f02,ch5,5,1,chapter,Ch5,,"Fine Particle Trapping: Pleated media typically removes particles down to 10–20 microns (some high-efficiency cartridges reach 5 microns). The pleats are made from synthetic fibers (polyester, spun polypropylene) or specialized materials.","Fine Particle Trapping: Pleated media typically removes particles down to 10–20 microns (some high-efficiency cartridges reach 5 microns). The pleats are made from synthetic fibers (polyester, spun polypropylene) or specialized materials.",52,False,False,"[""polyester"", ""cartridges"", ""removes"", ""made"", ""fine"", ""materials"", ""trapping"", ""particles"", ""down"", ""microns""]","{""chunk_id"": ""ch5-f02"", ""chunk_id_legacy"": ""ch5"", ""parent_chunk_id"": null, ""fragment_type"": ""chapter"", ""level"": 1, ""chapter"": 5, ""hierarchy_path"": ""Ch5"", ""is_regulatory"": false, ""is_stub"": false, ""token_count"": 52, ""keywords"": [""polyester"", ""cartridges"", ""removes"", ""made"", ""fine"", ""materials"", ""trapping"", ""particles"", ""down"", ""microns""]}"
ch5-24-7-1-1,ch5-24-7-1-1,5,3,subsection,Ch5/Checklist:,,Checklist:,"[ ] Visually inspect the filter tank exterior for cracks, corrosion, or loose connections. [ ] Check all hose connections (inlet, outlet, backwash/waste lines) for tightness and leaks. [ ] Verify the pressure gauge reads zero or near zero when the pump is off. [ ] Test the pump startup; listen for unusual noise. [ ] Open any isolation or gate valves that may have been closed during the off-season. [ ] Run the pump and monitor for 5–10 minutes; check that water flow is normal. [ ] Verify the backwash/waste line is clear and drains properly (dump bucket test: open waste valve briefly to confirm flow). [ ] Inspect visible media (sand surface, DE powder stored, or cartridge) for degradation or contamination. [ ] Record baseline pressure reading after 10 minutes of circulation.",172,False,False,"[""inspect"", ""pump"", ""waste"", ""checklist""]","{""chunk_id"": ""ch5-24-7-1-1"", ""chunk_id_legacy"": ""ch5-24-7-1-1"", ""parent_chunk_id"": null, ""fragment_type"": ""subsection"", ""level"": 3, ""chapter"": 5, ""hierarchy_path"": ""Ch5/Checklist:"", ""is_regulatory"": false, ""is_stub"": false, ""token_count"": 172, ""keywords"": [""inspect"", ""pump"", ""waste"", ""checklist""]}"
ch5-24-7-2-1,ch5-24-7-2-1,5,3,subsection,"Ch5/Record: Date, pressure baseline, and any deficiencies noted. Schedule any needed repairs before the pool opens to public.",,"Record: Date, pressure baseline, and any deficiencies noted. Schedule any needed repairs before the pool opens to public.","Use this flowchart to diagnose common filter issues: START: Is water clarity declining or pressure rising? ├─ YES: Pressure Gauge Reads High (>20 psi)? │  ├─ YES: Backwash (if sand/DE) or rinse (if cartridge) immediately. │  │        Has pressure dropped to baseline? │  │  ├─ YES → Problem resolved. Return to normal operation. │  │  └─ NO → Go to ""Filter Clogged Despite Backwash"" (24.7.4.2) │  │ │  └─ NO: Is pressure stable but water is cloudy? │     ├─ YES (Sand Filter) → Biofilm not developed yet (weeks 1–4)? │     │                       Yes → Continue operation; clarity will improve. │     │                       No → Proceed to ""Cloudy Water with Normal Pressure"" (24.7.4.4) │     │ │     ├─ YES (DE Filter) → Is DE passing into pool (visible powder in water)? │     │                    Yes → Grid tear suspected. STOP. Inspect and repair (24.4.5.3). │     │                    No → Proceed to ""Cloudy Water with Normal Pressure"" (24.7.4.4) │     │ │     └─ YES (Cartridge) → Proceed to ""Cloudy Water with Normal Pressure"" (24.7.4.4) │ └─ NO: Pressure unusually low (5 psi below baseline)? ├─ Is the pump running? │  ├─ NO → Start the pump. │  └─ YES → Is water flowing into the pool at expected rate? │     ├─ NO → Proceed to ""Low Flow Rate / Air Lock"" (24.7.4.5) │     └─ YES → Pressure gauge may be faulty. Replace gauge. │ └─ Water is clear, pressure normal, no leaks? └─ Problem not evident. Continue monitoring. Record observations.",410,False,False,"[""opens"", ""normal"", ""any"", ""the"", ""date"", ""schedule"", ""repairs"", ""deficiencies"", ""and"", ""baseline""]","{""chunk_id"": ""ch5-24-7-2-1"", ""chunk_id_legacy"": ""ch5-24-7-2-1"", ""parent_chunk_id"": null, ""fragment_type"": ""subsection"", ""level"": 3, ""chapter"": 5, ""hierarchy_path"": ""Ch5/Record: Date, pressure baseline, and any deficiencies noted. Schedule any needed repairs before the pool opens to public."", ""is_regulatory"": false, ""is_stub"": false, ""token_count"": 410, ""keywords"": [""opens"", ""normal"", ""any"", ""the"", ""date"", ""schedule"", ""repairs"", ""deficiencies"", ""and"", ""baseline""]}"
ch5-24-7-4-1,ch5-24-7-4-1,5,3,subsection,Ch5/Action:,,Action:,"Stop the pump. Open the air bleed valve (if equipped) on the filter tank and let air escape for 30–60 seconds (listen for a hiss). Close the bleed valve. Check the pump strainer basket (the small tank on top of or beside the pump); it should be filled with water, not air. If the strainer is dry, fill it manually or check the pool water level (may be too low to supply water to the pump intake). Restart the pump slowly and observe for 2–3 minutes until pressure stabilizes.",113,False,False,"[""pump"", ""bleed"", ""water"", ""action""]","{""chunk_id"": ""ch5-24-7-4-1"", ""chunk_id_legacy"": ""ch5-24-7-4-1"", ""parent_chunk_id"": null, ""fragment_type"": ""subsection"", ""level"": 3, ""chapter"": 5, ""hierarchy_path"": ""Ch5/Action:"", ""is_regulatory"": false, ""is_stub"": false, ""token_count"": 113, ""keywords"": [""pump"", ""bleed"", ""water"", ""action""]}"
ch5-24-9-2-1,ch5-24-9-2-1,5,3,subsection,Ch5/Example Entry:,,Example Entry:,"Date: 2024-07-15 Time: 09:30 AM Filter Type: Sand Filter, 48"" diameter Activity: Backwash (routine) Baseline Pressure: 12 psi Pre-Activity Pressure: 21 psi Post-Activity Pressure: 13 psi Water Clarity: Good (8 ft visibility) Flow Rate: Normal Observations: Slight weeping at multiport valve stem; applied silicone lubricant. No immediate repair needed. Corrective Action: Monitor valve for continued weeping; schedule seal replacement if persists. Operator: J. Hernandez, CPO",118,False,False,"[""activity"", ""entry"", ""filter"", ""pressure"", ""example""]","{""chunk_id"": ""ch5-24-9-2-1"", ""chunk_id_legacy"": ""ch5-24-9-2-1"", ""parent_chunk_id"": null, ""fragment_type"": ""subsection"", ""level"": 3, ""chapter"": 5, ""hierarchy_path"": ""Ch5/Example Entry:"", ""is_regulatory"": false, ""is_stub"": false, ""token_count"": 118, ""keywords"": [""activity"", ""entry"", ""filter"", ""pressure"", ""example""]}"
ch5-24-10,ch5-24-10,5,2,section,Ch5/24.10 TROUBLESHOOTING QUICK-REFERENCE CHART,ch5-f01,24.10 TROUBLESHOOTING QUICK-REFERENCE CHART,Use this chart for rapid diagnosis of filter issues:,10,False,False,"[""chart"", ""this"", ""reference"", ""troubleshooting"", ""rapid"", ""quick""]","{""chunk_id"": ""ch5-24-10"", ""chunk_id_legacy"": ""ch5-24-10"", ""parent_chunk_id"": ""ch5-f01"", ""fragment_type"": ""section"", ""level"": 2, ""chapter"": 5, ""hierarchy_path"": ""Ch5/24.10 TROUBLESHOOTING QUICK-REFERENCE CHART"", ""is_regulatory"": false, ""is_stub"": false, ""token_count"": 10, ""keywords"": [""chart"", ""this"", ""reference"", ""troubleshooting"", ""rapid"", ""quick""]}"
ch5-24-12,ch5-24-12,5,2,section,Ch5/24.12 KEY CHECKS,ch5-f01,24.12 KEY CHECKS,"Before closing your facility daily, confirm: [ ] Pressure gauge is at baseline or below 16 psi [ ] Water clarity is acceptable (visual depth test: 6+ feet) [ ] No visible leaks around the filter tank, valve, or connections [ ] Pump is running smoothly without unusual noise [ ] Air bleed valve is closed (if applicable) [ ] Backwash/waste line is clear of obstructions [ ] Maintenance log has been updated with today's date, observations, and baseline pressure",99,False,False,"[""key"", ""baseline"", ""valve"", ""pressure"", ""checks""]","{""chunk_id"": ""ch5-24-12"", ""chunk_id_legacy"": ""ch5-24-12"", ""parent_chunk_id"": ""ch5-f01"", ""fragment_type"": ""section"", ""level"": 2, ""chapter"": 5, ""hierarchy_path"": ""Ch5/24.12 KEY CHECKS"", ""is_regulatory"": false, ""is_stub"": false, ""token_count"": 99, ""keywords"": [""key"", ""baseline"", ""valve"", ""pressure"", ""checks""]}"
ch5-24-13,ch5-24-13,5,2,section,Ch5/24.13 COMMON MISTAKES,ch5-f01,24.13 COMMON MISTAKES,Avoid these operator errors:,5,False,False,"[""operator"", ""common"", ""mistakes"", ""these"", ""avoid""]","{""chunk_id"": ""ch5-24-13"", ""chunk_id_legacy"": ""ch5-24-13"", ""parent_chunk_id"": ""ch5-f01"", ""fragment_type"": ""section"", ""level"": 2, ""chapter"": 5, ""hierarchy_path"": ""Ch5/24.13 COMMON MISTAKES"", ""is_regulatory"": false, ""is_stub"": false, ""token_count"": 5, ""keywords"": [""operator"", ""common"", ""mistakes"", ""these"", ""avoid""]}"
ch24-f02,ch24,24,1,chapter,Ch24,,End of Chapter 24,End of Chapter 24,5,False,True,"[""end"", ""chapter""]","{""chunk_id"": ""ch24-f02"", ""chunk_id_legacy"": ""ch24"", ""parent_chunk_id"": null, ""fragment_type"": ""chapter"", ""level"": 1, ""chapter"": 24, ""hierarchy_path"": ""Ch24"", ""is_regulatory"": false, ""is_stub"": true, ""token_count"": 5, ""keywords"": [""end"", ""chapter""]}"
ch12-f40,ch12,12,1,chapter,Ch12,,"This chapter is written as a standalone section. Internal cross-references (e.g., ""24.3.1"") allow readers to navigate within the chapter. If this chapter is part of a larger manual, consider adding cross-references to other chapters (e.g., ""See Chapter 12 – Water Chemistry"" or ""Chapter 15 – Pump & Motor Fundamentals"").","This chapter is written as a standalone section. Internal cross-references (e.g., ""24.3.1"") allow readers to navigate within the chapter. If this chapter is part of a larger manual, consider adding cross-references to other chapters (e.g., ""See Chapter 12 – Water Chemistry"" or ""Chapter 15 – Pump & Motor Fundamentals"").",75,False,False,"[""navigate"", ""references"", ""motor"", ""within"", ""chapters"", ""adding"", ""pump"", ""fundamentals"", ""part"", ""see""]","{""chunk_id"": ""ch12-f40"", ""chunk_id_legacy"": ""ch12"", ""parent_chunk_id"": null, ""fragment_type"": ""chapter"", ""level"": 1, ""chapter"": 12, ""hierarchy_path"": ""Ch12"", ""is_regulatory"": false, ""is_stub"": false, ""token_count"": 75, ""keywords"": [""navigate"", ""references"", ""motor"", ""within"", ""chapters"", ""adding"", ""pump"", ""fundamentals"", ""part"", ""see""]}"
ch25-f08,ch25,25,1,chapter,Ch25,,Chapter 25 — Heaters and Indoor Air Basics,Chapter 25 — Heaters and Indoor Air Basics,10,False,True,"[""indoor"", ""and"", ""heaters"", ""basics"", ""air"", ""chapter""]","{""chunk_id"": ""ch25-f08"", ""chunk_id_legacy"": ""ch25"", ""parent_chunk_id"": null, ""fragment_type"": ""chapter"", ""level"": 1, ""chapter"": 25, ""hierarchy_path"": ""Ch25"", ""is_regulatory"": false, ""is_stub"": true, ""token_count"": 10, ""keywords"": [""indoor"", ""and"", ""heaters"", ""basics"", ""air"", ""chapter""]}"
ch25-25-2-2-1,ch25-25-2-2-1,25,3,subsection,"Ch25/Verify pool and spa water temperature with an independent, calibrated thermometer — not only the heater's own display or the controller reading. A heater display reads the water inside the heater, not the water swimmers are in.",,"Verify pool and spa water temperature with an independent, calibrated thermometer — not only the heater's own display or the controller reading. A heater display reads the water inside the heater, not the water swimmers are in.","Confirm the temperature at the pool matches the posted temperature and the facility target. Confirm combustion air openings and louvers are unobstructed. Confirm nothing is stored against, on top of, or in front of the heater. Combustible storage near a gas appliance is a fire hazard and a code violation. Confirm the area around a heat pump's air intake and discharge is clear. Visually check the vent connector where visible: no disconnection, no sag, no visible corrosion holes, no rust streaking at joints. Confirm gas shutoff valve location is known and accessible.",116,False,False,"[""controller"", ""thermometer"", ""reads"", ""visible"", ""and"", ""display"", ""are"", ""with"", ""pool"", ""independent""]","{""chunk_id"": ""ch25-25-2-2-1"", ""chunk_id_legacy"": ""ch25-25-2-2-1"", ""parent_chunk_id"": null, ""fragment_type"": ""subsection"", ""level"": 3, ""chapter"": 25, ""hierarchy_path"": ""Ch25/Verify pool and spa water temperature with an independent, calibrated thermometer — not only the heater's own display or the controller reading. A heater display reads the water inside the heater, not the water swimmers are in."", ""is_regulatory"": false, ""is_stub"": false, ""token_count"": 116, ""keywords"": [""controller"", ""thermometer"", ""reads"", ""visible"", ""and"", ""display"", ""are"", ""with"", ""pool"", ""independent""]}"
ch25-25-2-3,ch25-25-2-3,25,2,section,Ch25/25.2.3 Weekly,ch25-f01,25.2.3 Weekly,"Verify the flow switch's function is being respected: with the pump off, the heater must not fire. Observe only — do not manipulate the switch. Inspect for scale or corrosion evidence at accessible connections. Confirm heater bonding conductor is intact and connected (visual only). Verify the temperature log has no unexplained gaps. Confirm carbon monoxide alarm(s) in the equipment room are present, powered, and within test date.",85,False,False,"[""verify"", ""heater"", ""switch"", ""weekly""]","{""chunk_id"": ""ch25-25-2-3"", ""chunk_id_legacy"": ""ch25-25-2-3"", ""parent_chunk_id"": ""ch25-f01"", ""fragment_type"": ""section"", ""level"": 2, ""chapter"": 25, ""hierarchy_path"": ""Ch25/25.2.3 Weekly"", ""is_regulatory"": false, ""is_stub"": false, ""token_count"": 85, ""keywords"": [""verify"", ""heater"", ""switch"", ""weekly""]}"
ch25-25-2-5,ch25-25-2-5,25,2,section,"Ch25/25.2.5 Annually — technician, not operator",ch25-f01,"25.2.5 Annually — technician, not operator","The following require a qualified technician and, for gas work, a licensed gas fitter or the manufacturer's authorized service: Combustion analysis and burner service. Heat exchanger inspection and descaling. Flue and vent inspection over its full length. Gas pressure verification. Safety device function testing. Pressure relief valve verification. Electrical connection and element inspection.",70,False,False,"[""technician"", ""not"", ""operator"", ""annually"", ""inspection"", ""pressure"", ""service""]","{""chunk_id"": ""ch25-25-2-5"", ""chunk_id_legacy"": ""ch25-25-2-5"", ""parent_chunk_id"": ""ch25-f01"", ""fragment_type"": ""section"", ""level"": 2, ""chapter"": 25, ""hierarchy_path"": ""Ch25/25.2.5 Annually — technician, not operator"", ""is_regulatory"": false, ""is_stub"": false, ""token_count"": 70, ""keywords"": [""technician"", ""not"", ""operator"", ""annually"", ""inspection"", ""pressure"", ""service""]}"
ch25-25-4-3,ch25-25-4-3,25,2,section,Ch25/25.4.3 Spa hyperthermia awareness,ch25-f01,25.4.3 Spa hyperthermia awareness,"Operators and lifeguards should recognize that elevated water temperature affects users beyond simple discomfort. Populations at elevated risk from hot water immersion include people who are pregnant, young children, older adults, people with cardiovascular conditions, people with impaired temperature sensation, and people who have consumed alcohol or drugs — including some medications.",62,False,False,"[""hyperthermia"", ""elevated"", ""awareness"", ""water"", ""spa"", ""people""]","{""chunk_id"": ""ch25-25-4-3"", ""chunk_id_legacy"": ""ch25-25-4-3"", ""parent_chunk_id"": ""ch25-f01"", ""fragment_type"": ""section"", ""level"": 2, ""chapter"": 25, ""hierarchy_path"": ""Ch25/25.4.3 Spa hyperthermia awareness"", ""is_regulatory"": false, ""is_stub"": false, ""token_count"": 62, ""keywords"": [""hyperthermia"", ""elevated"", ""awareness"", ""water"", ""spa"", ""people""]}"
ch25-25-5-2-1,ch25-25-5-2-1,25,3,subsection,"Ch25/Stop: If a patron or staff member complains about ""too much chlorine smell,"" do not reduce the chlorine feed. That response makes the underlying problem worse. Test, identify combined chlorine and the bather-waste loading, and address the actual cause.",,"Stop: If a patron or staff member complains about ""too much chlorine smell,"" do not reduce the chlorine feed. That response makes the underlying problem worse. Test, identify combined chlorine and the bather-waste loading, and address the actual cause.","Exposure to elevated airborne DBPs at indoor pools is associated with: Eye irritation, redness, and burning. Nose and throat irritation. Coughing, wheezing, chest tightness, and shortness of breath. Worsening of asthma symptoms. Headache. Staff who work poolside for full shifts — lifeguards, instructors, coaches, operators — have far greater cumulative exposure than patrons and are the population most likely to show symptoms. NIOSH health hazard evaluations at indoor aquatic facilities have documented respiratory symptom clusters among aquatic staff.",110,False,False,"[""loading"", ""irritation"", ""worse"", ""complains"", ""underlying"", ""staff"", ""and"", ""much"", ""test"", ""about""]","{""chunk_id"": ""ch25-25-5-2-1"", ""chunk_id_legacy"": ""ch25-25-5-2-1"", ""parent_chunk_id"": null, ""fragment_type"": ""subsection"", ""level"": 3, ""chapter"": 25, ""hierarchy_path"": ""Ch25/Stop: If a patron or staff member complains about \""too much chlorine smell,\"" do not reduce the chlorine feed. That response makes the underlying problem worse. Test, identify combined chlorine and the bather-waste loading, and address the actual cause."", ""is_regulatory"": false, ""is_stub"": false, ""token_count"": 110, ""keywords"": [""loading"", ""irritation"", ""worse"", ""complains"", ""underlying"", ""staff"", ""and"", ""much"", ""test"", ""about""]}"
ch25-25-6-5-1,ch25-25-6-5-1,25,3,subsection,Ch25/Stop — do not:,,Stop — do not:,"Block, close, cover, or redirect supply diffusers or exhaust grilles, even to stop a draft complaint. Store equipment in front of return or exhaust openings. Prop open doors between the pool space and adjacent occupied areas. Turn off or set back the ventilation system at night or during low occupancy without explicit engineering authorization. Contaminant and moisture generation continue when the pool is unoccupied, and setback has caused documented building damage and air quality failures. Adjust dampers, fan speeds, or HVAC controls.",101,False,False,"[""not"", ""exhaust"", ""block"", ""stop"", ""pool""]","{""chunk_id"": ""ch25-25-6-5-1"", ""chunk_id_legacy"": ""ch25-25-6-5-1"", ""parent_chunk_id"": null, ""fragment_type"": ""subsection"", ""level"": 3, ""chapter"": 25, ""hierarchy_path"": ""Ch25/Stop — do not:"", ""is_regulatory"": false, ""is_stub"": false, ""token_count"": 101, ""keywords"": [""not"", ""exhaust"", ""block"", ""stop"", ""pool""]}"
ch25-25-6-6-1,ch25-25-6-6-1,25,3,subsection,Ch25/Escalate to management and facilities immediately when:,,Escalate to management and facilities immediately when:,"Combined chlorine remains above the code maximum across multiple consecutive tests despite chemistry corrections. Two or more staff or patrons report respiratory or eye irritation within a short period. Persistent strong odor in the pool space. Relative humidity persistently outside the target band. Air temperature below water temperature. Visible condensation on building surfaces, or new corrosion or staining on structural metal. Air visibly or perceptibly moving from the pool space into the lobby or locker rooms. Any HVAC alarm, fault, or unit shutdown. A supply diffuser delivering no air.",105,False,False,"[""pool"", ""management"", ""immediately"", ""and"", ""space"", ""temperature"", ""when"", ""facilities"", ""escalate""]","{""chunk_id"": ""ch25-25-6-6-1"", ""chunk_id_legacy"": ""ch25-25-6-6-1"", ""parent_chunk_id"": null, ""fragment_type"": ""subsection"", ""level"": 3, ""chapter"": 25, ""hierarchy_path"": ""Ch25/Escalate to management and facilities immediately when:"", ""is_regulatory"": false, ""is_stub"": false, ""token_count"": 105, ""keywords"": [""pool"", ""management"", ""immediately"", ""and"", ""space"", ""temperature"", ""when"", ""facilities"", ""escalate""]}"
ch25-25-6-7,ch25-25-6-7,25,2,section,Ch25/25.6.7 Carbon monoxide,ch25-f01,25.6.7 Carbon monoxide,"Where fuel-fired equipment serves an indoor facility, carbon monoxide is a distinct and lethal hazard separate from DBPs. Sources include blocked or disconnected flues, cracked heat exchangers, inadequate combustion air, and negative pressure in the equipment room pulling combustion products back into the space.",56,False,False,"[""combustion"", ""carbon"", ""equipment"", ""monoxide"", ""where""]","{""chunk_id"": ""ch25-25-6-7"", ""chunk_id_legacy"": ""ch25-25-6-7"", ""parent_chunk_id"": ""ch25-f01"", ""fragment_type"": ""section"", ""level"": 2, ""chapter"": 25, ""hierarchy_path"": ""Ch25/25.6.7 Carbon monoxide"", ""is_regulatory"": false, ""is_stub"": false, ""token_count"": 56, ""keywords"": [""combustion"", ""carbon"", ""equipment"", ""monoxide"", ""where""]}"
ch25-25-7-2,ch25-25-7-2,25,2,section,Ch25/25.7.2 Setback discipline,ch25-f01,25.7.2 Setback discipline,"Water temperature setback overnight saves energy but must be authorized and documented, and recovery time must be planned so the water is at target before the first program. Repeated large swings accelerate scale formation and stress the heater.",42,False,False,"[""must"", ""temperature"", ""water"", ""discipline"", ""setback""]","{""chunk_id"": ""ch25-25-7-2"", ""chunk_id_legacy"": ""ch25-25-7-2"", ""parent_chunk_id"": ""ch25-f01"", ""fragment_type"": ""section"", ""level"": 2, ""chapter"": 25, ""hierarchy_path"": ""Ch25/25.7.2 Setback discipline"", ""is_regulatory"": false, ""is_stub"": false, ""token_count"": 42, ""keywords"": [""must"", ""temperature"", ""water"", ""discipline"", ""setback""]}"
ch25-25-8-1-f01,ch25-25-8-1,25,3,subsection,"Ch25/Log free chlorine, total chlorine, and calculated combined chlorine every test — not free chlorine alone.",,"Log free chlorine, total chlorine, and calculated combined chlorine every test — not free chlorine alone.","Remember that strong ""chlorine smell"" means DBPs, not excess chlorine. Never respond by reducing chlorine. Log air temperature, relative humidity, and water temperature on the same time base so the relationship is visible. Confirm air is above water temperature, humidity is in the target band, and diffusers and grilles are clear and unobstructed. Never block a diffuser, prop a pool-space door, or set back ventilation. Test CO alarms monthly and record. On alarm, evacuate first. Treat clustered staff respiratory complaints as an air quality signal requiring documented investigation.",115,False,False,"[""calculated"", ""every"", ""total"", ""not"", ""free"", ""and"", ""never"", ""temperature"", ""combined"", ""test""]","{""chunk_id"": ""ch25-25-8-1-f01"", ""chunk_id_legacy"": ""ch25-25-8-1"", ""parent_chunk_id"": null, ""fragment_type"": ""subsection"", ""level"": 3, ""chapter"": 25, ""hierarchy_path"": ""Ch25/Log free chlorine, total chlorine, and calculated combined chlorine every test — not free chlorine alone."", ""is_regulatory"": false, ""is_stub"": false, ""token_count"": 115, ""keywords"": [""calculated"", ""every"", ""total"", ""not"", ""free"", ""and"", ""never"", ""temperature"", ""combined"", ""test""]}"
ch25-25-8-1-f02,ch25-25-8-1,25,3,subsection,"Ch25/Call an HVAC contractor or mechanical engineer, via facilities management, when:",,"Call an HVAC contractor or mechanical engineer, via facilities management, when:","Relative humidity is persistently outside the target band. Air temperature is below water temperature. Condensation, corrosion, or staining appears on building surfaces. Air moves from the pool space into adjacent occupied areas. A diffuser delivers no air, or air distribution appears inadequate at the water surface. Any HVAC alarm, fault, or unexplained shutdown occurs. Combined chlorine is controlled but air quality complaints persist. Any change to water temperature setpoint, bather capacity, or pool features is contemplated, since these change the HVAC load.",104,False,False,"[""appears"", ""management"", ""engineer"", ""mechanical"", ""hvac"", ""temperature"", ""contractor"", ""via"", ""facilities"", ""when""]","{""chunk_id"": ""ch25-25-8-1-f02"", ""chunk_id_legacy"": ""ch25-25-8-1"", ""parent_chunk_id"": null, ""fragment_type"": ""subsection"", ""level"": 3, ""chapter"": 25, ""hierarchy_path"": ""Ch25/Call an HVAC contractor or mechanical engineer, via facilities management, when:"", ""is_regulatory"": false, ""is_stub"": false, ""token_count"": 104, ""keywords"": [""appears"", ""management"", ""engineer"", ""mechanical"", ""hvac"", ""temperature"", ""contractor"", ""via"", ""facilities"", ""when""]}"
ch26-f01,ch26,26,1,chapter,Ch26,,Chapter 26 — Routine Maintenance Schedules,Chapter 26 — Routine Maintenance Schedules,8,False,True,"[""routine"", ""schedules"", ""maintenance"", ""chapter""]","{""chunk_id"": ""ch26-f01"", ""chunk_id_legacy"": ""ch26"", ""parent_chunk_id"": null, ""fragment_type"": ""chapter"", ""level"": 1, ""chapter"": 26, ""hierarchy_path"": ""Ch26"", ""is_regulatory"": false, ""is_stub"": true, ""token_count"": 8, ""keywords"": [""routine"", ""schedules"", ""maintenance"", ""chapter""]}"
ch26-26-1-2,ch26-26-1-2,26,2,section,Ch26/26.1.2 Setting frequencies,ch26-f01,26.1.2 Setting frequencies,"Start from the code-required minimum frequency. That is your floor, never your target. Increase frequency for: high bather load, outdoor pools, spas and hot tubs, splash pads and interactive water features, therapy pools, and any feature with aerosol generation. Increase frequency for any item that has failed, drifted, or been cited in the last 12 months. Review the whole schedule annually and after any incident, renovation, or equipment change.",90,False,False,"[""setting"", ""your"", ""frequency"", ""that"", ""frequencies""]","{""chunk_id"": ""ch26-26-1-2"", ""chunk_id_legacy"": ""ch26-26-1-2"", ""parent_chunk_id"": ""ch26-f01"", ""fragment_type"": ""section"", ""level"": 2, ""chapter"": 26, ""hierarchy_path"": ""Ch26/26.1.2 Setting frequencies"", ""is_regulatory"": false, ""is_stub"": false, ""token_count"": 90, ""keywords"": [""setting"", ""your"", ""frequency"", ""that"", ""frequencies""]}"
ch26-26-1-4,ch26-26-1-4,26,2,section,Ch26/26.1.4 Record retention,ch26-f01,26.1.4 Record retention,Keep daily logs on site and immediately available for inspection.,11,False,False,"[""retention"", ""daily"", ""logs"", ""record"", ""keep""]","{""chunk_id"": ""ch26-26-1-4"", ""chunk_id_legacy"": ""ch26-26-1-4"", ""parent_chunk_id"": ""ch26-f01"", ""fragment_type"": ""section"", ""level"": 2, ""chapter"": 26, ""hierarchy_path"": ""Ch26/26.1.4 Record retention"", ""is_regulatory"": false, ""is_stub"": false, ""token_count"": 11, ""keywords"": [""retention"", ""daily"", ""logs"", ""record"", ""keep""]}"
ch26-26-2-3,ch26-26-2-3,26,2,section,Ch26/26.2.3 Weekly,ch26-f01,26.2.3 Weekly,"Test total alkalinity, calcium hardness, and cyanuric acid (outdoor / stabilized pools). Test combined chlorine or total chlorine and calculate combined chlorine.",31,False,False,"[""test"", ""total"", ""chlorine"", ""weekly""]","{""chunk_id"": ""ch26-26-2-3"", ""chunk_id_legacy"": ""ch26-26-2-3"", ""parent_chunk_id"": ""ch26-f01"", ""fragment_type"": ""section"", ""level"": 2, ""chapter"": 26, ""hierarchy_path"": ""Ch26/26.2.3 Weekly"", ""is_regulatory"": false, ""is_stub"": false, ""token_count"": 31, ""keywords"": [""test"", ""total"", ""chlorine"", ""weekly""]}"
ch11-f34,ch11,11,1,chapter,Ch11,,Calculate and record water balance index (see Chapter 11).,Calculate and record water balance index (see Chapter 11).,12,False,True,"[""calculate"", ""balance"", ""and"", ""record"", ""water"", ""see"", ""index"", ""chapter""]","{""chunk_id"": ""ch11-f34"", ""chunk_id_legacy"": ""ch11"", ""parent_chunk_id"": null, ""fragment_type"": ""chapter"", ""level"": 1, ""chapter"": 11, ""hierarchy_path"": ""Ch11"", ""is_regulatory"": false, ""is_stub"": true, ""token_count"": 12, ""keywords"": [""calculate"", ""balance"", ""and"", ""record"", ""water"", ""see"", ""index"", ""chapter""]}"
ch14-f09,ch14,14,1,chapter,Ch14,,"0.7 ppm combined chlorine indicates accumulating chloramines. Investigate bather load, fill-water quality, and disinfection capacity, and treat per Chapter 14.","0.7 ppm combined chlorine indicates accumulating chloramines. Investigate bather load, fill-water quality, and disinfection capacity, and treat per Chapter 14.",33,False,False,"[""investigate"", ""bather"", ""chloramines"", ""ppm"", ""accumulating"", ""and"", ""quality"", ""load"", ""combined"", ""indicates""]","{""chunk_id"": ""ch14-f09"", ""chunk_id_legacy"": ""ch14"", ""parent_chunk_id"": null, ""fragment_type"": ""chapter"", ""level"": 1, ""chapter"": 14, ""hierarchy_path"": ""Ch14"", ""is_regulatory"": false, ""is_stub"": false, ""token_count"": 33, ""keywords"": [""investigate"", ""bather"", ""chloramines"", ""ppm"", ""accumulating"", ""and"", ""quality"", ""load"", ""combined"", ""indicates""]}"
ch14-26-2-4,ch14-26-2-4,14,2,section,Ch14/26.2.4 Monthly,ch14-f01,26.2.4 Monthly,"Perform total dissolved solids test and record; compare to the value recorded at the last fill. Test fill/source water for hardness, alkalinity, pH, and (where relevant) iron, copper, and manganese. Replace test kit reagents on the schedule the manufacturer's label specifies, or sooner if results become erratic. Compare a sample against a second, independently sourced test kit or a laboratory result to confirm your kit is reading true. Review the month's logs for trends: creeping pH, rising cyanuric acid, rising combined chlorine, falling flow.",110,False,False,"[""fill"", ""compare"", ""monthly"", ""test""]","{""chunk_id"": ""ch14-26-2-4"", ""chunk_id_legacy"": ""ch14-26-2-4"", ""parent_chunk_id"": ""ch14-f01"", ""fragment_type"": ""section"", ""level"": 2, ""chapter"": 14, ""hierarchy_path"": ""Ch14/26.2.4 Monthly"", ""is_regulatory"": false, ""is_stub"": false, ""token_count"": 110, ""keywords"": [""fill"", ""compare"", ""monthly"", ""test""]}"
ch14-26-2-5,ch14-26-2-5,14,2,section,Ch14/26.2.5 Quarterly and seasonal,ch14-f01,26.2.5 Quarterly and seasonal,"Send a sample for independent laboratory analysis where your code or risk profile calls for it. Recalculate the required chemical dosages from measured pool volume, not from historical habit.",34,False,False,"[""from"", ""and"", ""sample"", ""seasonal"", ""send"", ""quarterly""]","{""chunk_id"": ""ch14-26-2-5"", ""chunk_id_legacy"": ""ch14-26-2-5"", ""parent_chunk_id"": ""ch14-f01"", ""fragment_type"": ""section"", ""level"": 2, ""chapter"": 14, ""hierarchy_path"": ""Ch14/26.2.5 Quarterly and seasonal"", ""is_regulatory"": false, ""is_stub"": false, ""token_count"": 34, ""keywords"": [""from"", ""and"", ""sample"", ""seasonal"", ""send"", ""quarterly""]}"
ch24-f03,ch24,24,1,chapter,Ch24,,"At season open (outdoor) or at each shutdown/restart: drain or partially drain per Chapter 24, clean, refill, rebalance, and record a full startup water panel before opening.","At season open (outdoor) or at each shutdown/restart: drain or partially drain per Chapter 24, clean, refill, rebalance, and record a full startup water panel before opening.",40,False,False,"[""opening"", ""open"", ""full"", ""season"", ""record"", ""outdoor"", ""panel"", ""before"", ""refill"", ""and""]","{""chunk_id"": ""ch24-f03"", ""chunk_id_legacy"": ""ch24"", ""parent_chunk_id"": null, ""fragment_type"": ""chapter"", ""level"": 1, ""chapter"": 24, ""hierarchy_path"": ""Ch24"", ""is_regulatory"": false, ""is_stub"": false, ""token_count"": 40, ""keywords"": [""opening"", ""open"", ""full"", ""season"", ""record"", ""outdoor"", ""panel"", ""before"", ""refill"", ""and""]}"
ch24-26-3-1,ch24-26-3-1,24,2,section,Ch24/26.3.1 Daily,ch24-f01,26.3.1 Daily,"Record influent and effluent filter pressure and calculate differential pressure. Record flow rate from the flow meter; compare to the design flow on the permit or nameplate. Empty the pump strainer basket. Look and listen: check for leaks, drips, unusual noise, vibration, hot motor housings, or burning smells. Confirm chemical feed pumps are running, feed lines are intact, and day tanks or drums have adequate volume. Confirm chemical storage separation is intact: no acid and hypochlorite in shared containment, no leaking containers. Verify mechanical room ventilation is operating. Verify eyewash station and emergency shower are unobstructed and flush an eyewash briefly.",136,False,False,"[""record"", ""daily"", ""flow"", ""pressure""]","{""chunk_id"": ""ch24-26-3-1"", ""chunk_id_legacy"": ""ch24-26-3-1"", ""parent_chunk_id"": ""ch24-f01"", ""fragment_type"": ""section"", ""level"": 2, ""chapter"": 24, ""hierarchy_path"": ""Ch24/26.3.1 Daily"", ""is_regulatory"": false, ""is_stub"": false, ""token_count"": 136, ""keywords"": [""record"", ""daily"", ""flow"", ""pressure""]}"
ch9-f95,ch9,9,1,chapter,Ch9,,"If the clean-filter differential recorded at startup was 4 psi, this filter has gained 6 psi of resistance. Backwash or clean per Chapter 9 and per the manufacturer's stated differential threshold — commonly 8–10 psi above clean, but the manual controls.","If the clean-filter differential recorded at startup was 4 psi, this filter has gained 6 psi of resistance. Backwash or clean per Chapter 9 and per the manufacturer's stated differential threshold — commonly 8–10 psi above clean, but the manual controls.",54,False,False,"[""stated"", ""was"", ""but"", ""and"", ""startup"", ""backwash"", ""psi"", ""filter"", ""threshold"", ""manual""]","{""chunk_id"": ""ch9-f95"", ""chunk_id_legacy"": ""ch9"", ""parent_chunk_id"": null, ""fragment_type"": ""chapter"", ""level"": 1, ""chapter"": 9, ""hierarchy_path"": ""Ch9"", ""is_regulatory"": false, ""is_stub"": false, ""token_count"": 54, ""keywords"": [""stated"", ""was"", ""but"", ""and"", ""startup"", ""backwash"", ""psi"", ""filter"", ""threshold"", ""manual""]}"
ch9-26-3-2,ch9-26-3-2,9,2,section,Ch9/26.3.2 Weekly,ch9-f01,26.3.2 Weekly,"Backwash or clean filters when the differential threshold is reached — by pressure, not by calendar. Inspect and clean chemical feeder injection points and check valves. Calibrate or verify the ORP and pH probes on the automated controller against manual test results; clean probes per manufacturer instruction. Inspect the chemical containment areas, secondary containment, and spill kit contents. Inspect the UV or ozone secondary disinfection system indicators and lamp-hour counters, where installed. Check pump seals for weeping. Verify all valves are in their correct normal operating positions and that valve tags are legible.",115,False,False,"[""inspect"", ""clean"", ""chemical"", ""weekly""]","{""chunk_id"": ""ch9-26-3-2"", ""chunk_id_legacy"": ""ch9-26-3-2"", ""parent_chunk_id"": ""ch9-f01"", ""fragment_type"": ""section"", ""level"": 2, ""chapter"": 9, ""hierarchy_path"": ""Ch9/26.3.2 Weekly"", ""is_regulatory"": false, ""is_stub"": false, ""token_count"": 115, ""keywords"": [""inspect"", ""clean"", ""chemical"", ""weekly""]}"
ch9-26-3-3,ch9-26-3-3,9,2,section,Ch9/26.3.3 Monthly,ch9-f01,26.3.3 Monthly,"Inspect and lubricate equipment per the manufacturer's O&M manual — pumps, motors, valve actuators. Inspect strainer baskets and lids for cracks; replace gaskets and O-rings that are hardened or deformed. Inspect the surge tank or balance tank: water level, cleanliness, float and level controls. Verify the flow meter reads plausibly; clean the sight tube or sensor. Test the emergency shutoff switches for pumps and for any water feature. Inspect chemical storage: labels legible, containers dated, oldest stock used first, no incompatible neighbors. Review and update the mechanical room piping and equipment diagram if anything changed.",130,False,False,"[""inspect"", ""equipment"", ""monthly"", ""pumps""]","{""chunk_id"": ""ch9-26-3-3"", ""chunk_id_legacy"": ""ch9-26-3-3"", ""parent_chunk_id"": ""ch9-f01"", ""fragment_type"": ""section"", ""level"": 2, ""chapter"": 9, ""hierarchy_path"": ""Ch9/26.3.3 Monthly"", ""is_regulatory"": false, ""is_stub"": false, ""token_count"": 130, ""keywords"": [""inspect"", ""equipment"", ""monthly"", ""pumps""]}"
ch9-26-3-4,ch9-26-3-4,9,2,section,Ch9/26.3.4 Quarterly,ch9-f01,26.3.4 Quarterly,"Open and inspect the filter interior — sand bed depth and channeling, cartridge condition, DE grid condition. Verify pump performance against the pump curve: measured flow at measured head. Inspect heater: burner or heat exchanger condition, venting, combustion air supply, and any manufacturer-specified service. Gas-fired and electric heater service is performed by a licensed technician. Inspect and test the automated controller's alarm and lockout functions. Test the mechanical room chemical vapor or gas detection system, where installed. Review SDS binder for completeness and currency for every chemical on site.",114,False,False,"[""inspect"", ""quarterly"", ""pump"", ""condition""]","{""chunk_id"": ""ch9-26-3-4"", ""chunk_id_legacy"": ""ch9-26-3-4"", ""parent_chunk_id"": ""ch9-f01"", ""fragment_type"": ""section"", ""level"": 2, ""chapter"": 9, ""hierarchy_path"": ""Ch9/26.3.4 Quarterly"", ""is_regulatory"": false, ""is_stub"": false, ""token_count"": 114, ""keywords"": [""inspect"", ""quarterly"", ""pump"", ""condition""]}"
ch9-26-3-5,ch9-26-3-5,9,2,section,Ch9/26.3.5 Annual and seasonal,ch9-f01,26.3.5 Annual and seasonal,"Full filter media replacement or deep clean per the manufacturer's interval — sand commonly on a multi-year cycle, cartridges and DE grids more often. Professional electrical inspection: bonding, grounding, GFCI devices, disconnects, motor wiring. Test and record GFCI trip function on all required circuits. Many codes require this monthly as well; follow the more frequent requirement. Backflow preventer testing on the fill line by a certified tester. Heater and boiler annual service by a licensed technician. Verify pool volume by measurement, not by memory, and update all dosage worksheets.",114,False,False,"[""gfci"", ""and"", ""full"", ""seasonal"", ""annual"", ""more""]","{""chunk_id"": ""ch9-26-3-5"", ""chunk_id_legacy"": ""ch9-26-3-5"", ""parent_chunk_id"": ""ch9-f01"", ""fragment_type"": ""section"", ""level"": 2, ""chapter"": 9, ""hierarchy_path"": ""Ch9/26.3.5 Annual and seasonal"", ""is_regulatory"": false, ""is_stub"": false, ""token_count"": 114, ""keywords"": [""gfci"", ""and"", ""full"", ""seasonal"", ""annual"", ""more""]}"
ch24-f04,ch24,24,1,chapter,Ch24,,Winterization or seasonal shutdown per Chapter 24; seasonal startup per Chapter 25.,Winterization or seasonal shutdown per Chapter 24; seasonal startup per Chapter 25.,17,False,False,"[""shutdown"", ""startup"", ""seasonal"", ""winterization"", ""chapter"", ""per""]","{""chunk_id"": ""ch24-f04"", ""chunk_id_legacy"": ""ch24"", ""parent_chunk_id"": null, ""fragment_type"": ""chapter"", ""level"": 1, ""chapter"": 24, ""hierarchy_path"": ""Ch24"", ""is_regulatory"": false, ""is_stub"": false, ""token_count"": 17, ""keywords"": [""shutdown"", ""startup"", ""seasonal"", ""winterization"", ""chapter"", ""per""]}"
ch24-26-4-1,ch24-26-4-1,24,2,section,Ch24/26.4.1 Daily,ch24-f01,26.4.1 Daily,"Walk the full deck perimeter. Remove trip hazards, standing water, debris, and glass. Confirm all required signage is present, legible, and correctly positioned: depth markings, ""No Diving,"" capacity, emergency contact, rules, and where applicable ""No lifeguard on duty."" Confirm deck drains are clear and draining. Confirm handrails, ladders, and grab rails are present and firmly anchored — grip and pull each one.",87,False,False,"[""deck"", ""present"", ""daily"", ""confirm""]","{""chunk_id"": ""ch24-26-4-1"", ""chunk_id_legacy"": ""ch24-26-4-1"", ""parent_chunk_id"": ""ch24-f01"", ""fragment_type"": ""section"", ""level"": 2, ""chapter"": 24, ""hierarchy_path"": ""Ch24/26.4.1 Daily"", ""is_regulatory"": false, ""is_stub"": false, ""token_count"": 87, ""keywords"": [""deck"", ""present"", ""daily"", ""confirm""]}"
ch24-26-4-2,ch24-26-4-2,24,2,section,Ch24/26.4.2 Weekly,ch24-f01,26.4.2 Weekly,"Pressure-wash or deep-clean deck surfaces, with attention to slip resistance in high-traffic paths. Inspect and disinfect showers, changing rooms, and any interactive feature spray heads. Inspect deck expansion joints, caulk, and coping for cracks, lifting, or spalling. Inspect furniture: chairs, tables, umbrellas, lifeguard stands — stability and condition. Inspect fencing and barrier line for gaps, climbable features, loose pickets, and ground clearance. Check that no items have been stored against the barrier that would create a climbing aid.",114,False,False,"[""inspect"", ""barrier"", ""deck"", ""weekly""]","{""chunk_id"": ""ch24-26-4-2"", ""chunk_id_legacy"": ""ch24-26-4-2"", ""parent_chunk_id"": ""ch24-f01"", ""fragment_type"": ""section"", ""level"": 2, ""chapter"": 24, ""hierarchy_path"": ""Ch24/26.4.2 Weekly"", ""is_regulatory"": false, ""is_stub"": false, ""token_count"": 114, ""keywords"": [""inspect"", ""barrier"", ""deck"", ""weekly""]}"
ch24-26-4-3,ch24-26-4-3,24,2,section,Ch24/26.4.3 Monthly,ch24-f01,26.4.3 Monthly,"Inspect the pool shell, tile, grout, plaster, or liner for cracking, delamination, or hollow spots. Inspect and torque the fasteners on all ladders, rails, starting platforms, diving boards, and slides. Follow the manufacturer's torque spec. Inspect underwater lighting lenses and seals for water intrusion. Inspect deck-to-water transitions, steps, and benches for chipping and sharp edges. Inspect the enclosure, roof, and dehumidification system in indoor facilities; look for condensation damage and corrosion. Verify slip resistance in wet-traffic zones and re-treat or re-surface where degraded.",128,False,False,"[""inspect"", ""torque"", ""monthly"", ""water""]","{""chunk_id"": ""ch24-26-4-3"", ""chunk_id_legacy"": ""ch24-26-4-3"", ""parent_chunk_id"": ""ch24-f01"", ""fragment_type"": ""section"", ""level"": 2, ""chapter"": 24, ""hierarchy_path"": ""Ch24/26.4.3 Monthly"", ""is_regulatory"": false, ""is_stub"": false, ""token_count"": 128, ""keywords"": [""inspect"", ""torque"", ""monthly"", ""water""]}"
ch24-26-4-4,ch24-26-4-4,24,2,section,Ch24/26.4.4 Annual and seasonal,ch24-f01,26.4.4 Annual and seasonal,"Structural and shell inspection, in an emptied pool where feasible. Diving board, slide, and platform inspection to the manufacturer's specification, by a qualified inspector. Repaint or re-mark depth markings, ""No Diving"" markings, and step edges. Recoat or resurface deck as needed. Verify barrier height, gate hardware height, and opening dimensions against current code — codes change; your fence did not. Indoor facilities: inspect and service the HVAC and dehumidification system; check air-change rate and duct condition.",106,False,False,"[""and"", ""markings"", ""seasonal"", ""inspection"", ""annual"", ""diving""]","{""chunk_id"": ""ch24-26-4-4"", ""chunk_id_legacy"": ""ch24-26-4-4"", ""parent_chunk_id"": ""ch24-f01"", ""fragment_type"": ""section"", ""level"": 2, ""chapter"": 24, ""hierarchy_path"": ""Ch24/26.4.4 Annual and seasonal"", ""is_regulatory"": false, ""is_stub"": false, ""token_count"": 106, ""keywords"": [""and"", ""markings"", ""seasonal"", ""inspection"", ""annual"", ""diving""]}"
ch24-26-5-1,ch24-26-5-1,24,2,section,Ch24/26.5.1 Daily,ch24-f01,26.5.1 Daily,"Inventory and inspect rescue equipment before opening: reaching pole or shepherd's crook, ring buoy with line, rescue tube, backboard with head immobilizer and straps. Confirm equipment is mounted in its designated position, unobstructed, and immediately reachable. Confirm the first aid kit is stocked to your posted list and nothing is expired. Confirm the AED is present, the status indicator shows ready, and pads are unexpired and sealed. Confirm the emergency telephone or communication device is present and functional — place a test call or verify dial tone. Confirm the emergency action plan is posted and legible. Confirm bloodborne pathogen and body-fluid cleanup supplies are stocked. Confirm lifeguard coverage matches the posted staffing plan, or that ""No Lifeguard on Duty"" signage is correctly posted.",157,False,False,"[""rescue"", ""daily"", ""posted"", ""confirm""]","{""chunk_id"": ""ch24-26-5-1"", ""chunk_id_legacy"": ""ch24-26-5-1"", ""parent_chunk_id"": ""ch24-f01"", ""fragment_type"": ""section"", ""level"": 2, ""chapter"": 24, ""hierarchy_path"": ""Ch24/26.5.1 Daily"", ""is_regulatory"": false, ""is_stub"": false, ""token_count"": 157, ""keywords"": [""rescue"", ""daily"", ""posted"", ""confirm""]}"
ch24-26-5-3,ch24-26-5-3,24,2,section,Ch24/26.5.3 Monthly,ch24-f01,26.5.3 Monthly,"Test the AED per the manufacturer's schedule; record the self-test result and battery status. Replace expired first aid and PPE stock. Run a documented emergency drill: distressed swimmer, submerged victim, spinal injury, chemical release, or severe weather. Rotate scenarios. Verify all staff certifications remain current; flag anything expiring within 90 days. Test the emergency lighting and any emergency power system. Review the incident log for the month; identify patterns and corrective actions.",94,False,False,"[""emergency"", ""monthly"", ""test"", ""manufacturer""]","{""chunk_id"": ""ch24-26-5-3"", ""chunk_id_legacy"": ""ch24-26-5-3"", ""parent_chunk_id"": ""ch24-f01"", ""fragment_type"": ""section"", ""level"": 2, ""chapter"": 24, ""hierarchy_path"": ""Ch24/26.5.3 Monthly"", ""is_regulatory"": false, ""is_stub"": false, ""token_count"": 94, ""keywords"": [""emergency"", ""monthly"", ""test"", ""manufacturer""]}"
ch24-26-5-4,ch24-26-5-4,24,2,section,Ch24/26.5.4 Quarterly and annual,ch24-f01,26.5.4 Quarterly and annual,"Full documented emergency action plan review with all staff. In-service training on rescue skills, CPR/AED, oxygen administration, and chemical handling. Replace rescue equipment showing any UV damage, deformation, or wear — replace, do not repair. Annual review of the emergency action plan against current code and current facility layout. Annual confirmation that local emergency services have current facility access information and chemical inventory where required.",79,True,False,"[""current"", ""emergency"", ""action"", ""and"", ""annual"", ""quarterly""]","{""chunk_id"": ""ch24-26-5-4"", ""chunk_id_legacy"": ""ch24-26-5-4"", ""parent_chunk_id"": ""ch24-f01"", ""fragment_type"": ""section"", ""level"": 2, ""chapter"": 24, ""hierarchy_path"": ""Ch24/26.5.4 Quarterly and annual"", ""is_regulatory"": true, ""is_stub"": false, ""token_count"": 79, ""keywords"": [""current"", ""emergency"", ""action"", ""and"", ""annual"", ""quarterly""]}"
ch24-26-6,ch24-26-6,24,2,section,Ch24/26.6 Sample consolidated frequency matrix,ch24-f01,26.6 Sample consolidated frequency matrix,Use this as a template. Delete rows that do not apply to your facility and add code-required rows that are missing.,24,False,False,"[""this"", ""sample"", ""consolidated"", ""that"", ""frequency"", ""matrix"", ""rows""]","{""chunk_id"": ""ch24-26-6"", ""chunk_id_legacy"": ""ch24-26-6"", ""parent_chunk_id"": ""ch24-f01"", ""fragment_type"": ""section"", ""level"": 2, ""chapter"": 24, ""hierarchy_path"": ""Ch24/26.6 Sample consolidated frequency matrix"", ""is_regulatory"": false, ""is_stub"": false, ""token_count"": 24, ""keywords"": [""this"", ""sample"", ""consolidated"", ""that"", ""frequency"", ""matrix"", ""rows""]}"
ch24-26-7,ch24-26-7,24,2,section,Ch24/26.7 Log design requirements,ch24-f01,26.7 Log design requirements,"Every log form must contain: Facility name and pool/feature identifier. Date and time of each entry. The measured value or the completion checkbox — not ""OK"" alone for anything measurable. Units for every number. Initials of the person performing the task. A corrective action field adjacent to every measurable field. A supervisor review signature line with a defined review frequency. Do not use a log that only records passing results. A log with no out-of-range entries over a full season is evidence of poor recording, not perfect operation.",106,False,False,"[""every"", ""field"", ""measurable"", ""requirements"", ""design"", ""log""]","{""chunk_id"": ""ch24-26-7"", ""chunk_id_legacy"": ""ch24-26-7"", ""parent_chunk_id"": ""ch24-f01"", ""fragment_type"": ""section"", ""level"": 2, ""chapter"": 24, ""hierarchy_path"": ""Ch24/26.7 Log design requirements"", ""is_regulatory"": false, ""is_stub"": false, ""token_count"": 106, ""keywords"": [""every"", ""field"", ""measurable"", ""requirements"", ""design"", ""log""]}"
ch24-26-8-1-f01,ch24-26-8-1,24,3,subsection,Ch24/Key checks,,Key checks,"Disinfectant residual, pH, clarity, and flow verified before every opening and at code frequency during operation. Filter cleaned on differential pressure, not on the calendar. Every drain and suction outlet cover present, intact, and secured — checked daily. Every barrier gate self-closes and self-latches — checked daily. Rescue equipment, AED, first aid, and emergency communication verified daily. Controller readings verified against a manual test kit daily. Every task has an owner, a frequency, a recorded result, and a corrective-action path.",108,False,False,"[""verified"", ""every"", ""key"", ""daily"", ""checks""]","{""chunk_id"": ""ch24-26-8-1-f01"", ""chunk_id_legacy"": ""ch24-26-8-1"", ""parent_chunk_id"": null, ""fragment_type"": ""subsection"", ""level"": 3, ""chapter"": 24, ""hierarchy_path"": ""Ch24/Key checks"", ""is_regulatory"": false, ""is_stub"": false, ""token_count"": 108, ""keywords"": [""verified"", ""every"", ""key"", ""daily"", ""checks""]}"
ch24-26-8-1-f02,ch24-26-8-1,24,3,subsection,Ch24/Common mistakes,,Common mistakes,"Treating code minimum frequencies as targets rather than floors. Trusting an automated controller without daily manual verification. Backwashing on a fixed weekly schedule regardless of differential pressure — wasting water and media life, or running a blinded filter for days. Recording ""OK"" instead of a number, which destroys the ability to see trends. Back-filling logs at the end of the shift or week from memory. Adding a full calculated chemical dose at once instead of staging and retesting. Storing supplies or furniture against a barrier, creating a climbing aid. Letting a task list live in one person's head; when they leave, the program leaves. Keeping a log with no out-of-range entries and believing it. Deferring a barrier, drain cover, or rescue equipment repair as ""non-urgent.""",159,False,False,"[""instead"", ""treating"", ""barrier"", ""common"", ""mistakes""]","{""chunk_id"": ""ch24-26-8-1-f02"", ""chunk_id_legacy"": ""ch24-26-8-1"", ""parent_chunk_id"": null, ""fragment_type"": ""subsection"", ""level"": 3, ""chapter"": 24, ""hierarchy_path"": ""Ch24/Common mistakes"", ""is_regulatory"": false, ""is_stub"": false, ""token_count"": 159, ""keywords"": [""instead"", ""treating"", ""barrier"", ""common"", ""mistakes""]}"
ch24-26-8-1-f03,ch24-26-8-1,24,3,subsection,Ch24/When to call a professional,,When to call a professional,"Call a licensed or certified specialist — do not perform in-house — for: Any electrical work, bonding, grounding, or GFCI device replacement. Gas-fired heater, boiler, or combustion venting service. Backflow preventer testing and certification. Structural repair of the shell, deck, or coping. Diving board, slide, or platform inspection and repair to manufacturer specification. Suction outlet cover replacement or any change to the suction system, including VGB compliance work. HVAC and dehumidification system service in indoor facilities. Chemical release or spill exceeding your spill kit capacity and staff training. Any repair the equipment manufacturer's manual reserves to authorized service. Any condition where you are uncertain whether the facility is safe to open. When uncertain, stay closed.",152,False,False,"[""professional"", ""repair"", ""work"", ""when"", ""service"", ""call""]","{""chunk_id"": ""ch24-26-8-1-f03"", ""chunk_id_legacy"": ""ch24-26-8-1"", ""parent_chunk_id"": null, ""fragment_type"": ""subsection"", ""level"": 3, ""chapter"": 24, ""hierarchy_path"": ""Ch24/When to call a professional"", ""is_regulatory"": false, ""is_stub"": false, ""token_count"": 152, ""keywords"": [""professional"", ""repair"", ""work"", ""when"", ""service"", ""call""]}"
ch9-f96,ch9,9,1,chapter,Ch9,,"Cross-references: Chapter 9 (filtration and backwashing), Chapter 11 (water balance), Chapter 14 (combined chlorine and breakpoint treatment), Chapter 24 (seasonal shutdown and winterization), Chapter 25 (seasonal startup).","Cross-references: Chapter 9 (filtration and backwashing), Chapter 11 (water balance), Chapter 14 (combined chlorine and breakpoint treatment), Chapter 24 (seasonal shutdown and winterization), Chapter 25 (seasonal startup).",50,False,False,"[""filtration"", ""references"", ""cross"", ""balance"", ""and"", ""shutdown"", ""startup"", ""seasonal"", ""combined"", ""water""]","{""chunk_id"": ""ch9-f96"", ""chunk_id_legacy"": ""ch9"", ""parent_chunk_id"": null, ""fragment_type"": ""chapter"", ""level"": 1, ""chapter"": 9, ""hierarchy_path"": ""Ch9"", ""is_regulatory"": false, ""is_stub"": false, ""token_count"": 50, ""keywords"": [""filtration"", ""references"", ""cross"", ""balance"", ""and"", ""shutdown"", ""startup"", ""seasonal"", ""combined"", ""water""]}"
ch27-f01,ch27,27,1,chapter,Ch27,,Chapter 27 — Recreational Water Illness (RWI) Basics,Chapter 27 — Recreational Water Illness (RWI) Basics,15,False,True,"[""illness"", ""recreational"", ""basics"", ""rwi"", ""water"", ""chapter""]","{""chunk_id"": ""ch27-f01"", ""chunk_id_legacy"": ""ch27"", ""parent_chunk_id"": null, ""fragment_type"": ""chapter"", ""level"": 1, ""chapter"": 27, ""hierarchy_path"": ""Ch27"", ""is_regulatory"": false, ""is_stub"": true, ""token_count"": 15, ""keywords"": [""illness"", ""recreational"", ""basics"", ""rwi"", ""water"", ""chapter""]}"
ch28-f19,ch28,28,1,chapter,Ch28,,"What this chapter is not. It is not a remediation procedure. Step-by-step fecal, vomit, and blood contamination response lives in Chapter 28. It is not medical guidance. Nothing here helps you diagnose a bather, and you must not try.","What this chapter is not. It is not a remediation procedure. Step-by-step fecal, vomit, and blood contamination response lives in Chapter 28. It is not medical guidance. Nothing here helps you diagnose a bather, and you must not try.",54,False,False,"[""blood"", ""helps"", ""fecal"", ""nothing"", ""step"", ""lives"", ""remediation"", ""and"", ""procedure"", ""contamination""]","{""chunk_id"": ""ch28-f19"", ""chunk_id_legacy"": ""ch28"", ""parent_chunk_id"": null, ""fragment_type"": ""chapter"", ""level"": 1, ""chapter"": 28, ""hierarchy_path"": ""Ch28"", ""is_regulatory"": false, ""is_stub"": false, ""token_count"": 54, ""keywords"": [""blood"", ""helps"", ""fecal"", ""nothing"", ""step"", ""lives"", ""remediation"", ""and"", ""procedure"", ""contamination""]}"
ch28-27-2,ch28-27-2,28,2,section,Ch28/27.2 How germs get into pool water,ch28-f01,27.2 How germs get into pool water,Contamination is not exotic. It arrives by a small number of ordinary routes.,16,False,False,"[""exotic"", ""get"", ""how"", ""water"", ""arrives"", ""germs"", ""pool"", ""into"", ""contamination""]","{""chunk_id"": ""ch28-27-2"", ""chunk_id_legacy"": ""ch28-27-2"", ""parent_chunk_id"": ""ch28-f01"", ""fragment_type"": ""section"", ""level"": 2, ""chapter"": 28, ""hierarchy_path"": ""Ch28/27.2 How germs get into pool water"", ""is_regulatory"": false, ""is_stub"": false, ""token_count"": 16, ""keywords"": [""exotic"", ""get"", ""how"", ""water"", ""arrives"", ""germs"", ""pool"", ""into"", ""contamination""]}"
ch28-27-3-5-1,ch28-27-3-5-1,28,3,subsection,"Ch28/Incubation periods for common RWI pathogens range from hours to more than a week. Bathers exposed on Saturday become ill on Wednesday, at home, in different towns. By the time a cluster is recognized, your water has turned over hundreds of times. This is why logs are your primary evidence and your primary defense.",,"Incubation periods for common RWI pathogens range from hours to more than a week. Bathers exposed on Saturday become ill on Wednesday, at home, in different towns. By the time a cluster is recognized, your water has turned over hundreds of times. This is why logs are your primary evidence and your primary defense.","Outbreak investigations in treated venues repeatedly identify the same operational gaps: Disinfectant residual below requirement, or unknown because testing was not performed. Cyanuric acid accumulated high, slowing disinfection and crippling hyperchlorination. Circulation or filtration underperforming — low flow, blinded filter, dead zones. Slow, incomplete, or undocumented response to a diarrheal incident. Inadequate hygiene facilities: too few toilets, no soap, distant or dirty changing areas. No trained operator on duty and no written contamination plan. Every one of those is an operator control point.",116,False,False,"[""than"", ""recognized"", ""range"", ""common"", ""week"", ""your"", ""bathers"", ""saturday"", ""more"", ""primary""]","{""chunk_id"": ""ch28-27-3-5-1"", ""chunk_id_legacy"": ""ch28-27-3-5-1"", ""parent_chunk_id"": null, ""fragment_type"": ""subsection"", ""level"": 3, ""chapter"": 28, ""hierarchy_path"": ""Ch28/Incubation periods for common RWI pathogens range from hours to more than a week. Bathers exposed on Saturday become ill on Wednesday, at home, in different towns. By the time a cluster is recognized, your water has turned over hundreds of times. This is why logs are your primary evidence and your primary defense."", ""is_regulatory"": false, ""is_stub"": false, ""token_count"": 116, ""keywords"": [""than"", ""recognized"", ""range"", ""common"", ""week"", ""your"", ""bathers"", ""saturday"", ""more"", ""primary""]}"
ch28-27-3-6,ch28-27-3-6,28,2,section,"Ch28/27.3.6 Small water, big risk",ch28-f01,"27.3.6 Small water, big risk","Spas, wading pools, and spray features have small water volumes relative to bather load, warm temperatures, and high aerosol generation. They destabilize fast. They are frequently the least-monitored water on site. Invert that. See §27.6.",55,False,False,"[""spas"", ""risk"", ""small"", ""big"", ""water"", ""they""]","{""chunk_id"": ""ch28-27-3-6"", ""chunk_id_legacy"": ""ch28-27-3-6"", ""parent_chunk_id"": ""ch28-f01"", ""fragment_type"": ""section"", ""level"": 2, ""chapter"": 28, ""hierarchy_path"": ""Ch28/27.3.6 Small water, big risk"", ""is_regulatory"": false, ""is_stub"": false, ""token_count"": 55, ""keywords"": [""spas"", ""risk"", ""small"", ""big"", ""water"", ""they""]}"
ch28-f20,ch28,28,1,chapter,Ch28,,"Why hyperchlorination appears in code-style response. Because normal residuals fail, published contamination-response guidance for diarrheal incidents relies on hyperchlorination: deliberately raising free chlorine far above operating levels and holding it for a specified contact time, expressed as a CT value (concentration × time). The pool is closed for the entire hold. Chapter 28 gives the procedure, target concentrations, and hold times. Do not improvise them from memory.","Why hyperchlorination appears in code-style response. Because normal residuals fail, published contamination-response guidance for diarrheal incidents relies on hyperchlorination: deliberately raising free chlorine far above operating levels and holding it for a specified contact time, expressed as a CT value (concentration × time). The pool is closed for the entire hold. Chapter 28 gives the procedure, target concentrations, and hold times. Do not improvise them from memory.",89,False,False,"[""expressed"", ""closed"", ""far"", ""gives"", ""target"", ""them"", ""hyperchlorination"", ""deliberately"", ""concentration"", ""improvise""]","{""chunk_id"": ""ch28-f20"", ""chunk_id_legacy"": ""ch28"", ""parent_chunk_id"": null, ""fragment_type"": ""chapter"", ""level"": 1, ""chapter"": 28, ""hierarchy_path"": ""Ch28"", ""is_regulatory"": false, ""is_stub"": false, ""token_count"": 89, ""keywords"": [""expressed"", ""closed"", ""far"", ""gives"", ""target"", ""them"", ""hyperchlorination"", ""deliberately"", ""concentration"", ""improvise""]}"
ch15-f06,ch15,15,1,chapter,Ch15,,"Why secondary treatment appears in code. UV and ozone systems inactivate Crypto in a single pass, which chlorine cannot do. Published guidance requires or strongly encourages secondary disinfection for increased-risk venues — notably those serving diaper-age children and interactive water play features. See Chapter 15 for secondary treatment concepts and sizing.","Why secondary treatment appears in code. UV and ozone systems inactivate Crypto in a single pass, which chlorine cannot do. Published guidance requires or strongly encourages secondary disinfection for increased-risk venues — notably those serving diaper-age children and interactive water play features. See Chapter 15 for secondary treatment concepts and sizing.",61,False,False,"[""systems"", ""secondary"", ""pass"", ""ozone"", ""features"", ""serving"", ""strongly"", ""treatment"", ""single"", ""which""]","{""chunk_id"": ""ch15-f06"", ""chunk_id_legacy"": ""ch15"", ""parent_chunk_id"": null, ""fragment_type"": ""chapter"", ""level"": 1, ""chapter"": 15, ""hierarchy_path"": ""Ch15"", ""is_regulatory"": false, ""is_stub"": false, ""token_count"": 61, ""keywords"": [""systems"", ""secondary"", ""pass"", ""ozone"", ""features"", ""serving"", ""strongly"", ""treatment"", ""single"", ""which""]}"
ch28-f21,ch28,28,1,chapter,Ch28,,Recognize diarrhea versus formed stool immediately. The response differs dramatically. Chapter 28.,Recognize diarrhea versus formed stool immediately. The response differs dramatically. Chapter 28.,17,False,False,"[""diarrhea"", ""the"", ""immediately"", ""stool"", ""differs"", ""versus"", ""response"", ""formed"", ""recognize"", ""dramatically""]","{""chunk_id"": ""ch28-f21"", ""chunk_id_legacy"": ""ch28"", ""parent_chunk_id"": null, ""fragment_type"": ""chapter"", ""level"": 1, ""chapter"": 28, ""hierarchy_path"": ""Ch28"", ""is_regulatory"": false, ""is_stub"": false, ""token_count"": 17, ""keywords"": [""diarrhea"", ""the"", ""immediately"", ""stool"", ""differs"", ""versus"", ""response"", ""formed"", ""recognize"", ""dramatically""]}"
ch28-f22,ch28,28,1,chapter,Ch28,,→ Chapter 28 for step-by-step remediation. → Chapter 15 for secondary treatment.,→ Chapter 28 for step-by-step remediation. → Chapter 15 for secondary treatment.,19,False,False,"[""remediation"", ""secondary"", ""step"", ""treatment"", ""for"", ""chapter""]","{""chunk_id"": ""ch28-f22"", ""chunk_id_legacy"": ""ch28"", ""parent_chunk_id"": null, ""fragment_type"": ""chapter"", ""level"": 1, ""chapter"": 28, ""hierarchy_path"": ""Ch28"", ""is_regulatory"": false, ""is_stub"": false, ""token_count"": 19, ""keywords"": [""remediation"", ""secondary"", ""step"", ""treatment"", ""for"", ""chapter""]}"
ch28-f23,ch28,28,1,chapter,Ch28,,Operator control points. Maintain residual and pH in range; correct fecal response per Chapter 28; hygiene and exclusion policy; effective filtration.,Operator control points. Maintain residual and pH in range; correct fecal response per Chapter 28; hygiene and exclusion policy; effective filtration.,28,False,False,"[""filtration"", ""policy"", ""maintain"", ""range"", ""correct"", ""operator"", ""and"", ""fecal"", ""control"", ""hygiene""]","{""chunk_id"": ""ch28-f23"", ""chunk_id_legacy"": ""ch28"", ""parent_chunk_id"": null, ""fragment_type"": ""chapter"", ""level"": 1, ""chapter"": 28, ""hierarchy_path"": ""Ch28"", ""is_regulatory"": false, ""is_stub"": false, ""token_count"": 28, ""keywords"": [""filtration"", ""policy"", ""maintain"", ""range"", ""correct"", ""operator"", ""and"", ""fecal"", ""control"", ""hygiene""]}"
ch28-f24,ch28,28,1,chapter,Ch28,,Operator control points. Treat vomit as a contamination event (Ch. 28). Hold residual and pH — pH control matters because low pH shifts chlorine toward its more effective form. Aggressive surface and restroom disinfection. Exclusion policy covering vomiting as well as diarrhea.,Operator control points. Treat vomit as a contamination event (Ch. 28). Hold residual and pH — pH control matters because low pH shifts chlorine toward its more effective form. Aggressive surface and restroom disinfection. Exclusion policy covering vomiting as well as diarrhea.,54,False,False,"[""diarrhea"", ""shifts"", ""control"", ""its"", ""treat"", ""form"", ""more"", ""policy"", ""well"", ""vomiting""]","{""chunk_id"": ""ch28-f24"", ""chunk_id_legacy"": ""ch28"", ""parent_chunk_id"": null, ""fragment_type"": ""chapter"", ""level"": 1, ""chapter"": 28, ""hierarchy_path"": ""Ch28"", ""is_regulatory"": false, ""is_stub"": false, ""token_count"": 54, ""keywords"": [""diarrhea"", ""shifts"", ""control"", ""its"", ""treat"", ""form"", ""more"", ""policy"", ""well"", ""vomiting""]}"
ch31-f01,ch31,31,1,chapter,Ch31,,Adhere to spa drain-and-refill intervals (Chapter 31).,Adhere to spa drain-and-refill intervals (Chapter 31).,14,False,True,"[""drain"", ""adhere"", ""intervals"", ""and"", ""spa"", ""chapter"", ""refill""]","{""chunk_id"": ""ch31-f01"", ""chunk_id_legacy"": ""ch31"", ""parent_chunk_id"": null, ""fragment_type"": ""chapter"", ""level"": 1, ""chapter"": 31, ""hierarchy_path"": ""Ch31"", ""is_regulatory"": false, ""is_stub"": true, ""token_count"": 14, ""keywords"": [""drain"", ""adhere"", ""intervals"", ""and"", ""spa"", ""chapter"", ""refill""]}"
ch14-f10,ch14,14,1,chapter,Ch14,,"A rising combined-chlorine trend, especially alongside complaints, is an investigation trigger. Treat per Chapter 14; do not simply add more chlorine and hope.","A rising combined-chlorine trend, especially alongside complaints, is an investigation trigger. Treat per Chapter 14; do not simply add more chlorine and hope.",32,False,False,"[""not"", ""add"", ""alongside"", ""and"", ""trigger"", ""hope"", ""investigation"", ""combined"", ""rising"", ""simply""]","{""chunk_id"": ""ch14-f10"", ""chunk_id_legacy"": ""ch14"", ""parent_chunk_id"": null, ""fragment_type"": ""chapter"", ""level"": 1, ""chapter"": 14, ""hierarchy_path"": ""Ch14"", ""is_regulatory"": false, ""is_stub"": false, ""token_count"": 32, ""keywords"": [""not"", ""add"", ""alongside"", ""and"", ""trigger"", ""hope"", ""investigation"", ""combined"", ""rising"", ""simply""]}"
ch21-f11,ch21,21,1,chapter,Ch21,,"→ Chapter 21 for chemical handling, storage, PPE, and spill response. This chapter's only point: chemical injury is an RWI-adjacent risk that you control completely, and it is more frequent than outbreaks.","→ Chapter 21 for chemical handling, storage, PPE, and spill response. This chapter's only point: chemical injury is an RWI-adjacent risk that you control completely, and it is more frequent than outbreaks.",46,False,False,"[""than"", ""point"", ""control"", ""ppe"", ""spill"", ""more"", ""response"", ""outbreaks"", ""and"", ""for""]","{""chunk_id"": ""ch21-f11"", ""chunk_id_legacy"": ""ch21"", ""parent_chunk_id"": null, ""fragment_type"": ""chapter"", ""level"": 1, ""chapter"": 21, ""hierarchy_path"": ""Ch21"", ""is_regulatory"": false, ""is_stub"": false, ""token_count"": 46, ""keywords"": [""than"", ""point"", ""control"", ""ppe"", ""spill"", ""more"", ""response"", ""outbreaks"", ""and"", ""for""]}"
ch21-27-7,ch21-27-7,21,2,section,Ch21/27.7 Prevention pillars,ch21-f01,27.7 Prevention pillars,Four things you control. A fifth that makes the other four work.,14,False,False,"[""prevention"", ""things"", ""control"", ""four"", ""pillars""]","{""chunk_id"": ""ch21-27-7"", ""chunk_id_legacy"": ""ch21-27-7"", ""parent_chunk_id"": ""ch21-f01"", ""fragment_type"": ""section"", ""level"": 2, ""chapter"": 21, ""hierarchy_path"": ""Ch21/27.7 Prevention pillars"", ""is_regulatory"": false, ""is_stub"": false, ""token_count"": 14, ""keywords"": [""prevention"", ""things"", ""control"", ""four"", ""pillars""]}"
ch24-f05,ch24,24,1,chapter,Ch24,,"Use coagulation/flocculation support where your filter type and situation warrant it, per Chapter 24.","Use coagulation/flocculation support where your filter type and situation warrant it, per Chapter 24.",23,False,False,"[""support"", ""situation"", ""and"", ""your"", ""use"", ""flocculation"", ""coagulation"", ""warrant"", ""filter"", ""per""]","{""chunk_id"": ""ch24-f05"", ""chunk_id_legacy"": ""ch24"", ""parent_chunk_id"": null, ""fragment_type"": ""chapter"", ""level"": 1, ""chapter"": 24, ""hierarchy_path"": ""Ch24"", ""is_regulatory"": false, ""is_stub"": false, ""token_count"": 23, ""keywords"": [""support"", ""situation"", ""and"", ""your"", ""use"", ""flocculation"", ""coagulation"", ""warrant"", ""filter"", ""per""]}"
ch24-27-7-2,ch24-27-7-2,24,2,section,Ch24/27.7.2 Pillar 2 — Filtration and circulation,ch24-f01,27.7.2 Pillar 2 — Filtration and circulation,"Where installed, maintain secondary disinfection (UV/ozone) as a genuine barrier — track lamp hours and verify operation (Ch. 15).",29,False,False,"[""pillar"", ""filtration"", ""circulation"", ""maintain"", ""and"", ""installed"", ""where""]","{""chunk_id"": ""ch24-27-7-2"", ""chunk_id_legacy"": ""ch24-27-7-2"", ""parent_chunk_id"": ""ch24-f01"", ""fragment_type"": ""section"", ""level"": 2, ""chapter"": 24, ""hierarchy_path"": ""Ch24/27.7.2 Pillar 2 — Filtration and circulation"", ""is_regulatory"": false, ""is_stub"": false, ""token_count"": 29, ""keywords"": [""pillar"", ""filtration"", ""circulation"", ""maintain"", ""and"", ""installed"", ""where""]}"
ch26-f02,ch26,26,1,chapter,Ch26,,"Surfaces and shared equipment. Clean and disinfect decks, benches, changing areas, toys, and shared training equipment on schedule (Ch. 26 List C).","Surfaces and shared equipment. Clean and disinfect decks, benches, changing areas, toys, and shared training equipment on schedule (Ch. 26 List C).",33,False,False,"[""clean"", ""decks"", ""benches"", ""schedule"", ""and"", ""toys"", ""list"", ""equipment"", ""shared"", ""disinfect""]","{""chunk_id"": ""ch26-f02"", ""chunk_id_legacy"": ""ch26"", ""parent_chunk_id"": null, ""fragment_type"": ""chapter"", ""level"": 1, ""chapter"": 26, ""hierarchy_path"": ""Ch26"", ""is_regulatory"": false, ""is_stub"": false, ""token_count"": 33, ""keywords"": [""clean"", ""decks"", ""benches"", ""schedule"", ""and"", ""toys"", ""list"", ""equipment"", ""shared"", ""disinfect""]}"
ch28-f25,ch28,28,1,chapter,Ch28,,Do — at awareness level only; procedures are in Chapter 28:,Do — at awareness level only; procedures are in Chapter 28:,14,False,True,"[""awareness"", ""level"", ""only"", ""are"", ""procedures"", ""chapter""]","{""chunk_id"": ""ch28-f25"", ""chunk_id_legacy"": ""ch28"", ""parent_chunk_id"": null, ""fragment_type"": ""chapter"", ""level"": 1, ""chapter"": 28, ""hierarchy_path"": ""Ch28"", ""is_regulatory"": false, ""is_stub"": true, ""token_count"": 14, ""keywords"": [""awareness"", ""level"", ""only"", ""are"", ""procedures"", ""chapter""]}"
ch28-f26,ch28,28,1,chapter,Ch28,,Remediate to the procedure and CT values in Chapter 28 — including CYA verification and reduction before hyperchlorination where required.,Remediate to the procedure and CT values in Chapter 28 — including CYA verification and reduction before hyperchlorination where required.,27,False,False,"[""remediate"", ""reduction"", ""including"", ""required"", ""the"", ""values"", ""and"", ""procedure"", ""cya"", ""verification""]","{""chunk_id"": ""ch28-f26"", ""chunk_id_legacy"": ""ch28"", ""parent_chunk_id"": null, ""fragment_type"": ""chapter"", ""level"": 1, ""chapter"": 28, ""hierarchy_path"": ""Ch28"", ""is_regulatory"": false, ""is_stub"": false, ""token_count"": 27, ""keywords"": [""remediate"", ""reduction"", ""including"", ""required"", ""the"", ""values"", ""and"", ""procedure"", ""cya"", ""verification""]}"
ch28-f27,ch28,28,1,chapter,Ch28,,→ Chapter 28 for full procedures. Do not attempt to reconstruct them from this chapter.,→ Chapter 28 for full procedures. Do not attempt to reconstruct them from this chapter.,18,False,False,"[""this"", ""reconstruct"", ""not"", ""from"", ""attempt"", ""full"", ""them"", ""procedures"", ""for"", ""chapter""]","{""chunk_id"": ""ch28-f27"", ""chunk_id_legacy"": ""ch28"", ""parent_chunk_id"": null, ""fragment_type"": ""chapter"", ""level"": 1, ""chapter"": 28, ""hierarchy_path"": ""Ch28"", ""is_regulatory"": false, ""is_stub"": false, ""token_count"": 18, ""keywords"": [""this"", ""reconstruct"", ""not"", ""from"", ""attempt"", ""full"", ""them"", ""procedures"", ""for"", ""chapter""]}"
ch28-27-7-5,ch28-27-7-5,28,2,section,Ch28/27.7.5 Pillar 5 — People and policies,ch28-f01,27.7.5 Pillar 5 — People and policies,The four technical pillars fail without this one.,9,False,False,"[""pillar"", ""technical"", ""and"", ""policies"", ""pillars"", ""four"", ""people""]","{""chunk_id"": ""ch28-27-7-5"", ""chunk_id_legacy"": ""ch28-27-7-5"", ""parent_chunk_id"": ""ch28-f01"", ""fragment_type"": ""section"", ""level"": 2, ""chapter"": 28, ""hierarchy_path"": ""Ch28/27.7.5 Pillar 5 — People and policies"", ""is_regulatory"": false, ""is_stub"": false, ""token_count"": 9, ""keywords"": [""pillar"", ""technical"", ""and"", ""policies"", ""pillars"", ""four"", ""people""]}"
ch28-27-8,ch28-27-8,28,2,section,Ch28/27.8 What to do when illness is reported,ch28-f01,27.8 What to do when illness is reported,A bather or parent tells you someone got sick after swimming. Work this sequence.,17,False,False,"[""bather"", ""illness"", ""parent"", ""when"", ""reported"", ""tells"", ""what""]","{""chunk_id"": ""ch28-27-8"", ""chunk_id_legacy"": ""ch28-27-8"", ""parent_chunk_id"": ""ch28-f01"", ""fragment_type"": ""section"", ""level"": 2, ""chapter"": 28, ""hierarchy_path"": ""Ch28/27.8 What to do when illness is reported"", ""is_regulatory"": false, ""is_stub"": false, ""token_count"": 17, ""keywords"": [""bather"", ""illness"", ""parent"", ""when"", ""reported"", ""tells"", ""what""]}"
ch28-27-11-1,ch28-27-11-1,28,3,subsection,Ch28/Every day:,,Every day:,"[ ] Disinfectant residual and pH within code range, wet-tested, at every required interval [ ] Controller cross-checked against a manual test; both recorded [ ] Flow rate and filter differential pressure recorded and within range [ ] Water clarity confirmed — as a filtration check, not a safety verdict [ ] Restrooms and showers clean, stocked with soap and paper, handwash sinks working [ ] Pre-swim shower and hygiene signage present and legible [ ] Contamination response kit complete and staged [ ] Staff on duty can identify diarrhea vs. formed stool and state the first three response steps [ ] Any illness complaint or irritation complaint documented, even a single one",132,False,False,"[""every"", ""range"", ""recorded"", ""within"", ""day""]","{""chunk_id"": ""ch28-27-11-1"", ""chunk_id_legacy"": ""ch28-27-11-1"", ""parent_chunk_id"": null, ""fragment_type"": ""subsection"", ""level"": 3, ""chapter"": 28, ""hierarchy_path"": ""Ch28/Every day:"", ""is_regulatory"": false, ""is_stub"": false, ""token_count"": 132, ""keywords"": [""every"", ""range"", ""recorded"", ""within"", ""day""]}"
ch28-27-13-1,ch28-27-13-1,28,3,subsection,Ch28/Call a qualified professional:,,Call a qualified professional:,"You cannot hold disinfectant residual despite functioning feeders and correct chemistry — this is an equipment, hydraulic, or demand problem requiring diagnosis. A diarrheal incident where you are uncertain about CYA level, required CT, or how to achieve the hold — get authoritative guidance before improvising. Staying closed while you get an answer is always the correct choice. Recurrent rash or ear complaints after a standard spa correction, indicating an established biofilm reservoir requiring system-level remediation. Any suspicion of Legionella or a need for a facility water management program — this exceeds routine operator scope. Persistent indoor air-quality complaints after chemistry is verified correct — call HVAC or an industrial hygienist. Persistent respiratory complaints among staff or regular patrons — occupational health referral.",151,False,False,"[""professional"", ""correct"", ""complaints"", ""hold"", ""qualified"", ""call""]","{""chunk_id"": ""ch28-27-13-1"", ""chunk_id_legacy"": ""ch28-27-13-1"", ""parent_chunk_id"": null, ""fragment_type"": ""subsection"", ""level"": 3, ""chapter"": 28, ""hierarchy_path"": ""Ch28/Call a qualified professional:"", ""is_regulatory"": false, ""is_stub"": false, ""token_count"": 151, ""keywords"": [""professional"", ""correct"", ""complaints"", ""hold"", ""qualified"", ""call""]}"
ch21-f12,ch21,21,1,chapter,Ch21,,"Any chemical exposure injury — emergency medical services first, then reporting per Chapter 21.","Any chemical exposure injury — emergency medical services first, then reporting per Chapter 21.",17,False,False,"[""injury"", ""emergency"", ""any"", ""chemical"", ""reporting"", ""first"", ""services"", ""exposure"", ""medical"", ""then""]","{""chunk_id"": ""ch21-f12"", ""chunk_id_legacy"": ""ch21"", ""parent_chunk_id"": null, ""fragment_type"": ""chapter"", ""level"": 1, ""chapter"": 21, ""hierarchy_path"": ""Ch21"", ""is_regulatory"": false, ""is_stub"": false, ""token_count"": 17, ""keywords"": [""injury"", ""emergency"", ""any"", ""chemical"", ""reporting"", ""first"", ""services"", ""exposure"", ""medical"", ""then""]}"
ch28-f28,ch28,28,1,chapter,Ch28,,"Chapter 28 — Fecal, Vomit, and Blood Response","Chapter 28 — Fecal, Vomit, and Blood Response",13,False,True,"[""blood"", ""and"", ""fecal"", ""vomit"", ""response"", ""chapter""]","{""chunk_id"": ""ch28-f28"", ""chunk_id_legacy"": ""ch28"", ""parent_chunk_id"": null, ""fragment_type"": ""chapter"", ""level"": 1, ""chapter"": 28, ""hierarchy_path"": ""Ch28"", ""is_regulatory"": false, ""is_stub"": true, ""token_count"": 13, ""keywords"": [""blood"", ""and"", ""fecal"", ""vomit"", ""response"", ""chapter""]}"
ch27-f02,ch27,27,1,chapter,Ch27,,Read Chapter 27 first. Chapter 27 explains why these procedures look the way they do — particularly why Cryptosporidium forces the diarrheal response to be radically more aggressive than the others. This chapter assumes you understand that.,Read Chapter 27 first. Chapter 27 explains why these procedures look the way they do — particularly why Cryptosporidium forces the diarrheal response to be radically more aggressive than the others. This chapter assumes you understand that.,48,False,False,"[""than"", ""others"", ""understand"", ""explains"", ""more"", ""response"", ""these"", ""radically"", ""assumes"", ""why""]","{""chunk_id"": ""ch27-f02"", ""chunk_id_legacy"": ""ch27"", ""parent_chunk_id"": null, ""fragment_type"": ""chapter"", ""level"": 1, ""chapter"": 27, ""hierarchy_path"": ""Ch27"", ""is_regulatory"": false, ""is_stub"": false, ""token_count"": 48, ""keywords"": [""than"", ""others"", ""understand"", ""explains"", ""more"", ""response"", ""these"", ""radically"", ""assumes"", ""why""]}"
ch26-f03,ch26,26,1,chapter,Ch26,,"Check: Do you know, right now, which venues share a system? If not, obtain the piping diagram and mark it (Ch. 26, §26.3.3).","Check: Do you know, right now, which venues share a system? If not, obtain the piping diagram and mark it (Ch. 26, §26.3.3).",38,False,False,"[""system"", ""not"", ""the"", ""obtain"", ""venues"", ""and"", ""mark"", ""now"", ""you"", ""share""]","{""chunk_id"": ""ch26-f03"", ""chunk_id_legacy"": ""ch26"", ""parent_chunk_id"": null, ""fragment_type"": ""chapter"", ""level"": 1, ""chapter"": 26, ""hierarchy_path"": ""Ch26"", ""is_regulatory"": false, ""is_stub"": false, ""token_count"": 38, ""keywords"": [""system"", ""not"", ""the"", ""obtain"", ""venues"", ""and"", ""mark"", ""now"", ""you"", ""share""]}"
ch26-28-2,ch26-28-2,26,2,section,Ch26/28.2 Preparation — before any incident,ch26-f01,28.2 Preparation — before any incident,You cannot assemble a response during a response.,9,False,False,"[""assemble"", ""preparation"", ""any"", ""incident"", ""response"", ""before"", ""cannot""]","{""chunk_id"": ""ch26-28-2"", ""chunk_id_legacy"": ""ch26-28-2"", ""parent_chunk_id"": ""ch26-f01"", ""fragment_type"": ""section"", ""level"": 2, ""chapter"": 26, ""hierarchy_path"": ""Ch26/28.2 Preparation — before any incident"", ""is_regulatory"": false, ""is_stub"": false, ""token_count"": 9, ""keywords"": [""assemble"", ""preparation"", ""any"", ""incident"", ""response"", ""before"", ""cannot""]}"
ch26-28-2-1,ch26-28-2-1,26,2,section,Ch26/28.2.1 The contamination response kit,ch26-f01,28.2.1 The contamination response kit,"Stage a dedicated, sealed kit at each venue. Contents: Disposable nitrile gloves, multiple pairs and sizes. Eye protection (goggles or face shield). Disposable gowns or aprons. Respiratory protection per your chemical handling program (Ch. 21) for hyperchlorination work.",59,False,False,"[""kit"", ""the"", ""disposable"", ""stage"", ""protection"", ""response"", ""contamination""]","{""chunk_id"": ""ch26-28-2-1"", ""chunk_id_legacy"": ""ch26-28-2-1"", ""parent_chunk_id"": ""ch26-f01"", ""fragment_type"": ""section"", ""level"": 2, ""chapter"": 26, ""hierarchy_path"": ""Ch26/28.2.1 The contamination response kit"", ""is_regulatory"": false, ""is_stub"": false, ""token_count"": 59, ""keywords"": [""kit"", ""the"", ""disposable"", ""stage"", ""protection"", ""response"", ""contamination""]}"
ch26-f04,ch26,26,1,chapter,Ch26,,"Check monthly: kit complete, PPE sizes correct, reagents unexpired, signage legible (Ch. 26, §26.5.3).","Check monthly: kit complete, PPE sizes correct, reagents unexpired, signage legible (Ch. 26, §26.5.3).",32,False,False,"[""kit"", ""sizes"", ""correct"", ""monthly"", ""ppe"", ""legible"", ""check"", ""reagents"", ""complete"", ""unexpired""]","{""chunk_id"": ""ch26-f04"", ""chunk_id_legacy"": ""ch26"", ""parent_chunk_id"": null, ""fragment_type"": ""chapter"", ""level"": 1, ""chapter"": 26, ""hierarchy_path"": ""Ch26"", ""is_regulatory"": false, ""is_stub"": false, ""token_count"": 32, ""keywords"": [""kit"", ""sizes"", ""correct"", ""monthly"", ""ppe"", ""legible"", ""check"", ""reagents"", ""complete"", ""unexpired""]}"
ch26-28-2-3,ch26-28-2-3,26,2,section,Ch26/28.2.3 Recognition training — the daily minimum,ch26-f01,28.2.3 Recognition training — the daily minimum,"Every staff member on duty must be able to state, without reference to a document: The difference between formed stool and diarrhea. That vomit and blood are also contamination events.",35,False,False,"[""recognition"", ""every"", ""the"", ""member"", ""daily"", ""minimum"", ""staff"", ""training""]","{""chunk_id"": ""ch26-28-2-3"", ""chunk_id_legacy"": ""ch26-28-2-3"", ""parent_chunk_id"": ""ch26-f01"", ""fragment_type"": ""section"", ""level"": 2, ""chapter"": 26, ""hierarchy_path"": ""Ch26/28.2.3 Recognition training — the daily minimum"", ""is_regulatory"": false, ""is_stub"": false, ""token_count"": 35, ""keywords"": [""recognition"", ""every"", ""the"", ""member"", ""daily"", ""minimum"", ""staff"", ""training""]}"
ch27-f03,ch27,27,1,chapter,Ch27,,"Why it is different. Cryptosporidium oocysts survive normal operating chlorine residuals for days (Ch. 27, §27.4.1). Diarrheal stool from an infected person can carry an enormous oocyst load. The response must therefore achieve a CT high enough to inactivate Crypto — hundreds of times the CT used for formed stool.","Why it is different. Cryptosporidium oocysts survive normal operating chlorine residuals for days (Ch. 27, §27.4.1). Diarrheal stool from an infected person can carry an enormous oocyst load. The response must therefore achieve a CT high enough to inactivate Crypto — hundreds of times the CT used for formed stool.",75,False,False,"[""used"", ""person"", ""stool"", ""oocyst"", ""days"", ""residuals"", ""enough"", ""for"", ""different"", ""why""]","{""chunk_id"": ""ch27-f03"", ""chunk_id_legacy"": ""ch27"", ""parent_chunk_id"": null, ""fragment_type"": ""chapter"", ""level"": 1, ""chapter"": 27, ""hierarchy_path"": ""Ch27"", ""is_regulatory"": false, ""is_stub"": false, ""token_count"": 75, ""keywords"": [""used"", ""person"", ""stool"", ""oocyst"", ""days"", ""residuals"", ""enough"", ""for"", ""different"", ""why""]}"
ch26-f05,ch26,26,1,chapter,Ch26,,"Check: If elevated CYA means you must drain and refill before you can remediate, your closure just became far longer than 13 hours. That is the argument for keeping CYA in range every week (Ch. 26, §26.2.3).","Check: If elevated CYA means you must drain and refill before you can remediate, your closure just became far longer than 13 hours. That is the argument for keeping CYA in range every week (Ch. 26, §26.2.3).",54,False,False,"[""than"", ""elevated"", ""range"", ""far"", ""your"", ""week"", ""keeping"", ""before"", ""refill"", ""closure""]","{""chunk_id"": ""ch26-f05"", ""chunk_id_legacy"": ""ch26"", ""parent_chunk_id"": null, ""fragment_type"": ""chapter"", ""level"": 1, ""chapter"": 26, ""hierarchy_path"": ""Ch26"", ""is_regulatory"": false, ""is_stub"": false, ""token_count"": 54, ""keywords"": [""than"", ""elevated"", ""range"", ""far"", ""your"", ""week"", ""keeping"", ""before"", ""refill"", ""closure""]}"
ch15-f07,ch15,15,1,chapter,Ch15,,"Alternative path. Where your venue has properly sized and functioning secondary disinfection (UV or ozone) validated for Cryptosporidium inactivation, your code may permit a different — and much shorter — response path. Do not assume this. Confirm what your code and your system validation actually permit, in writing, before an incident (Ch. 15).","Alternative path. Where your venue has properly sized and functioning secondary disinfection (UV or ozone) validated for Cryptosporidium inactivation, your code may permit a different — and much shorter — response path. Do not assume this. Confirm what your code and your system validation actually permit, in writing, before an incident (Ch. 15).",71,False,False,"[""secondary"", ""actually"", ""ozone"", ""inactivation"", ""alternative"", ""your"", ""may"", ""before"", ""shorter"", ""and""]","{""chunk_id"": ""ch15-f07"", ""chunk_id_legacy"": ""ch15"", ""parent_chunk_id"": null, ""fragment_type"": ""chapter"", ""level"": 1, ""chapter"": 15, ""hierarchy_path"": ""Ch15"", ""is_regulatory"": false, ""is_stub"": false, ""token_count"": 71, ""keywords"": [""secondary"", ""actually"", ""ozone"", ""inactivation"", ""alternative"", ""your"", ""may"", ""before"", ""shorter"", ""and""]}"
ch21-f13,ch21,21,1,chapter,Ch21,,Raise free chlorine to your selected target. Feed with circulation running. Follow chemical handling procedure (Ch. 21).,Raise free chlorine to your selected target. Feed with circulation running. Follow chemical handling procedure (Ch. 21).,23,False,False,"[""running"", ""circulation"", ""free"", ""your"", ""procedure"", ""target"", ""handling"", ""with"", ""raise"", ""feed""]","{""chunk_id"": ""ch21-f13"", ""chunk_id_legacy"": ""ch21"", ""parent_chunk_id"": null, ""fragment_type"": ""chapter"", ""level"": 1, ""chapter"": 21, ""hierarchy_path"": ""Ch21"", ""is_regulatory"": false, ""is_stub"": false, ""token_count"": 23, ""keywords"": [""running"", ""circulation"", ""free"", ""your"", ""procedure"", ""target"", ""handling"", ""with"", ""raise"", ""feed""]}"
ch27-f04,ch27,27,1,chapter,Ch27,,"Watch for a pattern. Multiple vomiting incidents in a short period, or vomiting plus illness reports, may indicate an emerging outbreak. Escalate to the health department (Ch. 27, §27.8).","Watch for a pattern. Multiple vomiting incidents in a short period, or vomiting plus illness reports, may indicate an emerging outbreak. Escalate to the health department (Ch. 27, §27.8).",43,False,False,"[""illness"", ""may"", ""reports"", ""escalate"", ""outbreak"", ""vomiting"", ""indicate"", ""short"", ""watch"", ""multiple""]","{""chunk_id"": ""ch27-f04"", ""chunk_id_legacy"": ""ch27"", ""parent_chunk_id"": null, ""fragment_type"": ""chapter"", ""level"": 1, ""chapter"": 27, ""hierarchy_path"": ""Ch27"", ""is_regulatory"": false, ""is_stub"": false, ""token_count"": 43, ""keywords"": [""illness"", ""may"", ""reports"", ""escalate"", ""outbreak"", ""vomiting"", ""indicate"", ""short"", ""watch"", ""multiple""]}"
ch27-28-5-2,ch27-28-5-2,27,2,section,Ch27/28.5.2 Procedure — illness-associated vomit,ch27-f01,28.5.2 Procedure — illness-associated vomit,Document fully and reopen per §28.9.,10,False,False,"[""illness"", ""procedure"", ""document"", ""fully"", ""vomit"", ""reopen"", ""associated""]","{""chunk_id"": ""ch27-28-5-2"", ""chunk_id_legacy"": ""ch27-28-5-2"", ""parent_chunk_id"": ""ch27-f01"", ""fragment_type"": ""section"", ""level"": 2, ""chapter"": 27, ""hierarchy_path"": ""Ch27/28.5.2 Procedure — illness-associated vomit"", ""is_regulatory"": false, ""is_stub"": false, ""token_count"": 10, ""keywords"": [""illness"", ""procedure"", ""document"", ""fully"", ""vomit"", ""reopen"", ""associated""]}"
ch21-f14,ch21,21,1,chapter,Ch21,,→ Chapter 21 for PPE and chemical handling. Your facility's OSHA Bloodborne Pathogens exposure control plan governs §28.6.3 and takes precedence over this chapter.,→ Chapter 21 for PPE and chemical handling. Your facility's OSHA Bloodborne Pathogens exposure control plan governs §28.6.3 and takes precedence over this chapter.,38,False,False,"[""governs"", ""precedence"", ""control"", ""your"", ""ppe"", ""plan"", ""and"", ""osha"", ""for"", ""pathogens""]","{""chunk_id"": ""ch21-f14"", ""chunk_id_legacy"": ""ch21"", ""parent_chunk_id"": null, ""fragment_type"": ""chapter"", ""level"": 1, ""chapter"": 21, ""hierarchy_path"": ""Ch21"", ""is_regulatory"": false, ""is_stub"": false, ""token_count"": 38, ""keywords"": [""governs"", ""precedence"", ""control"", ""your"", ""ppe"", ""plan"", ""and"", ""osha"", ""for"", ""pathogens""]}"
ch27-f05,ch27,27,1,chapter,Ch27,,"Reinforce prevention afterward, not at the moment of the incident: exclusion policy, bathroom breaks, pre-swim showering (Ch. 27, §27.7.3).","Reinforce prevention afterward, not at the moment of the incident: exclusion policy, bathroom breaks, pre-swim showering (Ch. 27, §27.7.3).",38,False,False,"[""showering"", ""policy"", ""not"", ""the"", ""prevention"", ""pre"", ""afterward"", ""swim"", ""reinforce"", ""incident""]","{""chunk_id"": ""ch27-f05"", ""chunk_id_legacy"": ""ch27"", ""parent_chunk_id"": null, ""fragment_type"": ""chapter"", ""level"": 1, ""chapter"": 27, ""hierarchy_path"": ""Ch27"", ""is_regulatory"": false, ""is_stub"": false, ""token_count"": 38, ""keywords"": [""showering"", ""policy"", ""not"", ""the"", ""prevention"", ""pre"", ""afterward"", ""swim"", ""reinforce"", ""incident""]}"
ch27-28-9-1-1,ch27-28-9-1-1,27,3,subsection,"Ch27/[ ] Required disinfectant concentration confirmed by test at the start of the hold, with time recorded",,"[ ] Required disinfectant concentration confirmed by test at the start of the hold, with time recorded","[ ] Required contact time completed in full at or above target, with interval readings recorded [ ] Any drop below target resulted in a documented restart of the full hold [ ] Circulation ran continuously throughout, with flow verified and recorded [ ] Filter backwashed or cleaned; media replaced where indicated; backwash disposed of per code [ ] Required post-hold turnovers completed [ ] Free chlorine returned to normal operating range and confirmed by test [ ] pH, alkalinity, and clarity within normal operating range and confirmed by test [ ] Water clarity confirmed — bottom of the deepest point clearly visible [ ] Affected deck and surfaces cleaned and disinfected with full label dwell time observed [ ] Response tools and equipment disinfected or disposed of [ ] Response kit restocked and resealed [ ] Equipment and surfaces inspected for hyperchlorination damage [ ] Incident documentation complete per §28.10 [ ] Health department notified where required, and any required clearance obtained [ ] Reopening authorized by name, with role, date, and time recorded",205,True,False,"[""concentration"", ""start"", ""required"", ""the"", ""disinfectant"", ""recorded"", ""test"", ""time"", ""with"", ""hold""]","{""chunk_id"": ""ch27-28-9-1-1"", ""chunk_id_legacy"": ""ch27-28-9-1-1"", ""parent_chunk_id"": null, ""fragment_type"": ""subsection"", ""level"": 3, ""chapter"": 27, ""hierarchy_path"": ""Ch27/[ ] Required disinfectant concentration confirmed by test at the start of the hold, with time recorded"", ""is_regulatory"": true, ""is_stub"": false, ""token_count"": 205, ""keywords"": [""concentration"", ""start"", ""required"", ""the"", ""disinfectant"", ""recorded"", ""test"", ""time"", ""with"", ""hold""]}"
ch27-28-9-2,ch27-28-9-2,27,2,section,Ch27/28.9.2 Additional criteria — diarrheal events,ch27-f01,28.9.2 Additional criteria — diarrheal events,"[ ] CYA tested before dosing, recorded, and within the permitted level for hyperchlorination [ ] Where CYA reduction was required: dilution performed, re-tested, and confirmed before dosing began [ ] Water temperature confirmed and the correct hold time applied for that temperature [ ] High-range test method used for all verification readings [ ] Full calculated CT achieved and arithmetically documented [ ] Where an alternate secondary-disinfection path was used: the written code authorization for that path is on file and referenced",104,False,False,"[""diarrheal"", ""criteria"", ""events"", ""dosing"", ""additional"", ""before"", ""tested""]","{""chunk_id"": ""ch27-28-9-2"", ""chunk_id_legacy"": ""ch27-28-9-2"", ""parent_chunk_id"": ""ch27-f01"", ""fragment_type"": ""section"", ""level"": 2, ""chapter"": 27, ""hierarchy_path"": ""Ch27/28.9.2 Additional criteria — diarrheal events"", ""is_regulatory"": false, ""is_stub"": false, ""token_count"": 104, ""keywords"": [""diarrheal"", ""criteria"", ""events"", ""dosing"", ""additional"", ""before"", ""tested""]}"
ch27-28-9-3,ch27-28-9-3,27,2,section,Ch27/28.9.3 Additional criteria — illness-associated vomit,ch27-f01,28.9.3 Additional criteria — illness-associated vomit,"[ ] Appropriate target obtained from code or health department and applied [ ] All contacted surfaces, restrooms, and changing areas disinfected with a norovirus-efficacious product at full dwell time [ ] Pattern check performed — prior incidents and illness reports reviewed; escalated if a cluster is suspected",60,False,False,"[""criteria"", ""illness"", ""vomit"", ""appropriate"", ""additional"", ""target"", ""associated"", ""obtained""]","{""chunk_id"": ""ch27-28-9-3"", ""chunk_id_legacy"": ""ch27-28-9-3"", ""parent_chunk_id"": ""ch27-f01"", ""fragment_type"": ""section"", ""level"": 2, ""chapter"": 27, ""hierarchy_path"": ""Ch27/28.9.3 Additional criteria — illness-associated vomit"", ""is_regulatory"": false, ""is_stub"": false, ""token_count"": 60, ""keywords"": [""criteria"", ""illness"", ""vomit"", ""appropriate"", ""additional"", ""target"", ""associated"", ""obtained""]}"
ch27-28-9-4,ch27-28-9-4,27,2,section,Ch27/28.9.4 Additional criteria — blood,ch27-f01,28.9.4 Additional criteria — blood,"[ ] Normal free chlorine and pH confirmed by test [ ] Code-required closure period, or at least one full turnover, completed [ ] Surface cleanup completed per the bloodborne pathogen exposure control plan [ ] Any staff exposure documented and medical follow-up initiated",50,False,False,"[""normal"", ""blood"", ""criteria"", ""completed"", ""exposure"", ""additional""]","{""chunk_id"": ""ch27-28-9-4"", ""chunk_id_legacy"": ""ch27-28-9-4"", ""parent_chunk_id"": ""ch27-f01"", ""fragment_type"": ""section"", ""level"": 2, ""chapter"": 27, ""hierarchy_path"": ""Ch27/28.9.4 Additional criteria — blood"", ""is_regulatory"": false, ""is_stub"": false, ""token_count"": 50, ""keywords"": [""normal"", ""blood"", ""criteria"", ""completed"", ""exposure"", ""additional""]}"
ch26-f06,ch26,26,1,chapter,Ch26,,"Retain per your code; where none is specified, retain 3 years as a planning default (Ch. 26, §26.1.4).","Retain per your code; where none is specified, retain 3 years as a planning default (Ch. 26, §26.1.4).",32,False,False,"[""specified"", ""planning"", ""your"", ""default"", ""code"", ""years"", ""none"", ""where"", ""per"", ""retain""]","{""chunk_id"": ""ch26-f06"", ""chunk_id_legacy"": ""ch26"", ""parent_chunk_id"": null, ""fragment_type"": ""chapter"", ""level"": 1, ""chapter"": 26, ""hierarchy_path"": ""Ch26"", ""is_regulatory"": false, ""is_stub"": false, ""token_count"": 32, ""keywords"": [""specified"", ""planning"", ""your"", ""default"", ""code"", ""years"", ""none"", ""where"", ""per"", ""retain""]}"
ch26-28-10-3-1,ch26-28-10-3-1,26,3,subsection,"Ch26/Review every incident at the next staff meeting: what happened, what the response revealed, what standing condition should change.",,"Review every incident at the next staff meeting: what happened, what the response revealed, what standing condition should change.","After every incident, answer these in writing: How much time passed between the material entering the water and the water being cleared? Can that be reduced? Was the classification correct? How confident were we, and what would have made it easier? Was every needed item in the kit and functional? Was CYA in range when the incident happened? If not, why not? Could this incident have been prevented — by a bathroom break, an exclusion policy, a diaper policy, or a signage change? Did the closure and reopening authority chain work as written? What changes to the standing conditions in §28.2.2 does this incident argue for?",129,False,False,"[""standing"", ""every"", ""the"", ""next"", ""happened"", ""staff"", ""revealed"", ""incident"", ""should"", ""water""]","{""chunk_id"": ""ch26-28-10-3-1"", ""chunk_id_legacy"": ""ch26-28-10-3-1"", ""parent_chunk_id"": null, ""fragment_type"": ""subsection"", ""level"": 3, ""chapter"": 26, ""hierarchy_path"": ""Ch26/Review every incident at the next staff meeting: what happened, what the response revealed, what standing condition should change."", ""is_regulatory"": false, ""is_stub"": false, ""token_count"": 129, ""keywords"": [""standing"", ""every"", ""the"", ""next"", ""happened"", ""staff"", ""revealed"", ""incident"", ""should"", ""water""]}"
ch26-28-11-1,ch26-28-11-1,26,3,subsection,Ch26/Complete this before an incident. Post it with the response kit. Use it during an incident instead of this chapter.,,Complete this before an incident. Post it with the response kit. Use it during an incident instead of this chapter.,FACILITY: ______________________________  PERMIT #: ______________ JURISDICTION / HEALTH DEPARTMENT: _______________________________ HEALTH DEPT PHONE (business / after hours): _____________ / _____________ DATE COMPLETED: ____________  REVIEWED BY: ____________  NEXT REVIEW: ____________ VENUES AND SHARED SYSTEMS Venue ______________ Volume ________ gal  Turnover ______ hr  Shares system with: ____________ Venue ______________ Volume ________ gal  Turnover ______ hr  Shares system with: ____________ Venue ______________ Volume ________ gal  Turnover ______ hr  Shares system with: ____________ Secondary disinfection installed?  Y / N   Type: ______  Validated for Crypto?  Y / N Written code authorization for alternate diarrheal path on file?  Y / N  Location: __________ CODE-REQUIRED VALUES (obtain in writing; do not fill from memory) Formed stool:  target ______ ppm  hold ______ min  pH ______  temp ______ Diarrheal:     required CT ______  selected target ______ ppm  hold ______ hr Diarrheal:     maximum CYA permitted for hyperchlorination ______ ppm Cold-water adjustment required below ______ °F:  hold becomes ______ Illness-associated vomit: target ______ ppm  hold ______  surface product ____________ Blood: required closure ______  chemistry verification required: ____________ Post-hold turnovers required: ______ Notification required to health department for:  formed stool Y/N  diarrheal Y/N  vomit Y/N  blood Y/N EQUIPMENT LIMITS Maximum free chlorine tolerated by finish/liner: ______ ppm  Source: ____________ Components to isolate or protect before hyperchlorination: ____________________ High-range test method available:  DPD dilution / FAS-DPD / other ____________ AUTHORITY Roles authorized to CLOSE: ________________________________________________ Roles authorized to REOPEN: _______________________________________________ Certified operator on call: __________________  Phone: __________________ Manager on call: __________________________  Phone: __________________,414,True,False,"[""diarrheal"", ""post"", ""instead"", ""this"", ""the"", ""kit"", ""before"", ""required"", ""during"", ""incident""]","{""chunk_id"": ""ch26-28-11-1"", ""chunk_id_legacy"": ""ch26-28-11-1"", ""parent_chunk_id"": null, ""fragment_type"": ""subsection"", ""level"": 3, ""chapter"": 26, ""hierarchy_path"": ""Ch26/Complete this before an incident. Post it with the response kit. Use it during an incident instead of this chapter."", ""is_regulatory"": true, ""is_stub"": false, ""token_count"": 414, ""keywords"": [""diarrheal"", ""post"", ""instead"", ""this"", ""the"", ""kit"", ""before"", ""required"", ""during"", ""incident""]}"
ch26-28-12-1,ch26-28-12-1,26,3,subsection,"Ch26/[ ] Response kit complete, sealed, and checked monthly — including high-range chlorine test capability",ch26-28-12,"[ ] Response kit complete, sealed, and checked monthly — including high-range chlorine test capability","[ ] Cyanuric acid tested weekly and within target, so a diarrheal response is executable [ ] Piping diagram marked to show which venues share a recirculation system [ ] Pool volumes verified by measurement, not memory [ ] Every staff member on duty can classify diarrhea vs. formed stool and state the first three actions [ ] Closure authority and the no-penalty rule documented and communicated [ ] Reopening authority documented, at a higher level than closing authority [ ] Contamination drill performed and documented within the last quarter [ ] Bloodborne pathogen exposure control plan current and known to staff [ ] Equipment and finish concentration limits confirmed with manufacturers",130,False,False,"[""kit"", ""including"", ""checked"", ""range"", ""capability"", ""monthly"", ""and"", ""documented"", ""complete"", ""test""]","{""chunk_id"": ""ch26-28-12-1"", ""chunk_id_legacy"": ""ch26-28-12-1"", ""parent_chunk_id"": ""ch26-28-12"", ""fragment_type"": ""subsection"", ""level"": 3, ""chapter"": 26, ""hierarchy_path"": ""Ch26/[ ] Response kit complete, sealed, and checked monthly — including high-range chlorine test capability"", ""is_regulatory"": false, ""is_stub"": false, ""token_count"": 130, ""keywords"": [""kit"", ""including"", ""checked"", ""range"", ""capability"", ""monthly"", ""and"", ""documented"", ""complete"", ""test""]}"
ch26-28-12,ch26-28-12,26,2,section,Ch26/28.12 Response decision flow,ch26-f01,28.12 Response decision flow,"Contamination observed | v CLEAR THE WATER — contaminated venue + all venues on shared system POST SIGNAGE + BARRIER + STAFF        <-- do this before anything else NOTIFY operator / management; RECORD TIME | v CLASSIFY the material | +----+----------+----------------+----------------+ |               |                |                | FORMED         DIARRHEAL          VOMIT            BLOOD STOOL          or UNCERTAIN         |                | |               |          +-----+-----+          | |               |          |           |          | |               |    non-infectious  illness-      | |               |    (stomach only)  associated    | |               |          |           |           | v               v          v           v           v 2 ppm         TEST CYA    treat as    code target  verify FC + pH 25 min        reduce if    FORMED     + FULL       in normal range pH <= 7.5     elevated     STOOL      surface      | CT ~50        |            path       disinfection  code closure |           pH <= 7.5      |          |           or >= 1 turnover |           confirm temp   |          |           | |           |              |          |           surface cleanup |           hyperchlorinate|          |           per BBP plan |           to CT ~15,300  |          |           | |           high-range test|          |           | |           hold; RESTART  |          |           | |           if it drops    |          |           | |           |              |          |           | +-----------+--------------+----------+-----------+ | v FILTER: backwash / clean / replace media TURNOVERS per code RETURN chemistry to operating range; CONFIRM BY TEST INSPECT surfaces and equipment | v REOPENING CHECKLIST (§28.9) — every box | all met? ---- NO ---> STAY CLOSED. Get an answer. | YES | v AUTHORIZED REOPENING (name, role, time, signature) DOCUMENTATION COMPLETE (§28.10) POST-INCIDENT REVIEW (§28.10.3)",436,False,False,"[""range"", ""flow"", ""test"", ""code"", ""response"", ""decision""]","{""chunk_id"": ""ch26-28-12"", ""chunk_id_legacy"": ""ch26-28-12"", ""parent_chunk_id"": ""ch26-f01"", ""fragment_type"": ""section"", ""level"": 2, ""chapter"": 26, ""hierarchy_path"": ""Ch26/28.12 Response decision flow"", ""is_regulatory"": false, ""is_stub"": false, ""token_count"": 436, ""keywords"": [""range"", ""flow"", ""test"", ""code"", ""response"", ""decision""]}"
ch29-f07,ch29,29,1,chapter,Ch29,,Chapter 29 — Drain Safety and Entrapment Prevention (VGB),Chapter 29 — Drain Safety and Entrapment Prevention (VGB),15,False,True,"[""drain"", ""safety"", ""prevention"", ""and"", ""vgb"", ""entrapment"", ""chapter""]","{""chunk_id"": ""ch29-f07"", ""chunk_id_legacy"": ""ch29"", ""parent_chunk_id"": null, ""fragment_type"": ""chapter"", ""level"": 1, ""chapter"": 29, ""hierarchy_path"": ""Ch29"", ""is_regulatory"": false, ""is_stub"": true, ""token_count"": 15, ""keywords"": [""drain"", ""safety"", ""prevention"", ""and"", ""vgb"", ""entrapment"", ""chapter""]}"
ch106-f02,ch106,106,1,chapter,Ch106,,"The Virginia Graeme Baker Pool and Spa Safety Act (VGBA, 15 U.S.C. ch. 106) makes it a federal requirement that public pools and spas have their submerged suction outlets equipped with covers/grates that conform to the applicable consumer product safety standard for suction fittings, and that facilities with a single submerged suction outlet per pump also have a secondary layer of protection.","The Virginia Graeme Baker Pool and Spa Safety Act (VGBA, 15 U.S.C. ch. 106) makes it a federal requirement that public pools and spas have their submerged suction outlets equipped with covers/grates that conform to the applicable consumer product safety standard for suction fittings, and that facilities with a single submerged suction outlet per pump also have a secondary layer of protection.",78,False,False,"[""safety"", ""baker"", ""secondary"", ""fittings"", ""federal"", ""single"", ""consumer"", ""pump"", ""outlet"", ""and""]","{""chunk_id"": ""ch106-f02"", ""chunk_id_legacy"": ""ch106"", ""parent_chunk_id"": null, ""fragment_type"": ""chapter"", ""level"": 1, ""chapter"": 106, ""hierarchy_path"": ""Ch106"", ""is_regulatory"": false, ""is_stub"": false, ""token_count"": 78, ""keywords"": [""safety"", ""baker"", ""secondary"", ""fittings"", ""federal"", ""single"", ""consumer"", ""pump"", ""outlet"", ""and""]}"
ch106-29-3-1,ch106-29-3-1,106,2,section,Ch106/29.3.1 The markings you must be able to read,ch106-f01,29.3.1 The markings you must be able to read,"Every compliant cover carries molded or stamped markings. Learn to find them, because your inspection depends on them.",21,False,False,"[""compliant"", ""must"", ""every"", ""the"", ""able"", ""markings"", ""you"", ""read"", ""them""]","{""chunk_id"": ""ch106-29-3-1"", ""chunk_id_legacy"": ""ch106-29-3-1"", ""parent_chunk_id"": ""ch106-f01"", ""fragment_type"": ""section"", ""level"": 2, ""chapter"": 106, ""hierarchy_path"": ""Ch106/29.3.1 The markings you must be able to read"", ""is_regulatory"": false, ""is_stub"": false, ""token_count"": 21, ""keywords"": [""compliant"", ""must"", ""every"", ""the"", ""able"", ""markings"", ""you"", ""read"", ""them""]}"
ch106-29-3-2,ch106-29-3-2,106,2,section,Ch106/29.3.2 Flow rating vs. actual flow — the mistake that hides in plain sight,ch106-f01,29.3.2 Flow rating vs. actual flow — the mistake that hides in plain sight,"A cover rated 60 GPM installed on an outlet carrying 90 GPM is non-compliant even though the cover is new, intact, and correctly labeled. This is one of the most common findings in real inspections.",45,False,False,"[""rated"", ""sight"", ""mistake"", ""the"", ""actual"", ""rating"", ""flow"", ""cover"", ""plain"", ""that""]","{""chunk_id"": ""ch106-29-3-2"", ""chunk_id_legacy"": ""ch106-29-3-2"", ""parent_chunk_id"": ""ch106-f01"", ""fragment_type"": ""section"", ""level"": 2, ""chapter"": 106, ""hierarchy_path"": ""Ch106/29.3.2 Flow rating vs. actual flow — the mistake that hides in plain sight"", ""is_regulatory"": false, ""is_stub"": false, ""token_count"": 45, ""keywords"": [""rated"", ""sight"", ""mistake"", ""the"", ""actual"", ""rating"", ""flow"", ""cover"", ""plain"", ""that""]}"
ch2020,ch2020,2020,1,chapter,Ch2020,,"Worked example 29.3.3-A Cover installed March 2020, marking reads ""5 year life.""","Worked example 29.3.3-A Cover installed March 2020, marking reads ""5 year life.""",24,False,False,"[""marking"", ""year"", ""worked"", ""march"", ""cover"", ""installed"", ""example"", ""reads"", ""life""]","{""chunk_id"": ""ch2020"", ""chunk_id_legacy"": ""ch2020"", ""parent_chunk_id"": null, ""fragment_type"": ""chapter"", ""level"": 1, ""chapter"": 2020, ""hierarchy_path"": ""Ch2020"", ""is_regulatory"": false, ""is_stub"": false, ""token_count"": 24, ""keywords"": [""marking"", ""year"", ""worked"", ""march"", ""cover"", ""installed"", ""example"", ""reads"", ""life""]}"
ch2020-29-3-3,ch2020-29-3-3,2020,2,section,Ch2020/29.3.3 Service-life arithmetic,ch2020,29.3.3 Service-life arithmetic,"March 2020 + 5 years = March 2025  -->  OVERDUE as of this inspection Action: the cover is non-compliant. Under this manual's rule, treat an overdue cover as a scheduled-closure item — order replacement immediately, notify management in writing, and follow your local code's direction on continued operation. Many jurisdictions require closure. If your code is silent, close.",82,False,False,"[""this"", ""march"", ""arithmetic"", ""service"", ""life"", ""overdue""]","{""chunk_id"": ""ch2020-29-3-3"", ""chunk_id_legacy"": ""ch2020-29-3-3"", ""parent_chunk_id"": ""ch2020"", ""fragment_type"": ""section"", ""level"": 2, ""chapter"": 2020, ""hierarchy_path"": ""Ch2020/29.3.3 Service-life arithmetic"", ""is_regulatory"": false, ""is_stub"": false, ""token_count"": 82, ""keywords"": [""this"", ""march"", ""arithmetic"", ""service"", ""life"", ""overdue""]}"
ch2020-29-4-1,ch2020-29-4-1,2020,2,section,"Ch2020/29.4.1 Daily visual inspection (every operating day, before opening)",ch2020,"29.4.1 Daily visual inspection (every operating day, before opening)","Perform from the deck and, where visibility is poor, with a pole-mounted mirror, underwater viewer, or by entering the water.",26,False,False,"[""every"", ""visual"", ""deck"", ""perform"", ""daily"", ""opening"", ""from"", ""operating"", ""inspection"", ""day""]","{""chunk_id"": ""ch2020-29-4-1"", ""chunk_id_legacy"": ""ch2020-29-4-1"", ""parent_chunk_id"": ""ch2020"", ""fragment_type"": ""section"", ""level"": 2, ""chapter"": 2020, ""hierarchy_path"": ""Ch2020/29.4.1 Daily visual inspection (every operating day, before opening)"", ""is_regulatory"": false, ""is_stub"": false, ""token_count"": 26, ""keywords"": [""every"", ""visual"", ""deck"", ""perform"", ""daily"", ""opening"", ""from"", ""operating"", ""inspection"", ""day""]}"
ch2020-29-4-3-1,ch2020-29-4-3-1,2020,3,subsection,"Ch2020/Never bypass, jumper, tape down, or ""temporarily"" disable a secondary system to keep a pump running. If the secondary system is inoperative on a single-outlet facility, the facility is closed.",,"Never bypass, jumper, tape down, or ""temporarily"" disable a secondary system to keep a pump running. If the secondary system is inoperative on a single-outlet facility, the facility is closed.","Physically confirm fastener torque per manufacturer instruction (typical educational target: monthly). Do not overtighten — plastic covers crack. Read and log each cover's markings: model, flow rating, installation date, expiration date. This makes §29.3.3 arithmetic a lookup instead of a dive. Verify the emergency shut-off switch for each pump: labeled, unobstructed, within the required distance of the pool/spa, and functional. Verify spa timer/blower and pump shut-off operate as intended. Photograph each outlet. A dated photo log turns ""it looked fine"" into evidence.",122,False,False,"[""secondary"", ""closed"", ""never"", ""tape"", ""single"", ""down"", ""pump"", ""inoperative"", ""outlet"", ""temporarily""]","{""chunk_id"": ""ch2020-29-4-3-1"", ""chunk_id_legacy"": ""ch2020-29-4-3-1"", ""parent_chunk_id"": null, ""fragment_type"": ""subsection"", ""level"": 3, ""chapter"": 2020, ""hierarchy_path"": ""Ch2020/Never bypass, jumper, tape down, or \""temporarily\"" disable a secondary system to keep a pump running. If the secondary system is inoperative on a single-outlet facility, the facility is closed."", ""is_regulatory"": false, ""is_stub"": false, ""token_count"": 122, ""keywords"": [""secondary"", ""closed"", ""never"", ""tape"", ""single"", ""down"", ""pump"", ""inoperative"", ""outlet"", ""temporarily""]}"
ch2020-29-4-4,ch2020-29-4-4,2020,2,section,"Ch2020/29.4.4 After any of these events, re-inspect immediately",ch2020,"29.4.4 After any of these events, re-inspect immediately","Pool drained and refilled, or any period with the outlet exposed to air/sun.",18,False,False,"[""any"", ""events"", ""drained"", ""inspect"", ""immediately"", ""these"", ""refilled"", ""pool"", ""after""]","{""chunk_id"": ""ch2020-29-4-4"", ""chunk_id_legacy"": ""ch2020-29-4-4"", ""parent_chunk_id"": ""ch2020"", ""fragment_type"": ""section"", ""level"": 2, ""chapter"": 2020, ""hierarchy_path"": ""Ch2020/29.4.4 After any of these events, re-inspect immediately"", ""is_regulatory"": false, ""is_stub"": false, ""token_count"": 18, ""keywords"": [""any"", ""events"", ""drained"", ""inspect"", ""immediately"", ""these"", ""refilled"", ""pool"", ""after""]}"
ch2020-29-5,ch2020-29-5,2020,2,section,Ch2020/29.5 Missing or broken cover = CLOSE. The procedure.,ch2020,29.5 Missing or broken cover = CLOSE. The procedure.,This is the operational core of the chapter. Memorize the sequence.,14,False,False,"[""operational"", ""this"", ""the"", ""core"", ""broken"", ""procedure"", ""cover"", ""missing"", ""close""]","{""chunk_id"": ""ch2020-29-5"", ""chunk_id_legacy"": ""ch2020-29-5"", ""parent_chunk_id"": ""ch2020"", ""fragment_type"": ""section"", ""level"": 2, ""chapter"": 2020, ""hierarchy_path"": ""Ch2020/29.5 Missing or broken cover = CLOSE. The procedure."", ""is_regulatory"": false, ""is_stub"": false, ""token_count"": 14, ""keywords"": [""operational"", ""this"", ""the"", ""core"", ""broken"", ""procedure"", ""cover"", ""missing"", ""close""]}"
ch2020-29-6,ch2020-29-6,2020,2,section,Ch2020/29.6 Documentation,ch2020,29.6 Documentation,Documentation is not paperwork; it is the only proof that the inspection happened.,15,False,False,"[""paperwork"", ""only"", ""documentation""]","{""chunk_id"": ""ch2020-29-6"", ""chunk_id_legacy"": ""ch2020-29-6"", ""parent_chunk_id"": ""ch2020"", ""fragment_type"": ""section"", ""level"": 2, ""chapter"": 2020, ""hierarchy_path"": ""Ch2020/29.6 Documentation"", ""is_regulatory"": false, ""is_stub"": false, ""token_count"": 15, ""keywords"": [""paperwork"", ""only"", ""documentation""]}"
ch2020-29-7-3,ch2020-29-7-3,2020,2,section,Ch2020/29.7.3 Interactive water features / splash pads,ch2020,29.7.3 Interactive water features / splash pads,Below-grade tanks and sumps have suction outlets too. Verify tank access covers are secured against child entry and that sump outlets are covered and listed.,30,False,False,"[""splash"", ""features"", ""below"", ""pads"", ""grade"", ""interactive"", ""water"", ""outlets""]","{""chunk_id"": ""ch2020-29-7-3"", ""chunk_id_legacy"": ""ch2020-29-7-3"", ""parent_chunk_id"": ""ch2020"", ""fragment_type"": ""section"", ""level"": 2, ""chapter"": 2020, ""hierarchy_path"": ""Ch2020/29.7.3 Interactive water features / splash pads"", ""is_regulatory"": false, ""is_stub"": false, ""token_count"": 30, ""keywords"": [""splash"", ""features"", ""below"", ""pads"", ""grade"", ""interactive"", ""water"", ""outlets""]}"
ch2020-29-7-4,ch2020-29-7-4,2020,2,section,Ch2020/29.7.4 Skimmer equalizer lines,ch2020,29.7.4 Skimmer equalizer lines,Often forgotten. An open equalizer line inside a skimmer well is a limb-entrapment hazard reachable by a child's arm. It must be fitted with a compliant cover or eliminated.,39,False,False,"[""open"", ""lines"", ""skimmer"", ""often"", ""equalizer"", ""forgotten""]","{""chunk_id"": ""ch2020-29-7-4"", ""chunk_id_legacy"": ""ch2020-29-7-4"", ""parent_chunk_id"": ""ch2020"", ""fragment_type"": ""section"", ""level"": 2, ""chapter"": 2020, ""hierarchy_path"": ""Ch2020/29.7.4 Skimmer equalizer lines"", ""is_regulatory"": false, ""is_stub"": false, ""token_count"": 39, ""keywords"": [""open"", ""lines"", ""skimmer"", ""often"", ""equalizer"", ""forgotten""]}"
ch2020-29-7-5,ch2020-29-7-5,2020,2,section,Ch2020/29.7.5 Vacuum (suction) fittings on the wall,ch2020,29.7.5 Vacuum (suction) fittings on the wall,"Must have a compliant cover or a spring-loaded, self-closing, self-latching lid, and must be closed whenever not in active use by staff.",31,False,False,"[""must"", ""the"", ""have"", ""suction"", ""fittings"", ""wall"", ""vacuum"", ""self""]","{""chunk_id"": ""ch2020-29-7-5"", ""chunk_id_legacy"": ""ch2020-29-7-5"", ""parent_chunk_id"": ""ch2020"", ""fragment_type"": ""section"", ""level"": 2, ""chapter"": 2020, ""hierarchy_path"": ""Ch2020/29.7.5 Vacuum (suction) fittings on the wall"", ""is_regulatory"": false, ""is_stub"": false, ""token_count"": 31, ""keywords"": [""must"", ""the"", ""have"", ""suction"", ""fittings"", ""wall"", ""vacuum"", ""self""]}"
ch2020-29-7-6,ch2020-29-7-6,2020,2,section,"Ch2020/29.7.6 Movable floors, in-floor cleaning systems, and pool covers",ch2020,"29.7.6 Movable floors, in-floor cleaning systems, and pool covers",Any change in floor position or cover deployment can obscure or load an outlet. Re-inspect after every reconfiguration.,23,False,False,"[""systems"", ""cleaning"", ""and"", ""floors"", ""covers"", ""position"", ""movable"", ""floor"", ""pool"", ""change""]","{""chunk_id"": ""ch2020-29-7-6"", ""chunk_id_legacy"": ""ch2020-29-7-6"", ""parent_chunk_id"": ""ch2020"", ""fragment_type"": ""section"", ""level"": 2, ""chapter"": 2020, ""hierarchy_path"": ""Ch2020/29.7.6 Movable floors, in-floor cleaning systems, and pool covers"", ""is_regulatory"": false, ""is_stub"": false, ""token_count"": 23, ""keywords"": [""systems"", ""cleaning"", ""and"", ""floors"", ""covers"", ""position"", ""movable"", ""floor"", ""pool"", ""change""]}"
ch2020-29-10-1,ch2020-29-10-1,2020,3,subsection,Ch2020/Opening with cloudy water and skipping the outlet check because the drain is not visible.,,Opening with cloudy water and skipping the outlet check because the drain is not visible.,"Call a licensed pool contractor, pool engineer, or the equipment manufacturer — not another operator — when: Flow per outlet exceeds the installed cover's rating, or you cannot determine actual flow. You cannot identify a cover's model, standard marking, or flow rating. No listed replacement cover exists for the installed sump (obsolete or custom sumps require an engineered solution or sump replacement). The sump, frame, or anchor points are damaged, corroded, or will not hold a fastener. The facility is single-outlet and you must select or replace a secondary system. An SVRS fails its function test, faults repeatedly, or nuisance-trips. Piping, pumps, or turnover are being modified. You suspect the outlet spacing does not achieve hydraulic separation. A wading pool, splash pad, or movable-floor pool needs any suction-outlet work. Any entrapment, near-entrapment, or hair-entanglement incident has occurred.",194,True,False,"[""drain"", ""skipping"", ""visible"", ""not"", ""the"", ""outlet"", ""and"", ""opening"", ""flow"", ""water""]","{""chunk_id"": ""ch2020-29-10-1"", ""chunk_id_legacy"": ""ch2020-29-10-1"", ""parent_chunk_id"": null, ""fragment_type"": ""subsection"", ""level"": 3, ""chapter"": 2020, ""hierarchy_path"": ""Ch2020/Opening with cloudy water and skipping the outlet check because the drain is not visible."", ""is_regulatory"": true, ""is_stub"": false, ""token_count"": 194, ""keywords"": [""drain"", ""skipping"", ""visible"", ""not"", ""the"", ""outlet"", ""and"", ""opening"", ""flow"", ""water""]}"
ch106-f03,ch106,106,1,chapter,Ch106,,"Virginia Graeme Baker Pool and Spa Safety Act, 15 U.S.C. Chapter 106 — federal requirement for compliant suction outlet covers at public pools and spas; secondary-protection requirement for single-outlet configurations; enumerated secondary systems (SVRS, suction-limiting vent, gravity drainage, automatic pump shut-off, disabled outlet, unblockable drain).","Virginia Graeme Baker Pool and Spa Safety Act, 15 U.S.C. Chapter 106 — federal requirement for compliant suction outlet covers at public pools and spas; secondary-protection requirement for single-outlet configurations; enumerated secondary systems (SVRS, suction-limiting vent, gravity drainage, automatic pump shut-off, disabled outlet, unblockable drain).",71,False,False,"[""safety"", ""systems"", ""disabled"", ""baker"", ""secondary"", ""drainage"", ""unblockable"", ""federal"", ""single"", ""vent""]","{""chunk_id"": ""ch106-f03"", ""chunk_id_legacy"": ""ch106"", ""parent_chunk_id"": null, ""fragment_type"": ""chapter"", ""level"": 1, ""chapter"": 106, ""hierarchy_path"": ""Ch106"", ""is_regulatory"": false, ""is_stub"": false, ""token_count"": 71, ""keywords"": [""safety"", ""systems"", ""disabled"", ""baker"", ""secondary"", ""drainage"", ""unblockable"", ""federal"", ""single"", ""vent""]}"
ch30,ch30,30,1,chapter,Ch30,,Chapter 30 — Facility Safety Checks and Emergency Readiness,Chapter 30 — Facility Safety Checks and Emergency Readiness,11,False,True,"[""safety"", ""emergency"", ""readiness"", ""and"", ""checks"", ""chapter"", ""facility""]","{""chunk_id"": ""ch30"", ""chunk_id_legacy"": ""ch30"", ""parent_chunk_id"": null, ""fragment_type"": ""chapter"", ""level"": 1, ""chapter"": 30, ""hierarchy_path"": ""Ch30"", ""is_regulatory"": false, ""is_stub"": true, ""token_count"": 11, ""keywords"": [""safety"", ""emergency"", ""readiness"", ""and"", ""checks"", ""chapter"", ""facility""]}"
ch30-30-2-1,ch30-30-2-1,30,2,section,"Ch30/30.2.1 Signs the operator verifies are present, legible, and correct",ch30,"30.2.1 Signs the operator verifies are present, legible, and correct","Verify text, condition, mounting, and location. A sign that is present but sun-bleached, obscured by a planter, or hung facing a wall is a deficiency.",36,False,False,"[""text"", ""verifies"", ""signs"", ""correct"", ""the"", ""operator"", ""and"", ""are"", ""legible"", ""verify""]","{""chunk_id"": ""ch30-30-2-1"", ""chunk_id_legacy"": ""ch30-30-2-1"", ""parent_chunk_id"": ""ch30"", ""fragment_type"": ""section"", ""level"": 2, ""chapter"": 30, ""hierarchy_path"": ""Ch30/30.2.1 Signs the operator verifies are present, legible, and correct"", ""is_regulatory"": false, ""is_stub"": false, ""token_count"": 36, ""keywords"": [""text"", ""verifies"", ""signs"", ""correct"", ""the"", ""operator"", ""and"", ""are"", ""legible"", ""verify""]}"
ch30-30-2-2,ch30-30-2-2,30,2,section,"Ch30/30.2.2 Daily signage check (60 seconds, walking the perimeter)",ch30,"30.2.2 Daily signage check (60 seconds, walking the perimeter)",Walk the full spectator/bather path from the street entrance to the water.,15,False,False,"[""the"", ""walking"", ""walk"", ""spectator"", ""daily"", ""seconds"", ""full"", ""check"", ""perimeter"", ""signage""]","{""chunk_id"": ""ch30-30-2-2"", ""chunk_id_legacy"": ""ch30-30-2-2"", ""parent_chunk_id"": ""ch30"", ""fragment_type"": ""section"", ""level"": 2, ""chapter"": 30, ""hierarchy_path"": ""Ch30/30.2.2 Daily signage check (60 seconds, walking the perimeter)"", ""is_regulatory"": false, ""is_stub"": false, ""token_count"": 15, ""keywords"": [""the"", ""walking"", ""walk"", ""spectator"", ""daily"", ""seconds"", ""full"", ""check"", ""perimeter"", ""signage""]}"
ch29-f08,ch29,29,1,chapter,Ch29,,Entrapment check. Suction outlet covers present and intact (Chapter 29).,Entrapment check. Suction outlet covers present and intact (Chapter 29).,17,False,False,"[""outlet"", ""suction"", ""and"", ""covers"", ""check"", ""intact"", ""present"", ""entrapment"", ""chapter""]","{""chunk_id"": ""ch29-f08"", ""chunk_id_legacy"": ""ch29"", ""parent_chunk_id"": null, ""fragment_type"": ""chapter"", ""level"": 1, ""chapter"": 29, ""hierarchy_path"": ""Ch29"", ""is_regulatory"": false, ""is_stub"": false, ""token_count"": 17, ""keywords"": [""outlet"", ""suction"", ""and"", ""covers"", ""check"", ""intact"", ""present"", ""entrapment"", ""chapter""]}"
ch29-30-5-2-1,ch29-30-5-2-1,29,3,subsection,"Ch29/If any of the following is true at pre-opening, do not open:",,"If any of the following is true at pre-opening, do not open:","Water clarity insufficient to see the deepest outlet. A suction outlet cover missing, broken, or loose. Disinfectant or pH outside your code's operating range and not correctable before opening. Required rescue equipment missing. Emergency phone inoperative. A required barrier or gate not securing. Required certified staff not present. No functional lighting for the operating period. A known imminent health hazard (fecal/vomit/blood contamination not yet remediated; chemical release; electrical fault; sewage backup). Log the no-go decision with reason, time, and who was notified. A documented closure is a defensible closure.",122,False,False,"[""true"", ""any"", ""required"", ""not"", ""the"", ""outlet"", ""pre"", ""opening"", ""open"", ""missing""]","{""chunk_id"": ""ch29-30-5-2-1"", ""chunk_id_legacy"": ""ch29-30-5-2-1"", ""parent_chunk_id"": null, ""fragment_type"": ""subsection"", ""level"": 3, ""chapter"": 29, ""hierarchy_path"": ""Ch29/If any of the following is true at pre-opening, do not open:"", ""is_regulatory"": false, ""is_stub"": false, ""token_count"": 122, ""keywords"": [""true"", ""any"", ""required"", ""not"", ""the"", ""outlet"", ""pre"", ""opening"", ""open"", ""missing""]}"
ch29-30-6-1,ch29-30-6-1,29,2,section,Ch29/30.6.1 The plans a facility needs in writing,ch29-f01,30.6.1 The plans a facility needs in writing,"Each plan is one page, in plain imperative language, posted where the responder stands.",17,False,False,"[""the"", ""page"", ""writing"", ""plan"", ""each"", ""plans"", ""needs"", ""facility""]","{""chunk_id"": ""ch29-30-6-1"", ""chunk_id_legacy"": ""ch29-30-6-1"", ""parent_chunk_id"": ""ch29-f01"", ""fragment_type"": ""section"", ""level"": 2, ""chapter"": 29, ""hierarchy_path"": ""Ch29/30.6.1 The plans a facility needs in writing"", ""is_regulatory"": false, ""is_stub"": false, ""token_count"": 17, ""keywords"": [""the"", ""page"", ""writing"", ""plan"", ""each"", ""plans"", ""needs"", ""facility""]}"
ch29-f09,ch29,29,1,chapter,Ch29,,Entrapment (Chapter 29),Entrapment (Chapter 29),8,False,True,"[""entrapment"", ""chapter""]","{""chunk_id"": ""ch29-f09"", ""chunk_id_legacy"": ""ch29"", ""parent_chunk_id"": null, ""fragment_type"": ""chapter"", ""level"": 1, ""chapter"": 29, ""hierarchy_path"": ""Ch29"", ""is_regulatory"": false, ""is_stub"": true, ""token_count"": 8, ""keywords"": [""entrapment"", ""chapter""]}"
ch29-30-6-2-1,ch29-30-6-2-1,29,3,subsection,Ch29/Water contamination / boil-water or do-not-use notice,,Water contamination / boil-water or do-not-use notice,"1. RECOGNIZE   — what you will see 2. ALERT       — signal (whistle pattern, radio phrase, PA code) 3. CONTROL     — clear the water, shut off equipment, isolate the area 4. ACT         — assigned roles, in order 5. CALL        — 911, then the communication tree (§30.8) 6. SECURE      — preserve scene, restrict access, do not alter equipment settings 7. DOCUMENT    — incident report, witness statements, times 8. RECOVER     — criteria to reopen, who authorizes",123,False,False,"[""not"", ""boil"", ""notice"", ""equipment"", ""what"", ""water"", ""use"", ""recognize"", ""contamination""]","{""chunk_id"": ""ch29-30-6-2-1"", ""chunk_id_legacy"": ""ch29-30-6-2-1"", ""parent_chunk_id"": null, ""fragment_type"": ""subsection"", ""level"": 3, ""chapter"": 29, ""hierarchy_path"": ""Ch29/Water contamination / boil-water or do-not-use notice"", ""is_regulatory"": false, ""is_stub"": false, ""token_count"": 123, ""keywords"": [""not"", ""boil"", ""notice"", ""equipment"", ""what"", ""water"", ""use"", ""recognize"", ""contamination""]}"
ch29-30-7-3-1,ch29-30-7-3-1,29,3,subsection,"Ch29/Gas chlorine facilities (where used): dedicated room, exterior door, viewing window, exhaust at floor level, gas detector, emergency kit, self-contained breathing apparatus with trained personnel, and coordination with the local fire department. Most facilities should not use gas chlorine without that whole package.",,"Gas chlorine facilities (where used): dedicated room, exterior door, viewing window, exhaust at floor level, gas detector, emergency kit, self-contained breathing apparatus with trained personnel, and coordination with the local fire department. Most facilities should not use gas chlorine without that whole package.","1. RECOGNIZE  — visible spill, fuming, strong odor, coughing, burning eyes, yellow-green haze, container damage 2. ALERT      — call out; radio phrase; DO NOT investigate alone 3. CONTROL    — evacuate the area and the pool deck if odor reaches it; move UPWIND and UPHILL; do not enter a fuming room; do not re-enter to retrieve anything 4. ACT        — from OUTSIDE: shut the door, do not turn ventilation on or off unless the SDS/plan directs it; account for people 5. CALL       — 911 and report a chemical release; state the chemical name and approximate quantity; then the communication tree 6. SECURE     — perimeter, upwind, no unprotected entry; hand the SDS and the inventory list to the fire officer on arrival 7. DOCUMENT   — chemical, quantity, time, weather, who was exposed, actions 8. RECOVER    — reopen only after qualified clearance; do not judge air quality by smell",214,False,False,"[""odor"", ""used"", ""window"", ""exhaust"", ""fuming"", ""trained"", ""should"", ""contained"", ""without"", ""local""]","{""chunk_id"": ""ch29-30-7-3-1"", ""chunk_id_legacy"": ""ch29-30-7-3-1"", ""parent_chunk_id"": null, ""fragment_type"": ""subsection"", ""level"": 3, ""chapter"": 29, ""hierarchy_path"": ""Ch29/Gas chlorine facilities (where used): dedicated room, exterior door, viewing window, exhaust at floor level, gas detector, emergency kit, self-contained breathing apparatus with trained personnel, and coordination with the local fire department. Most facilities should not use gas chlorine without that whole package."", ""is_regulatory"": false, ""is_stub"": false, ""token_count"": 214, ""keywords"": [""odor"", ""used"", ""window"", ""exhaust"", ""fuming"", ""trained"", ""should"", ""contained"", ""without"", ""local""]}"
ch29-30-7-4-1,ch29-30-7-4-1,29,3,subsection,"Ch29/Operator judgment line: a small, contained spill of a single known product that you are trained and equipped for, with no fuming and no mixing, may be cleaned by staff following the SDS. Any of the following makes it a call-911 event, full stop: fuming or vapor, unknown chemical, two chemicals in contact, anyone symptomatic, spill reaching a drain or the pool, quantity beyond your spill kit, or any doubt.",,"Operator judgment line: a small, contained spill of a single known product that you are trained and equipped for, with no fuming and no mixing, may be cleaned by staff following the SDS. Any of the following makes it a call-911 event, full stop: fuming or vapor, unknown chemical, two chemicals in contact, anyone symptomatic, spill reaching a drain or the pool, quantity beyond your spill kit, or any doubt.","INHALATION   — Move to fresh air immediately. Do not send anyone unprotected back in. Keep the person calm and at rest. Call 911 for any shortness of breath, coughing, chest tightness, or hoarseness. Delayed pulmonary effects are possible; EMS evaluation even if the person ""feels fine."" SKIN         — Remove contaminated clothing (cut it off rather than pulling it over the head/face). Flush with copious tepid water at the safety shower for the duration the SDS states, typical educational target minimum 15 minutes. Do not apply neutralizers or creams. EYE          — Eyewash immediately. Hold eyelids open. Flush minimum 15 minutes, or per SDS. Remove contact lenses if easily removable. Do not delay flushing to find the SDS — start water, then read. INGESTION    — Do NOT induce vomiting. Rinse mouth. Call 911 and Poison Control. Bring the container/label or SDS to EMS. ALL CASES    — Give EMS the product name and the SDS. Document exposure time, duration, flush time, and symptoms. File the injury/illness record required by your occupational safety rules.",239,False,False,"[""person"", ""full"", ""your"", ""fuming"", ""unknown"", ""known"", ""trained"", ""may"", ""chemicals"", ""single""]","{""chunk_id"": ""ch29-30-7-4-1"", ""chunk_id_legacy"": ""ch29-30-7-4-1"", ""parent_chunk_id"": null, ""fragment_type"": ""subsection"", ""level"": 3, ""chapter"": 29, ""hierarchy_path"": ""Ch29/Operator judgment line: a small, contained spill of a single known product that you are trained and equipped for, with no fuming and no mixing, may be cleaned by staff following the SDS. Any of the following makes it a call-911 event, full stop: fuming or vapor, unknown chemical, two chemicals in contact, anyone symptomatic, spill reaching a drain or the pool, quantity beyond your spill kit, or any doubt."", ""is_regulatory"": false, ""is_stub"": false, ""token_count"": 239, ""keywords"": [""person"", ""full"", ""your"", ""fuming"", ""unknown"", ""known"", ""trained"", ""may"", ""chemicals"", ""single""]}"
ch29-30-7-5,ch29-30-7-5,29,2,section,Ch29/30.7.5 EAP — chemical overfeed or off-gassing at the pool,ch29-f01,30.7.5 EAP — chemical overfeed or off-gassing at the pool,"1. Clear the water immediately and clear the deck to fresh air. 2. Shut off the chemical feeder(s). Shut off the circulation pump if the plan directs it, or if feeding continues. 3. Do not enter the equipment room if there is a chlorine odor or haze. 4. Ventilate the pool enclosure — open doors, run exhaust — from outside. 5. Call 911 if anyone is symptomatic or the odor is strong. 6. Test water only when it is safe to approach; expect extreme pH or disinfectant readings. 7. Notify the health authority. Closure is required until chemistry is verified in range and the cause is corrected. 8. Document: feeder settings, tank levels, timer/controller log, ORP/pH trend, who was in the water, symptoms reported. Indoor facilities: a chlorine odor in the natatorium is not ""the smell of a clean pool."" It is a signal — chloramines, a feed fault, or a ventilation failure. Investigate it every time.",212,False,False,"[""odor"", ""overfeed"", ""clear"", ""the"", ""off"", ""gassing"", ""water"", ""pool"", ""chemical"", ""eap""]","{""chunk_id"": ""ch29-30-7-5"", ""chunk_id_legacy"": ""ch29-30-7-5"", ""parent_chunk_id"": ""ch29-f01"", ""fragment_type"": ""section"", ""level"": 2, ""chapter"": 29, ""hierarchy_path"": ""Ch29/30.7.5 EAP — chemical overfeed or off-gassing at the pool"", ""is_regulatory"": false, ""is_stub"": false, ""token_count"": 212, ""keywords"": [""odor"", ""overfeed"", ""clear"", ""the"", ""off"", ""gassing"", ""water"", ""pool"", ""chemical"", ""eap""]}"
ch29-30-7-6,ch29-30-7-6,29,2,section,"Ch29/30.7.6 Contamination events (fecal, vomit, blood)",ch29-f01,"30.7.6 Contamination events (fecal, vomit, blood)","Have the written procedure posted; it differs sharply by contaminant type and by whether the incident is formed stool versus diarrheal, because the required remediation and closure time differ by an order of magnitude. Verify you have: the procedure, the closure signage, the calculation of required disinfectant concentration-time, a way to raise and hold that concentration, a way to verify it, and the log form. Do not improvise this one — follow your health code's remediation table.",98,False,False,"[""blood"", ""events"", ""required"", ""have"", ""fecal"", ""procedure"", ""vomit"", ""contamination""]","{""chunk_id"": ""ch29-30-7-6"", ""chunk_id_legacy"": ""ch29-30-7-6"", ""parent_chunk_id"": ""ch29-f01"", ""fragment_type"": ""section"", ""level"": 2, ""chapter"": 29, ""hierarchy_path"": ""Ch29/30.7.6 Contamination events (fecal, vomit, blood)"", ""is_regulatory"": false, ""is_stub"": false, ""token_count"": 98, ""keywords"": [""blood"", ""events"", ""required"", ""have"", ""fecal"", ""procedure"", ""vomit"", ""contamination""]}"
ch29-30-8-2-1,ch29-30-8-2-1,29,3,subsection,Ch29/Says who does NOT talk to media. One designated spokesperson; everyone else declines politely.,,Says who does NOT talk to media. One designated spokesperson; everyone else declines politely.,"INCIDENT DISCOVERED | [1] 911 / EMS / FIRE  -- immediate, no permission needed (any life threat, chemical release, fire, drowning) | [2] PERSON IN CHARGE on site (lifeguard supervisor / operator on duty) | +-----------------+------------------+ |                                    | [3] FACILITY MANAGER                  [4] IMMEDIATE FACILITY ACTIONS (primary / alternate)                 - clear & close water |                              - shut off pumps/feeders |                              - secure scene & records |                              - assign recorder | +----------+-----------+------------------+------------------+ |          |           |                  |                  | [5] OWNER  [6] LOCAL   [7] POOL/         [8] RISK MGMT /    [9] UTILITY / / GM      HEALTH       CHEMICAL           INSURANCE          POWER / DEPT.        SERVICE            CARRIER            WATER (closure,    (equipment, illness,     chemistry, injury,      spill) reporting) | [10] POISON CONTROL (chemical exposure) [11] CHEMICAL SUPPLIER 24-HOUR EMERGENCY LINE [12] DESIGNATED MEDIA SPOKESPERSON ONLY [13] PARENT/GUARDIAN or EMERGENCY CONTACT of the injured [14] LEGAL COUNSEL (as directed by owner/risk mgmt)",279,False,False,"[""designated"", ""not"", ""talk"", ""does"", ""else"", ""spokesperson"", ""politely"", ""one"", ""declines"", ""fire""]","{""chunk_id"": ""ch29-30-8-2-1"", ""chunk_id_legacy"": ""ch29-30-8-2-1"", ""parent_chunk_id"": null, ""fragment_type"": ""subsection"", ""level"": 3, ""chapter"": 29, ""hierarchy_path"": ""Ch29/Says who does NOT talk to media. One designated spokesperson; everyone else declines politely."", ""is_regulatory"": false, ""is_stub"": false, ""token_count"": 279, ""keywords"": [""designated"", ""not"", ""talk"", ""does"", ""else"", ""spokesperson"", ""politely"", ""one"", ""declines"", ""fire""]}"
ch29-30-8-5,ch29-30-8-5,29,2,section,Ch29/30.8.5 What the caller says,ch29-f01,30.8.5 What the caller says,"Script it and post it: ""This is [name] at [facility name], [street address], near [cross street]. We have [nature of emergency] involving [number] person(s). [Age/sex if known]. [Conscious/not breathing/chemical exposure to X]. We are performing [CPR / AED / flushing eyes]. Enter through the [specific gate/door]; gate code is [____]. I will stay on this line. My call-back number is [____].""",101,False,False,"[""caller"", ""name"", ""this"", ""the"", ""street"", ""says"", ""what""]","{""chunk_id"": ""ch29-30-8-5"", ""chunk_id_legacy"": ""ch29-30-8-5"", ""parent_chunk_id"": ""ch29-f01"", ""fragment_type"": ""section"", ""level"": 2, ""chapter"": 29, ""hierarchy_path"": ""Ch29/30.8.5 What the caller says"", ""is_regulatory"": false, ""is_stub"": false, ""token_count"": 101, ""keywords"": [""caller"", ""name"", ""this"", ""the"", ""street"", ""says"", ""what""]}"
ch29-30-10-1,ch29-30-10-1,29,3,subsection,"Ch29/Depth markings exist on wall and deck, at required increments and spacing, and match measured depth.",ch29-30-10,"Depth markings exist on wall and deck, at required increments and spacing, and match measured depth.","Deep/shallow demarcation line is in place with floats. Full rescue equipment set is present, mounted, unobstructed, and in serviceable condition — pole non-conductive, buoy line full length, backboard straps intact. AED ready, pads and battery in date; first aid kit stocked and unexpired. Emergency phone works and reaches 911 directly; address posted at the phone. Emergency pump shut-offs labeled, unobstructed, tested. Barriers and gates self-close and self-latch — tested today. GFCI protection tested on interval; no cords on wet decks. Water clarity, water level, and suction outlet covers verified before opening. Required certified staff on duty; certifications current and on file. Written EAPs exist for all scenarios in §30.6.1, posted where used, with roles assigned. Drills conducted, timed, debriefed, and documented on interval. SDS accessible; chemicals segregated, labeled, contained, ventilated; PPE and eyewash present and tested. Communication tree posted at the phone, two deep at every level, verified within the quarter.",228,True,False,"[""required"", ""phone"", ""deck"", ""wall"", ""and"", ""exist"", ""markings"", ""posted"", ""tested"", ""measured""]","{""chunk_id"": ""ch29-30-10-1"", ""chunk_id_legacy"": ""ch29-30-10-1"", ""parent_chunk_id"": ""ch29-30-10"", ""fragment_type"": ""subsection"", ""level"": 3, ""chapter"": 29, ""hierarchy_path"": ""Ch29/Depth markings exist on wall and deck, at required increments and spacing, and match measured depth."", ""is_regulatory"": true, ""is_stub"": false, ""token_count"": 228, ""keywords"": [""required"", ""phone"", ""deck"", ""wall"", ""and"", ""exist"", ""markings"", ""posted"", ""tested"", ""measured""]}"
ch29-30-10,ch29-30-10,29,2,section,Ch29/30.10 Key checks,ch29-f01,30.10 Key checks,"Every required sign is present, legible, unobstructed, and current — including capacity, no-diving, spa warning, and emergency numbers with the facility address.",35,False,False,"[""every"", ""required"", ""key"", ""checks"", ""sign""]","{""chunk_id"": ""ch29-30-10"", ""chunk_id_legacy"": ""ch29-30-10"", ""parent_chunk_id"": ""ch29-f01"", ""fragment_type"": ""section"", ""level"": 2, ""chapter"": 29, ""hierarchy_path"": ""Ch29/30.10 Key checks"", ""is_regulatory"": false, ""is_stub"": false, ""token_count"": 35, ""keywords"": [""every"", ""required"", ""key"", ""checks"", ""sign""]}"
ch29-f10,ch29,29,1,chapter,Ch29,,"Cross-reference: Chapter 29 (drain safety and entrapment prevention); chapters on water clarity and closure criteria, chemical handling and storage, recreational water illness and contamination response, records and recordkeeping, and staff training and supervision.","Cross-reference: Chapter 29 (drain safety and entrapment prevention); chapters on water clarity and closure criteria, chemical handling and storage, recreational water illness and contamination response, records and recordkeeping, and staff training and supervision.",47,False,False,"[""safety"", ""recordkeeping"", ""illness"", ""recreational"", ""supervision"", ""chapters"", ""closure"", ""reference"", ""prevention"", ""staff""]","{""chunk_id"": ""ch29-f10"", ""chunk_id_legacy"": ""ch29"", ""parent_chunk_id"": null, ""fragment_type"": ""chapter"", ""level"": 1, ""chapter"": 29, ""hierarchy_path"": ""Ch29"", ""is_regulatory"": false, ""is_stub"": false, ""token_count"": 47, ""keywords"": [""safety"", ""recordkeeping"", ""illness"", ""recreational"", ""supervision"", ""chapters"", ""closure"", ""reference"", ""prevention"", ""staff""]}"
ch31-f02,ch31,31,1,chapter,Ch31,,Chapter 31 — Spas and Hot-Water Venues: Special Operating Rules,Chapter 31 — Spas and Hot-Water Venues: Special Operating Rules,16,False,False,"[""venues"", ""hot"", ""spas"", ""and"", ""special"", ""operating"", ""water"", ""rules"", ""chapter""]","{""chunk_id"": ""ch31-f02"", ""chunk_id_legacy"": ""ch31"", ""parent_chunk_id"": null, ""fragment_type"": ""chapter"", ""level"": 1, ""chapter"": 31, ""hierarchy_path"": ""Ch31"", ""is_regulatory"": false, ""is_stub"": false, ""token_count"": 16, ""keywords"": [""venues"", ""hot"", ""spas"", ""and"", ""special"", ""operating"", ""water"", ""rules"", ""chapter""]}"
ch31-31-6-3,ch31-31-6-3,31,2,section,Ch31/31.6.3 Load-driven chemistry drift,ch31-f01,31.6.3 Load-driven chemistry drift,"Under load, expect:",5,False,False,"[""expect"", ""drift"", ""under"", ""chemistry"", ""load"", ""driven""]","{""chunk_id"": ""ch31-31-6-3"", ""chunk_id_legacy"": ""ch31-31-6-3"", ""parent_chunk_id"": ""ch31-f01"", ""fragment_type"": ""section"", ""level"": 2, ""chapter"": 31, ""hierarchy_path"": ""Ch31/31.6.3 Load-driven chemistry drift"", ""is_regulatory"": false, ""is_stub"": false, ""token_count"": 5, ""keywords"": [""expect"", ""drift"", ""under"", ""chemistry"", ""load"", ""driven""]}"
ch31-31-7-2-1,ch31-31-7-2-1,31,3,subsection,Ch31/Stop — lock out heater and pumps; post the spa closed.,,Stop — lock out heater and pumps; post the spa closed.,"Drain fully to waste per local discharge rules (dechlorinate if required). Clean shell, waterline, skimmer, and all surfaces. Address scale and biofilm mechanically. Remove and deep-clean or replace filter media / cartridges. Chemically clean cartridges to remove oils, not just rinse. Inspect and clean jet internals, air channels, and blower lines. Inspect suction outlet covers for VGB compliance, cracks, and secure fastening. Replace any damaged or expired cover before refilling. Refill; establish balance and residual; verify circulation and turnover.",113,False,False,"[""lock"", ""post"", ""the"", ""closed"", ""replace"", ""and"", ""stop"", ""pumps"", ""remove"", ""spa""]","{""chunk_id"": ""ch31-31-7-2-1"", ""chunk_id_legacy"": ""ch31-31-7-2-1"", ""parent_chunk_id"": null, ""fragment_type"": ""subsection"", ""level"": 3, ""chapter"": 31, ""hierarchy_path"": ""Ch31/Stop — lock out heater and pumps; post the spa closed."", ""is_regulatory"": false, ""is_stub"": false, ""token_count"": 113, ""keywords"": [""lock"", ""post"", ""the"", ""closed"", ""replace"", ""and"", ""stop"", ""pumps"", ""remove"", ""spa""]}"
ch31-31-11-1-1,ch31-31-11-1-1,31,3,subsection,"Ch31/Record every closure: reason, time closed, corrective actions, test results at reopening, time reopened, and the name of the person authorizing reopening. [S-MAHC]",,"Record every closure: reason, time closed, corrective actions, test results at reopening, time reopened, and the name of the person authorizing reopening. [S-MAHC]","[ ] Circulation and filtration confirmed running; flow rate read and recorded [ ] Water temperature measured with calibrated thermometer [ ] Free chlorine/bromine and pH tested and recorded [ ] Water clear; suction outlet clearly visible [ ] Suction outlet covers intact, secure, unexpired [ ] Emergency shutoff switch tested / verified accessible and labeled [ ] Jet and blower timers functional [ ] Signage in place: capacity, temperature warning, time limit, no-diving, no unsupervised children, health advisories [ ] Rescue equipment and first aid present [ ] Deck clean, non-slip, drains clear [ ] Chemical feed reservoirs adequate",129,False,False,"[""name"", ""person"", ""closed"", ""record"", ""closure"", ""and"", ""test"", ""time"", ""authorizing"", ""reopening""]","{""chunk_id"": ""ch31-31-11-1-1"", ""chunk_id_legacy"": ""ch31-31-11-1-1"", ""parent_chunk_id"": null, ""fragment_type"": ""subsection"", ""level"": 3, ""chapter"": 31, ""hierarchy_path"": ""Ch31/Record every closure: reason, time closed, corrective actions, test results at reopening, time reopened, and the name of the person authorizing reopening. [S-MAHC]"", ""is_regulatory"": false, ""is_stub"": false, ""token_count"": 129, ""keywords"": [""name"", ""person"", ""closed"", ""record"", ""closure"", ""and"", ""test"", ""time"", ""authorizing"", ""reopening""]}"
ch31-31-11-2,ch31-31-11-2,31,2,section,Ch31/31.11.2 During operating hours,ch31-f01,31.11.2 During operating hours,"[ ] Residual and pH tested at required interval (2 hours or per code) [ ] Test after heavy jet/blower cycles [ ] Bather count monitored against posted capacity [ ] Skimmer baskets and hair/lint pot checked [ ] Foam, cloudiness, or odor investigated immediately",57,False,False,"[""required"", ""during"", ""operating"", ""hours"", ""residual"", ""tested""]","{""chunk_id"": ""ch31-31-11-2"", ""chunk_id_legacy"": ""ch31-31-11-2"", ""parent_chunk_id"": ""ch31-f01"", ""fragment_type"": ""section"", ""level"": 2, ""chapter"": 31, ""hierarchy_path"": ""Ch31/31.11.2 During operating hours"", ""is_regulatory"": false, ""is_stub"": false, ""token_count"": 57, ""keywords"": [""required"", ""during"", ""operating"", ""hours"", ""residual"", ""tested""]}"
ch31-31-11-3,ch31-31-11-3,31,2,section,Ch31/31.11.3 Weekly,ch31-f01,31.11.3 Weekly,"[ ] Total alkalinity, calcium hardness, CYA (verify it is not accumulating), TDS [ ] Combined chlorine trend reviewed; oxidize as needed [ ] Filter differential pressure logged; clean or backwash per manufacturer [ ] Test kit reagents checked for expiration; controller calibration verified against manual test [ ] High-limit and safety interlocks visually verified [ ] Drain-and-refill interval calculated against actual bather counts",83,False,False,"[""verified"", ""against"", ""test"", ""weekly""]","{""chunk_id"": ""ch31-31-11-3"", ""chunk_id_legacy"": ""ch31-31-11-3"", ""parent_chunk_id"": ""ch31-f01"", ""fragment_type"": ""section"", ""level"": 2, ""chapter"": 31, ""hierarchy_path"": ""Ch31/31.11.3 Weekly"", ""is_regulatory"": false, ""is_stub"": false, ""token_count"": 83, ""keywords"": [""verified"", ""against"", ""test"", ""weekly""]}"
ch31-31-11-4,ch31-31-11-4,31,2,section,Ch31/31.11.4 Monthly / per interval,ch31-f01,31.11.4 Monthly / per interval,"[ ] Full drain, purge, clean, filter service, refill per §31.7 [ ] Jet internals and blower lines inspected [ ] Heater, thermostat, and high-limit function tested per manufacturer [ ] Records reviewed for gaps; corrective actions closed out [ ] Water management program reviewed for Legionella controls [S-CDC-LEG]",68,False,False,"[""drain"", ""interval"", ""monthly"", ""full"", ""reviewed"", ""per""]","{""chunk_id"": ""ch31-31-11-4"", ""chunk_id_legacy"": ""ch31-31-11-4"", ""parent_chunk_id"": ""ch31-f01"", ""fragment_type"": ""section"", ""level"": 2, ""chapter"": 31, ""hierarchy_path"": ""Ch31/31.11.4 Monthly / per interval"", ""is_regulatory"": false, ""is_stub"": false, ""token_count"": 68, ""keywords"": [""drain"", ""interval"", ""monthly"", ""full"", ""reviewed"", ""per""]}"
ch31-31-12-1,ch31-31-12-1,31,3,subsection,"Ch31/Two or more patrons report rash, ear, respiratory, or gastrointestinal illness within a short window — notify the health authority immediately, do not investigate alone.",,"Two or more patrons report rash, ear, respiratory, or gastrointestinal illness within a short window — notify the health authority immediately, do not investigate alone.","Any suspected Legionella case is associated with your facility. This is a public health investigation, not a maintenance task. You cannot hold minimum residual at design bather load even with the feeder at maximum — this indicates undersized feed equipment, inadequate turnover, or plumbing biofilm requiring assessment. Measured turnover cannot meet code after filter service and pump verification — hydraulic or equipment sizing review is needed. A suction outlet cover is missing, damaged, expired, or of unknown specification — a certified installer must address entrapment protection. The heater, thermostat, or high-limit device fails or behaves erratically — licensed gas/electrical service only. Persistent scale, staining, or corrosion that survives normal balance correction — water analysis and surface assessment.",146,False,False,"[""window"", ""illness"", ""respiratory"", ""authority"", ""within"", ""more"", ""ear"", ""short"", ""notify"", ""with""]","{""chunk_id"": ""ch31-31-12-1"", ""chunk_id_legacy"": ""ch31-31-12-1"", ""parent_chunk_id"": null, ""fragment_type"": ""subsection"", ""level"": 3, ""chapter"": 31, ""hierarchy_path"": ""Ch31/Two or more patrons report rash, ear, respiratory, or gastrointestinal illness within a short window — notify the health authority immediately, do not investigate alone."", ""is_regulatory"": false, ""is_stub"": false, ""token_count"": 146, ""keywords"": [""window"", ""illness"", ""respiratory"", ""authority"", ""within"", ""more"", ""ear"", ""short"", ""notify"", ""with""]}"
ch32-f01,ch32,32,1,chapter,Ch32,,Chapter 32A — Seasonal Closing and Winterization,Chapter 32A — Seasonal Closing and Winterization,11,False,True,"[""and"", ""closing"", ""seasonal"", ""winterization"", ""chapter""]","{""chunk_id"": ""ch32-f01"", ""chunk_id_legacy"": ""ch32"", ""parent_chunk_id"": null, ""fragment_type"": ""chapter"", ""level"": 1, ""chapter"": 32, ""hierarchy_path"": ""Ch32"", ""is_regulatory"": false, ""is_stub"": true, ""token_count"": 11, ""keywords"": [""and"", ""closing"", ""seasonal"", ""winterization"", ""chapter""]}"
ch32-f02,ch32,32,1,chapter,Ch32,,"Scope of this chapter. A field procedure for closing a pool or spa for an extended cold or off-season period, protecting the structure, the plumbing, the equipment, and the water. This chapter covers closing only. For reopening, see Chapter 32 (Restarting a Pool After a Long Period of No Use).","Scope of this chapter. A field procedure for closing a pool or spa for an extended cold or off-season period, protecting the structure, the plumbing, the equipment, and the water. This chapter covers closing only. For reopening, see Chapter 32 (Restarting a Pool After a Long Period of No Use).",63,False,False,"[""cold"", ""protecting"", ""plumbing"", ""season"", ""closing"", ""structure"", ""field"", ""and"", ""procedure"", ""equipment""]","{""chunk_id"": ""ch32-f02"", ""chunk_id_legacy"": ""ch32"", ""parent_chunk_id"": null, ""fragment_type"": ""chapter"", ""level"": 1, ""chapter"": 32, ""hierarchy_path"": ""Ch32"", ""is_regulatory"": false, ""is_stub"": false, ""token_count"": 63, ""keywords"": [""cold"", ""protecting"", ""plumbing"", ""season"", ""closing"", ""structure"", ""field"", ""and"", ""procedure"", ""equipment""]}"
ch32-31-12-1-f01,ch32-31-12-1,32,3,subsection,Ch32/Inspection duties at installation and at every mid-winter check:,,Inspection duties at installation and at every mid-winter check:,"[ ] Fabric intact — no tears, no failed seams, no UV-degraded panels [ ] All straps present, correctly tensioned, springs not fully compressed or fully extended [ ] All anchors seated, brass anchors screwed down flush where applicable, none missing or stripped [ ] No gaps at the perimeter through which a child or animal could enter [ ] Water-bag covers: bags intact, filled per instructions, not leaking, none missing [ ] Automatic cover: winterized per manual, tracks and box protected [S-MFR]",105,False,False,"[""winter"", ""every"", ""intact"", ""and"", ""fully"", ""installation"", ""inspection"", ""duties"", ""check"", ""anchors""]","{""chunk_id"": ""ch32-31-12-1-f01"", ""chunk_id_legacy"": ""ch32-31-12-1"", ""parent_chunk_id"": null, ""fragment_type"": ""subsection"", ""level"": 3, ""chapter"": 32, ""hierarchy_path"": ""Ch32/Inspection duties at installation and at every mid-winter check:"", ""is_regulatory"": false, ""is_stub"": false, ""token_count"": 105, ""keywords"": [""winter"", ""every"", ""intact"", ""and"", ""fully"", ""installation"", ""inspection"", ""duties"", ""check"", ""anchors""]}"
ch32-31-12-1-f02,ch32-31-12-1,32,3,subsection,Ch32/Equipment drained/secured list — check each and note where the plugs are:,,Equipment drained/secured list — check each and note where the plugs are:,"[ ] Chemical feeders stopped; tablets removed; feeder and lines drained [ ] Controllers powered down; probes removed and stored per manual [ ] Filter cleaned; tank drained; plug out; air relief open; gauge removed/protected [ ] Filter media condition noted (and whether replacement is due in spring) [ ] Circulation pump drained; plugs out; basket removed; lid loose [ ] Additional pumps (jet, feature, booster) drained [ ] Heater winterized per manual; gas off; power off [ ] Salt cell / chlorinator / UV / ozone drained per manual",114,False,False,"[""plugs"", ""drained"", ""the"", ""note"", ""manual"", ""and"", ""list"", ""removed"", ""equipment"", ""are""]","{""chunk_id"": ""ch32-31-12-1-f02"", ""chunk_id_legacy"": ""ch32-31-12-1"", ""parent_chunk_id"": null, ""fragment_type"": ""subsection"", ""level"": 3, ""chapter"": 32, ""hierarchy_path"": ""Ch32/Equipment drained/secured list — check each and note where the plugs are:"", ""is_regulatory"": false, ""is_stub"": false, ""token_count"": 114, ""keywords"": [""plugs"", ""drained"", ""the"", ""note"", ""manual"", ""and"", ""list"", ""removed"", ""equipment"", ""are""]}"
ch32-f03,ch32,32,1,chapter,Ch32,,"When the season reopens, go to Chapter 32 — Restarting a Pool After a Long Period of No Use and work its phases in order: safety and electrical inspection, structure and debris assessment, drain/clean/treat-in-place decision, circulation restart, chemistry rebalance sequence, clarity and disinfectant verification, and recordkeeping — including its ""Do not open until"" checklist.","When the season reopens, go to Chapter 32 — Restarting a Pool After a Long Period of No Use and work its phases in order: safety and electrical inspection, structure and debris assessment, drain/clean/treat-in-place decision, circulation restart, chemistry rebalance sequence, clarity and disinfectant verification, and recordkeeping — including its ""Do not open until"" checklist.",78,False,False,"[""safety"", ""recordkeeping"", ""open"", ""place"", ""season"", ""checklist"", ""its"", ""treat"", ""reopens"", ""decision""]","{""chunk_id"": ""ch32-f03"", ""chunk_id_legacy"": ""ch32"", ""parent_chunk_id"": null, ""fragment_type"": ""chapter"", ""level"": 1, ""chapter"": 32, ""hierarchy_path"": ""Ch32"", ""is_regulatory"": false, ""is_stub"": false, ""token_count"": 78, ""keywords"": [""safety"", ""recordkeeping"", ""open"", ""place"", ""season"", ""checklist"", ""its"", ""treat"", ""reopens"", ""decision""]}"
ch33,ch33,33,1,chapter,Ch33,,Chapter 33 — Recovery After Flood or Hurricane,Chapter 33 — Recovery After Flood or Hurricane,9,False,True,"[""recovery"", ""flood"", ""hurricane"", ""after"", ""chapter""]","{""chunk_id"": ""ch33"", ""chunk_id_legacy"": ""ch33"", ""parent_chunk_id"": null, ""fragment_type"": ""chapter"", ""level"": 1, ""chapter"": 33, ""hierarchy_path"": ""Ch33"", ""is_regulatory"": false, ""is_stub"": true, ""token_count"": 9, ""keywords"": [""recovery"", ""flood"", ""hurricane"", ""after"", ""chapter""]}"
ch32-f04,ch32,32,1,chapter,Ch32,,How this chapter relates to others. Chapter 32 covers restarting a pool after ordinary extended non-use. A flood is not ordinary non-use. Work this chapter first; it hands off to Chapter 32's verification and reopening steps only at §33.9.,How this chapter relates to others. Chapter 32 covers restarting a pool after ordinary extended non-use. A flood is not ordinary non-use. Work this chapter first; it hands off to Chapter 32's verification and reopening steps only at §33.9.,52,False,False,"[""non"", ""others"", ""flood"", ""and"", ""how"", ""use"", ""pool"", ""after"", ""relates"", ""reopening""]","{""chunk_id"": ""ch32-f04"", ""chunk_id_legacy"": ""ch32"", ""parent_chunk_id"": null, ""fragment_type"": ""chapter"", ""level"": 1, ""chapter"": 32, ""hierarchy_path"": ""Ch32"", ""is_regulatory"": false, ""is_stub"": false, ""token_count"": 52, ""keywords"": [""non"", ""others"", ""flood"", ""and"", ""how"", ""use"", ""pool"", ""after"", ""relates"", ""reopening""]}"
ch32-33-0-3-1,ch32-33-0-3-1,32,3,subsection,Ch32/The venue is closed and is an imminent health hazard. It stays closed until every gate in this chapter is cleared and the AHJ authorizes reopening where required. [S-MAHC],,The venue is closed and is an imminent health hazard. It stays closed until every gate in this chapter is cleared and the AHJ authorizes reopening where required. [S-MAHC],"[ ] Confirm the AHJ / emergency management has cleared the area for re-entry [S-EM] [ ] Confirm no active flood, surge, or rising-water forecast for the work window [ ] Confirm utility status: is power actually off at the source, is gas shut off, is the water supply under a boil-water or do-not-use advisory [S-CDC-DR] [ ] Establish who is the single incident lead, and that everyone knows who it is [ ] Confirm working communications and a route to emergency services",105,False,False,"[""authorizes"", ""closed"", ""ahj"", ""stays"", ""required"", ""and"", ""venue"", ""reopening"", ""emergency"", ""this""]","{""chunk_id"": ""ch32-33-0-3-1"", ""chunk_id_legacy"": ""ch32-33-0-3-1"", ""parent_chunk_id"": null, ""fragment_type"": ""subsection"", ""level"": 3, ""chapter"": 32, ""hierarchy_path"": ""Ch32/The venue is closed and is an imminent health hazard. It stays closed until every gate in this chapter is cleared and the AHJ authorizes reopening where required. [S-MAHC]"", ""is_regulatory"": false, ""is_stub"": false, ""token_count"": 105, ""keywords"": [""authorizes"", ""closed"", ""ahj"", ""stays"", ""required"", ""and"", ""venue"", ""reopening"", ""emergency"", ""this""]}"
ch32-33-1-3,ch32-33-1-3,32,2,section,Ch32/33.1.3 Structural and physical hazards,ch32-f01,33.1.3 Structural and physical hazards,Assess before entering the deck area or shell:,9,False,False,"[""physical"", ""assess"", ""and"", ""hazards"", ""before"", ""entering"", ""structural""]","{""chunk_id"": ""ch32-33-1-3"", ""chunk_id_legacy"": ""ch32-33-1-3"", ""parent_chunk_id"": ""ch32-f01"", ""fragment_type"": ""section"", ""level"": 2, ""chapter"": 32, ""hierarchy_path"": ""Ch32/33.1.3 Structural and physical hazards"", ""is_regulatory"": false, ""is_stub"": false, ""token_count"": 9, ""keywords"": [""physical"", ""assess"", ""and"", ""hazards"", ""before"", ""entering"", ""structural""]}"
ch32-33-1-6-1,ch32-33-1-6-1,32,3,subsection,"Ch32/STOP CONDITION. Fuming, heat, unknown mixed chemicals, or ruptured containers → evacuate the area, call the fire department and AHJ. This is not an operator task.",,"STOP CONDITION. Fuming, heat, unknown mixed chemicals, or ruptured containers → evacuate the area, call the fire department and AHJ. This is not an operator task.","Floodwater displaces snakes, rodents, fire ants, and other wildlife into pools, equipment rooms, and skimmers. Check before reaching into anything. Animal carcasses are a biohazard; bag and dispose per local direction. Standing floodwater is a mosquito breeding site. Eliminate standing water on decks, covers, and in containers as soon as safe. [S-CDC-DR] Ensure workers' tetanus status is current before wound-risk work; any puncture or laceration in floodwater conditions warrants medical attention. [S-CDC-DR] [S-OSHA]",120,False,False,"[""ahj"", ""area"", ""task"", ""unknown"", ""fuming"", ""chemicals"", ""heat"", ""before"", ""operator"", ""and""]","{""chunk_id"": ""ch32-33-1-6-1"", ""chunk_id_legacy"": ""ch32-33-1-6-1"", ""parent_chunk_id"": null, ""fragment_type"": ""subsection"", ""level"": 3, ""chapter"": 32, ""hierarchy_path"": ""Ch32/STOP CONDITION. Fuming, heat, unknown mixed chemicals, or ruptured containers → evacuate the area, call the fire department and AHJ. This is not an operator task."", ""is_regulatory"": false, ""is_stub"": false, ""token_count"": 120, ""keywords"": [""ahj"", ""area"", ""task"", ""unknown"", ""fuming"", ""chemicals"", ""heat"", ""before"", ""operator"", ""and""]}"
ch32-33-2-1,ch32-33-2-1,32,2,section,Ch32/33.2.1 What is assumed to be in the water,ch32-f01,33.2.1 What is assumed to be in the water,Assume floodwater and flood-inundated pool water contain some combination of: [S-EPA-FLOOD] [S-CDC-DR],29,True,False,"[""assumed"", ""the"", ""floodwater"", ""flood"", ""water"", ""what"", ""assume""]","{""chunk_id"": ""ch32-33-2-1"", ""chunk_id_legacy"": ""ch32-33-2-1"", ""parent_chunk_id"": ""ch32-f01"", ""fragment_type"": ""section"", ""level"": 2, ""chapter"": 32, ""hierarchy_path"": ""Ch32/33.2.1 What is assumed to be in the water"", ""is_regulatory"": true, ""is_stub"": false, ""token_count"": 29, ""keywords"": [""assumed"", ""the"", ""floodwater"", ""flood"", ""water"", ""what"", ""assume""]}"
ch32-33-3-1-1,ch32-33-3-1-1,32,3,subsection,"Ch32/Before deciding anything, establish and document the following. Where you cannot determine an answer, record ""unknown"" — and treat unknown as the worse case.",,"Before deciding anything, establish and document the following. Where you cannot determine an answer, record ""unknown"" — and treat unknown as the worse case.","[ ] Source of water: rainfall only / river or creek overflow / storm surge and saltwater / sanitary sewer overflow / septic failure / unknown [ ] Did water enter the pool shell, or only the deck and equipment room? [ ] Maximum water depth reached; high-water mark on the shell, deck, equipment pad, and panels [ ] Duration of inundation [ ] Known upstream hazards: sewage treatment works, lift stations, fuel storage, industrial sites, agricultural operations, landfills [ ] Visible sheen, odor, foam, discoloration, or floating solids [ ] Whether the public water supply was or is under a boil-water or do-not-use advisory [ ] Any AHJ or emergency-management statements about area contamination [S-EM] [ ] Photographs of everything, before any disturbance",160,False,False,"[""deciding"", ""document"", ""unknown"", ""record"", ""treat"", ""before"", ""worse"", ""anything"", ""case"", ""and""]","{""chunk_id"": ""ch32-33-3-1-1"", ""chunk_id_legacy"": ""ch32-33-3-1-1"", ""parent_chunk_id"": null, ""fragment_type"": ""subsection"", ""level"": 3, ""chapter"": 32, ""hierarchy_path"": ""Ch32/Before deciding anything, establish and document the following. Where you cannot determine an answer, record \""unknown\"" — and treat unknown as the worse case."", ""is_regulatory"": false, ""is_stub"": false, ""token_count"": 160, ""keywords"": [""deciding"", ""document"", ""unknown"", ""record"", ""treat"", ""before"", ""worse"", ""anything"", ""case"", ""and""]}"
ch32-33-3-2,ch32-33-3-2,32,2,section,Ch32/33.3.2 Classification table,ch32-f01,33.3.2 Classification table,[S-EPA-FLOOD] [S-CDC-DR] [S-MAHC],20,True,False,"[""table"", ""mahc"", ""classification"", ""flood""]","{""chunk_id"": ""ch32-33-3-2"", ""chunk_id_legacy"": ""ch32-33-3-2"", ""parent_chunk_id"": ""ch32-f01"", ""fragment_type"": ""section"", ""level"": 2, ""chapter"": 32, ""hierarchy_path"": ""Ch32/33.3.2 Classification table"", ""is_regulatory"": true, ""is_stub"": false, ""token_count"": 20, ""keywords"": [""table"", ""mahc"", ""classification"", ""flood""]}"
ch32-33-6-4,ch32-33-6-4,32,2,section,Ch32/33.6.4 Filters,ch32-f01,33.6.4 Filters,"Inspect the tank for cracks, bulges, impact damage, and clamp-band integrity.",18,False,False,"[""inspect"", ""cracks"", ""filters"", ""tank""]","{""chunk_id"": ""ch32-33-6-4"", ""chunk_id_legacy"": ""ch32-33-6-4"", ""parent_chunk_id"": ""ch32-f01"", ""fragment_type"": ""section"", ""level"": 2, ""chapter"": 32, ""hierarchy_path"": ""Ch32/33.6.4 Filters"", ""is_regulatory"": false, ""is_stub"": false, ""token_count"": 18, ""keywords"": [""inspect"", ""cracks"", ""filters"", ""tank""]}"
ch32-33-6-6-1,ch32-33-6-6-1,32,3,subsection,"Ch32/[ ] Every suction outlet cover present, correct, securely fastened, uncracked, and within service life. Debris impact commonly breaks or dislodges them. This is a fatal-hazard item. [S-MAHC]",,"[ ] Every suction outlet cover present, correct, securely fastened, uncracked, and within service life. Debris impact commonly breaks or dislodges them. This is a fatal-hazard item. [S-MAHC]","[ ] Secondary entrapment protection (SVRS, vents, gravity system) functional [ ] Piping: cracks, separated joints, movement, debris impact [ ] Valves: sediment-fouled, cracked bodies, not sealing [ ] Skimmers: cracked bodies, broken weirs, packed with sediment [ ] Gutters, surge tanks, and vaults: cleared and structurally sound [ ] Handrails, ladders, guard chairs, diving boards: anchors intact, not loosened by soil movement [ ] Deck: no voids, undermining, or heaving (from §33.1.3) [ ] Barrier and gates: continuous, self-closing, self-latching, and verified latching",143,False,False,"[""correct"", ""securely"", ""them"", ""within"", ""service"", ""life"", ""outlet"", ""and"", ""movement"", ""impact""]","{""chunk_id"": ""ch32-33-6-6-1"", ""chunk_id_legacy"": ""ch32-33-6-6-1"", ""parent_chunk_id"": null, ""fragment_type"": ""subsection"", ""level"": 3, ""chapter"": 32, ""hierarchy_path"": ""Ch32/[ ] Every suction outlet cover present, correct, securely fastened, uncracked, and within service life. Debris impact commonly breaks or dislodges them. This is a fatal-hazard item. [S-MAHC]"", ""is_regulatory"": false, ""is_stub"": false, ""token_count"": 143, ""keywords"": [""correct"", ""securely"", ""them"", ""within"", ""service"", ""life"", ""outlet"", ""and"", ""movement"", ""impact""]}"
ch32-33-6-7,ch32-33-6-7,32,2,section,Ch32/33.6.7 Additional corrosion assessment after saltwater surge,ch32-f01,33.6.7 Additional corrosion assessment after saltwater surge,"Saltwater surge (Class F6) causes accelerated corrosion that continues long after the water is gone. Rinse all metal surfaces and equipment with clean fresh water as soon as practical, where the manufacturer permits.",41,False,False,"[""assessment"", ""surge"", ""saltwater"", ""additional"", ""water"", ""after"", ""corrosion""]","{""chunk_id"": ""ch32-33-6-7"", ""chunk_id_legacy"": ""ch32-33-6-7"", ""parent_chunk_id"": ""ch32-f01"", ""fragment_type"": ""section"", ""level"": 2, ""chapter"": 32, ""hierarchy_path"": ""Ch32/33.6.7 Additional corrosion assessment after saltwater surge"", ""is_regulatory"": false, ""is_stub"": false, ""token_count"": 41, ""keywords"": [""assessment"", ""surge"", ""saltwater"", ""additional"", ""water"", ""after"", ""corrosion""]}"
ch32-33-9-1-1,ch32-33-9-1-1,32,3,subsection,"Ch32/Contact the AHJ as soon as it is safe to do so — not when you are ready to open. A flooded venue is treated as an imminent health hazard, and reopening after a flood is generally an AHJ decision, not an operator decision. [S-MAHC] [S-EM]",,"Contact the AHJ as soon as it is safe to do so — not when you are ready to open. A flooded venue is treated as an imminent health hazard, and reopening after a flood is generally an AHJ decision, not an operator decision. [S-MAHC] [S-EM]","Ask them explicitly: [ ] Is the venue's permit suspended, and what reinstates it? [ ] What is required before reopening — inspection, sampling, documentation, plan review? [ ] How many bacteriological samples, over what interval, and from which laboratory? [ ] Is any chemical or non-microbial analysis required for this contamination class? [ ] Where may contaminated water and sediment be legally discharged or disposed of? [ ] Is the public water supply potable, and is any advisory in effect? [ ] What must be replaced rather than cleaned, in their determination? [ ] Are there area-wide contamination findings that affect this site? [ ] Who signs off, and what form does that authorization take? Ask emergency management about area-wide hazards, debris disposal, and utility restoration timelines. [S-EM]",163,True,False,"[""safe"", ""soon"", ""flooded"", ""ahj"", ""flood"", ""open"", ""decision"", ""required"", ""operator"", ""and""]","{""chunk_id"": ""ch32-33-9-1-1"", ""chunk_id_legacy"": ""ch32-33-9-1-1"", ""parent_chunk_id"": null, ""fragment_type"": ""subsection"", ""level"": 3, ""chapter"": 32, ""hierarchy_path"": ""Ch32/Contact the AHJ as soon as it is safe to do so — not when you are ready to open. A flooded venue is treated as an imminent health hazard, and reopening after a flood is generally an AHJ decision, not an operator decision. [S-MAHC] [S-EM]"", ""is_regulatory"": true, ""is_stub"": false, ""token_count"": 163, ""keywords"": [""safe"", ""soon"", ""flooded"", ""ahj"", ""flood"", ""open"", ""decision"", ""required"", ""operator"", ""and""]}"
ch32-33-9-2,ch32-33-9-2,32,2,section,Ch32/33.9.2 The reopening package,ch32-f01,33.9.2 The reopening package,"Assemble a single file and provide it to the AHJ: Event documentation: dates, water source, high-water marks, duration, photographs",28,False,False,"[""assemble"", ""reopening"", ""the"", ""water"", ""single"", ""package""]","{""chunk_id"": ""ch32-33-9-2"", ""chunk_id_legacy"": ""ch32-33-9-2"", ""parent_chunk_id"": ""ch32-f01"", ""fragment_type"": ""section"", ""level"": 2, ""chapter"": 32, ""hierarchy_path"": ""Ch32/33.9.2 The reopening package"", ""is_regulatory"": false, ""is_stub"": false, ""token_count"": 28, ""keywords"": [""assemble"", ""reopening"", ""the"", ""water"", ""single"", ""package""]}"
ch32-33-9-3-1,ch32-33-9-3-1,32,3,subsection,Ch32/Life safety,,Life safety,"[ ] Licensed electrician's written clearance obtained [ ] Every GFCI test-tripped and reset successfully; submerged GFCIs replaced [ ] Bonding and grounding verified intact [ ] All submerged electrical components replaced or cleared in writing [ ] Underwater light fixtures and niches cleared; no water intrusion [ ] Licensed gas technician's clearance for all gas equipment; no submerged gas control in service [ ] Emergency shutoff functional and labeled [ ] No structural hazard outstanding: shell, deck, undermining, barriers, structures [ ] Barrier continuous; every gate self-closing, self-latching, verified latching [ ] Every suction outlet cover present, correct, secure, uncracked, unexpired [ ] Secondary entrapment protection functional",146,False,False,"[""safety"", ""submerged"", ""every"", ""licensed"", ""life""]","{""chunk_id"": ""ch32-33-9-3-1"", ""chunk_id_legacy"": ""ch32-33-9-3-1"", ""parent_chunk_id"": null, ""fragment_type"": ""subsection"", ""level"": 3, ""chapter"": 32, ""hierarchy_path"": ""Ch32/Life safety"", ""is_regulatory"": false, ""is_stub"": false, ""token_count"": 146, ""keywords"": [""safety"", ""submerged"", ""every"", ""licensed"", ""life""]}"
ch32-33-10,ch32-33-10,32,2,section,Ch32/33.10 Recordkeeping,ch32-f01,33.10 Recordkeeping,"Retain, for the period your code requires and for insurance purposes: the full reopening package (§33.9.2), every worker safety briefing, every injury report, all discharge and disposal approvals, all professional clearances and their license numbers, all correspondence with the AHJ and emergency management, and the schedule and results of post-recovery follow-up inspections.",73,False,False,"[""period"", ""every"", ""recordkeeping"", ""retain""]","{""chunk_id"": ""ch32-33-10"", ""chunk_id_legacy"": ""ch32-33-10"", ""parent_chunk_id"": ""ch32-f01"", ""fragment_type"": ""section"", ""level"": 2, ""chapter"": 32, ""hierarchy_path"": ""Ch32/33.10 Recordkeeping"", ""is_regulatory"": false, ""is_stub"": false, ""token_count"": 73, ""keywords"": [""period"", ""every"", ""recordkeeping"", ""retain""]}"
ch34-f01,ch34,34,1,chapter,Ch34,,Chapter 34 — Wildlife In and Around the Pool,Chapter 34 — Wildlife In and Around the Pool,10,False,True,"[""the"", ""and"", ""wildlife"", ""pool"", ""chapter"", ""around""]","{""chunk_id"": ""ch34-f01"", ""chunk_id_legacy"": ""ch34"", ""parent_chunk_id"": null, ""fragment_type"": ""chapter"", ""level"": 1, ""chapter"": 34, ""hierarchy_path"": ""Ch34"", ""is_regulatory"": false, ""is_stub"": true, ""token_count"": 10, ""keywords"": [""the"", ""and"", ""wildlife"", ""pool"", ""chapter"", ""around""]}"
ch34-34-0-2,ch34-34-0-2,34,2,section,Ch34/34.0.2 Pathogens of operator concern,ch34-f01,34.0.2 Pathogens of operator concern,Animal feces can introduce organisms of public-health significance into recreational water. The categories that matter operationally: [S-CDC-HS] [S-CDC-ZOO],35,False,False,"[""introduce"", ""operator"", ""concern"", ""feces"", ""pathogens"", ""animal""]","{""chunk_id"": ""ch34-34-0-2"", ""chunk_id_legacy"": ""ch34-34-0-2"", ""parent_chunk_id"": ""ch34-f01"", ""fragment_type"": ""section"", ""level"": 2, ""chapter"": 34, ""hierarchy_path"": ""Ch34/34.0.2 Pathogens of operator concern"", ""is_regulatory"": false, ""is_stub"": false, ""token_count"": 35, ""keywords"": [""introduce"", ""operator"", ""concern"", ""feces"", ""pathogens"", ""animal""]}"
ch34-34-2,ch34-34-2,34,2,section,Ch34/34.2 Prevention — eliminating attractants,ch34-f01,34.2 Prevention — eliminating attractants,This is the highest-value section in the chapter. Deterrents fail; attractant removal works.,21,False,False,"[""highest"", ""this"", ""value"", ""prevention"", ""attractants"", ""eliminating""]","{""chunk_id"": ""ch34-34-2"", ""chunk_id_legacy"": ""ch34-34-2"", ""parent_chunk_id"": ""ch34-f01"", ""fragment_type"": ""section"", ""level"": 2, ""chapter"": 34, ""hierarchy_path"": ""Ch34/34.2 Prevention — eliminating attractants"", ""is_regulatory"": false, ""is_stub"": false, ""token_count"": 21, ""keywords"": [""highest"", ""this"", ""value"", ""prevention"", ""attractants"", ""eliminating""]}"
ch34-34-2-1,ch34-34-2-1,34,2,section,Ch34/34.2.1 Eliminate standing water (site-wide),ch34-f01,34.2.1 Eliminate standing water (site-wide),Standing water is the single largest driver of both mosquito breeding and wildlife visitation. [S-VECTOR],21,False,False,"[""wide"", ""eliminate"", ""standing"", ""water"", ""site"", ""single""]","{""chunk_id"": ""ch34-34-2-1"", ""chunk_id_legacy"": ""ch34-34-2-1"", ""parent_chunk_id"": ""ch34-f01"", ""fragment_type"": ""section"", ""level"": 2, ""chapter"": 34, ""hierarchy_path"": ""Ch34/34.2.1 Eliminate standing water (site-wide)"", ""is_regulatory"": false, ""is_stub"": false, ""token_count"": 21, ""keywords"": [""wide"", ""eliminate"", ""standing"", ""water"", ""site"", ""single""]}"
ch34-34-3,ch34-34-3,34,2,section,Ch34/34.3 Humane exclusion — denying access,ch34-f01,34.3 Humane exclusion — denying access,"Apply after §34.2, not instead of it.",12,False,False,"[""access"", ""instead"", ""humane"", ""denying"", ""exclusion"", ""apply"", ""after""]","{""chunk_id"": ""ch34-34-3"", ""chunk_id_legacy"": ""ch34-34-3"", ""parent_chunk_id"": ""ch34-f01"", ""fragment_type"": ""section"", ""level"": 2, ""chapter"": 34, ""hierarchy_path"": ""Ch34/34.3 Humane exclusion — denying access"", ""is_regulatory"": false, ""is_stub"": false, ""token_count"": 12, ""keywords"": [""access"", ""instead"", ""humane"", ""denying"", ""exclusion"", ""apply"", ""after""]}"
ch34-34-6-3-1,ch34-34-6-3-1,34,3,subsection,"Ch34/The critical distinction is formed vs diarrheal, not animal vs human, and not large vs small. [S-CDC-HS] [S-MAHC]",,"The critical distinction is formed vs diarrheal, not animal vs human, and not large vs small. [S-CDC-HS] [S-MAHC]","1. Is the contamination DIARRHEAL, dispersed, or of UNKNOWN type? YES -> HIGH-RISK RESPONSE. Close the venue. Assume chlorine-tolerant protozoa may be present. Follow your code's elevated disinfection procedure (commonly hyperchlorination held for a specified CT). Notify the AHJ. Go to §34.6.5. NO  -> continue 2. Is it a CARCASS? YES -> Go to §34.7 (removal, then assess as contamination based on condition and species). NO  -> continue 3. Is the animal a species your AHJ or state advisory flags as elevated risk in recreational water (varies by jurisdiction and region)? YES -> Follow the AHJ / advisory response, which may require the elevated procedure. When in doubt, ask before deciding. NO  -> continue 4. It is FORMED animal droppings. -> STANDARD RESPONSE. Remove intact, disinfect the removal tool, raise free chlorine and hold at correct pH for the contact time your code specifies, filter, verify, then reopen. Go to §34.6.4. AT ANY POINT: - Cannot maintain the required residual for the required contact time? -> Venue stays closed. Extend or repeat. Call the AHJ. - Multiple incidents in a short period, or any associated illness reports? -> Notify the AHJ immediately. This may be an outbreak investigation, not a maintenance task.",293,False,False,"[""diarrheal"", ""elevated"", ""human"", ""not"", ""the"", ""and"", ""critical"", ""your"", ""small"", ""distinction""]","{""chunk_id"": ""ch34-34-6-3-1"", ""chunk_id_legacy"": ""ch34-34-6-3-1"", ""parent_chunk_id"": null, ""fragment_type"": ""subsection"", ""level"": 3, ""chapter"": 34, ""hierarchy_path"": ""Ch34/The critical distinction is formed vs diarrheal, not animal vs human, and not large vs small. [S-CDC-HS] [S-MAHC]"", ""is_regulatory"": false, ""is_stub"": false, ""token_count"": 293, ""keywords"": [""diarrheal"", ""elevated"", ""human"", ""not"", ""the"", ""and"", ""critical"", ""your"", ""small"", ""distinction""]}"
ch34-34-8-1,ch34-34-8-1,34,2,section,Ch34/34.8.1 Close immediately when,ch34-f01,34.8.1 Close immediately when,[S-MAHC],6,False,False,"[""immediately"", ""when"", ""close"", ""mahc""]","{""chunk_id"": ""ch34-34-8-1"", ""chunk_id_legacy"": ""ch34-34-8-1"", ""parent_chunk_id"": ""ch34-f01"", ""fragment_type"": ""section"", ""level"": 2, ""chapter"": 34, ""hierarchy_path"": ""Ch34/34.8.1 Close immediately when"", ""is_regulatory"": false, ""is_stub"": false, ""token_count"": 6, ""keywords"": [""immediately"", ""when"", ""close"", ""mahc""]}"
ch34-34-8-2,ch34-34-8-2,34,2,section,Ch34/34.8.2 Do not reopen until,ch34-f01,34.8.2 Do not reopen until,[ ] Contamination material fully removed and disposed of,10,False,False,"[""material"", ""not"", ""fully"", ""reopen"", ""until"", ""contamination""]","{""chunk_id"": ""ch34-34-8-2"", ""chunk_id_legacy"": ""ch34-34-8-2"", ""parent_chunk_id"": ""ch34-f01"", ""fragment_type"": ""section"", ""level"": 2, ""chapter"": 34, ""hierarchy_path"": ""Ch34/34.8.2 Do not reopen until"", ""is_regulatory"": false, ""is_stub"": false, ""token_count"": 10, ""keywords"": [""material"", ""not"", ""fully"", ""reopen"", ""until"", ""contamination""]}"
ch34-34-9-1,ch34-34-9-1,34,2,section,Ch34/34.9.1 Wildlife incident record,ch34-f01,34.9.1 Wildlife incident record,"For every incident, record: Date, time, and who discovered it",14,False,False,"[""wildlife"", ""every"", ""incident"", ""record""]","{""chunk_id"": ""ch34-34-9-1"", ""chunk_id_legacy"": ""ch34-34-9-1"", ""parent_chunk_id"": ""ch34-f01"", ""fragment_type"": ""section"", ""level"": 2, ""chapter"": 34, ""hierarchy_path"": ""Ch34/34.9.1 Wildlife incident record"", ""is_regulatory"": false, ""is_stub"": false, ""token_count"": 14, ""keywords"": [""wildlife"", ""every"", ""incident"", ""record""]}"
ch35-f01,ch35,35,1,chapter,Ch35,,"Chapter 35 — Records, Logs, and Working With Inspectors","Chapter 35 — Records, Logs, and Working With Inspectors",14,False,True,"[""records"", ""inspectors"", ""and"", ""logs"", ""with"", ""working"", ""chapter""]","{""chunk_id"": ""ch35-f01"", ""chunk_id_legacy"": ""ch35"", ""parent_chunk_id"": null, ""fragment_type"": ""chapter"", ""level"": 1, ""chapter"": 35, ""hierarchy_path"": ""Ch35"", ""is_regulatory"": false, ""is_stub"": true, ""token_count"": 14, ""keywords"": [""records"", ""inspectors"", ""and"", ""logs"", ""with"", ""working"", ""chapter""]}"
ch35-35-1-2,ch35-35-1-2,35,2,section,Ch35/35.1.2 Testing frequency,ch35-f01,35.1.2 Testing frequency,[S-MAHC],6,False,False,"[""testing"", ""frequency"", ""mahc""]","{""chunk_id"": ""ch35-35-1-2"", ""chunk_id_legacy"": ""ch35-35-1-2"", ""parent_chunk_id"": ""ch35-f01"", ""fragment_type"": ""section"", ""level"": 2, ""chapter"": 35, ""hierarchy_path"": ""Ch35/35.1.2 Testing frequency"", ""is_regulatory"": false, ""is_stub"": false, ""token_count"": 6, ""keywords"": [""testing"", ""frequency"", ""mahc""]}"
ch35-35-1-4,ch35-35-1-4,35,2,section,Ch35/35.1.4 Weekly and periodic chemistry,ch35-f01,35.1.4 Weekly and periodic chemistry,Recorded weekly or per code: [ ] Total alkalinity [ ] Calcium hardness,15,False,False,"[""and"", ""periodic"", ""recorded"", ""code"", ""chemistry"", ""weekly""]","{""chunk_id"": ""ch35-35-1-4"", ""chunk_id_legacy"": ""ch35-35-1-4"", ""parent_chunk_id"": ""ch35-f01"", ""fragment_type"": ""section"", ""level"": 2, ""chapter"": 35, ""hierarchy_path"": ""Ch35/35.1.4 Weekly and periodic chemistry"", ""is_regulatory"": false, ""is_stub"": false, ""token_count"": 15, ""keywords"": [""and"", ""periodic"", ""recorded"", ""code"", ""chemistry"", ""weekly""]}"
ch35-35-2,ch35-35-2,35,2,section,Ch35/35.2 Incident logs,ch35-f01,35.2 Incident logs,"Incidents require their own records, separate from the daily operating log, because they need far more detail and are retrieved independently.",25,False,False,"[""logs"", ""their"", ""incident"", ""incidents"", ""require""]","{""chunk_id"": ""ch35-35-2"", ""chunk_id_legacy"": ""ch35-35-2"", ""parent_chunk_id"": ""ch35-f01"", ""fragment_type"": ""section"", ""level"": 2, ""chapter"": 35, ""hierarchy_path"": ""Ch35/35.2 Incident logs"", ""is_regulatory"": false, ""is_stub"": false, ""token_count"": 25, ""keywords"": [""logs"", ""their"", ""incident"", ""incidents"", ""require""]}"
ch35-35-2-1,ch35-35-2-1,35,2,section,"Ch35/35.2.1 Contamination incidents (fecal, vomit, blood)",ch35-f01,"35.2.1 Contamination incidents (fecal, vomit, blood)","Record for every event: Date, time, and who discovered it",13,False,False,"[""blood"", ""every"", ""event"", ""fecal"", ""vomit"", ""record"", ""incidents"", ""contamination""]","{""chunk_id"": ""ch35-35-2-1"", ""chunk_id_legacy"": ""ch35-35-2-1"", ""parent_chunk_id"": ""ch35-f01"", ""fragment_type"": ""section"", ""level"": 2, ""chapter"": 35, ""hierarchy_path"": ""Ch35/35.2.1 Contamination incidents (fecal, vomit, blood)"", ""is_regulatory"": false, ""is_stub"": false, ""token_count"": 13, ""keywords"": [""blood"", ""every"", ""event"", ""fecal"", ""vomit"", ""record"", ""incidents"", ""contamination""]}"
ch35-35-3,ch35-35-3,35,2,section,Ch35/35.3 Chemical delivery and inventory records,ch35-f01,35.3 Chemical delivery and inventory records,"These records are frequently overlooked and frequently requested — by inspectors, by fire officials, and after any chemical incident.",22,False,False,"[""delivery"", ""records"", ""and"", ""these"", ""inventory"", ""frequently"", ""chemical""]","{""chunk_id"": ""ch35-35-3"", ""chunk_id_legacy"": ""ch35-35-3"", ""parent_chunk_id"": ""ch35-f01"", ""fragment_type"": ""section"", ""level"": 2, ""chapter"": 35, ""hierarchy_path"": ""Ch35/35.3 Chemical delivery and inventory records"", ""is_regulatory"": false, ""is_stub"": false, ""token_count"": 22, ""keywords"": [""delivery"", ""records"", ""and"", ""these"", ""inventory"", ""frequently"", ""chemical""]}"
ch35-35-3-1,ch35-35-3-1,35,2,section,Ch35/35.3.1 Delivery record,ch35-f01,35.3.1 Delivery record,For every chemical delivery: [ ] Date and time received [ ] Supplier and driver / delivery reference,19,False,False,"[""delivery"", ""record"", ""every"", ""chemical""]","{""chunk_id"": ""ch35-35-3-1"", ""chunk_id_legacy"": ""ch35-35-3-1"", ""parent_chunk_id"": ""ch35-f01"", ""fragment_type"": ""section"", ""level"": 2, ""chapter"": 35, ""hierarchy_path"": ""Ch35/35.3.1 Delivery record"", ""is_regulatory"": false, ""is_stub"": false, ""token_count"": 19, ""keywords"": [""delivery"", ""record"", ""every"", ""chemical""]}"
ch35-35-3-2,ch35-35-3-2,35,2,section,Ch35/35.3.2 Usage and inventory,ch35-f01,35.3.2 Usage and inventory,"Running inventory by product, reconciled on a set schedule Quantities used, tied to the daily log entries",21,False,False,"[""running"", ""and"", ""usage"", ""product"", ""inventory""]","{""chunk_id"": ""ch35-35-3-2"", ""chunk_id_legacy"": ""ch35-35-3-2"", ""parent_chunk_id"": ""ch35-f01"", ""fragment_type"": ""section"", ""level"": 2, ""chapter"": 35, ""hierarchy_path"": ""Ch35/35.3.2 Usage and inventory"", ""is_regulatory"": false, ""is_stub"": false, ""token_count"": 21, ""keywords"": [""running"", ""and"", ""usage"", ""product"", ""inventory""]}"
ch35-35-3-3,ch35-35-3-3,35,2,section,Ch35/35.3.3 Storage compliance records,ch35-f01,35.3.3 Storage compliance records,"[ ] Storage area inspection log — segregation of incompatibles, containers closed and intact, labels legible, no spills, ventilation functional",27,False,False,"[""records"", ""area"", ""compliance"", ""inspection"", ""storage""]","{""chunk_id"": ""ch35-35-3-3"", ""chunk_id_legacy"": ""ch35-35-3-3"", ""parent_chunk_id"": ""ch35-f01"", ""fragment_type"": ""section"", ""level"": 2, ""chapter"": 35, ""hierarchy_path"": ""Ch35/35.3.3 Storage compliance records"", ""is_regulatory"": false, ""is_stub"": false, ""token_count"": 27, ""keywords"": [""records"", ""area"", ""compliance"", ""inspection"", ""storage""]}"
ch35-35-7,ch35-35-7,35,2,section,Ch35/35.7 Self-inspection — find it before the inspector does,ch35-f01,35.7 Self-inspection — find it before the inspector does,The most effective inspection preparation is a routine self-inspection using the AHJ's own criteria.,19,False,False,"[""find"", ""the"", ""does"", ""most"", ""self"", ""effective"", ""inspection"", ""before"", ""inspector""]","{""chunk_id"": ""ch35-35-7"", ""chunk_id_legacy"": ""ch35-35-7"", ""parent_chunk_id"": ""ch35-f01"", ""fragment_type"": ""section"", ""level"": 2, ""chapter"": 35, ""hierarchy_path"": ""Ch35/35.7 Self-inspection — find it before the inspector does"", ""is_regulatory"": false, ""is_stub"": false, ""token_count"": 19, ""keywords"": [""find"", ""the"", ""does"", ""most"", ""self"", ""effective"", ""inspection"", ""before"", ""inspector""]}"
ch35-35-8-3,ch35-35-8-3,35,2,section,Ch35/35.8.3 Organize records for retrieval,ch35-f01,35.8.3 Organize records for retrieval,Structure your records so that any single item can be produced immediately. A workable structure:,18,False,False,"[""structure"", ""records"", ""organize"", ""your"", ""retrieval"", ""for""]","{""chunk_id"": ""ch35-35-8-3"", ""chunk_id_legacy"": ""ch35-35-8-3"", ""parent_chunk_id"": ""ch35-f01"", ""fragment_type"": ""section"", ""level"": 2, ""chapter"": 35, ""hierarchy_path"": ""Ch35/35.8.3 Organize records for retrieval"", ""is_regulatory"": false, ""is_stub"": false, ""token_count"": 18, ""keywords"": [""structure"", ""records"", ""organize"", ""your"", ""retrieval"", ""for""]}"
ch35-35-10-1,ch35-35-10-1,35,3,subsection,Ch35/Records — can you produce each of these in under one minute?,,Records — can you produce each of these in under one minute?,"[ ] Today's pre-opening test entry [ ] The last 30 days of operating logs, complete, with no blank cells [ ] Weekly chemistry including the CYA trend [ ] Every incident and closure in the current period, with corrective actions [ ] Chemical delivery records and current inventory [ ] SDS for every product on site [ ] Maintenance log and safety system verification records [ ] GFCI test records and suction outlet cover inspection records [ ] Facility baseline data: volume, turnover, baseline pressures [ ] Current operator and staff certifications with expiration dates [ ] Training and drill records [ ] Prior inspection report with documented corrections [ ] Self-inspection records with findings closed out",132,False,False,"[""produce"", ""with"", ""current"", ""records"", ""can"", ""minute"", ""one"", ""you"", ""under"", ""these""]","{""chunk_id"": ""ch35-35-10-1"", ""chunk_id_legacy"": ""ch35-35-10-1"", ""parent_chunk_id"": null, ""fragment_type"": ""subsection"", ""level"": 3, ""chapter"": 35, ""hierarchy_path"": ""Ch35/Records — can you produce each of these in under one minute?"", ""is_regulatory"": false, ""is_stub"": false, ""token_count"": 132, ""keywords"": [""produce"", ""with"", ""current"", ""records"", ""can"", ""minute"", ""one"", ""you"", ""under"", ""these""]}"
ch36,ch36,36,1,chapter,Ch36,,Chapter 36 — Risk Awareness for Operators,Chapter 36 — Risk Awareness for Operators,8,False,True,"[""awareness"", ""risk"", ""operators"", ""for"", ""chapter""]","{""chunk_id"": ""ch36"", ""chunk_id_legacy"": ""ch36"", ""parent_chunk_id"": null, ""fragment_type"": ""chapter"", ""level"": 1, ""chapter"": 36, ""hierarchy_path"": ""Ch36"", ""is_regulatory"": false, ""is_stub"": true, ""token_count"": 8, ""keywords"": [""awareness"", ""risk"", ""operators"", ""for"", ""chapter""]}"
ch36-36-1-4-1-f01,ch36-36-1-4-1,36,3,subsection,"Ch36/Near misses are free information. A gate found propped open is the same failure as the one in a fatality — it just did not line up with the others that day. Treat near misses as seriously as incidents, because the only difference between them is luck, and luck is not a control.",,"Near misses are free information. A gate found propped open is the same failure as the one in a fatality — it just did not line up with the others that day. Treat near misses as seriously as incidents, because the only difference between them is luck, and luck is not a control.","This is the most important idea in the chapter. A shortcut gets taken once because of time pressure. Nothing bad happens. It gets taken again. Nothing happens. Within months it is simply how the venue operates, and nobody remembers it was ever a deviation. The absence of consequences is read as evidence of safety, when it was only ever evidence of luck. It sounds like: ""We've always run it that way."" ""The controller's close enough."" ""We test twice a day, that's been fine."" ""That gate sticks, everyone knows to pull it."" ""We don't have time for the full contact time, and nobody's ever gotten sick."" ""The inspector never looks at that.""",141,False,False,"[""did"", ""others"", ""open"", ""found"", ""control"", ""them"", ""treat"", ""line"", ""and"", ""seriously""]","{""chunk_id"": ""ch36-36-1-4-1-f01"", ""chunk_id_legacy"": ""ch36-36-1-4-1"", ""parent_chunk_id"": null, ""fragment_type"": ""subsection"", ""level"": 3, ""chapter"": 36, ""hierarchy_path"": ""Ch36/Near misses are free information. A gate found propped open is the same failure as the one in a fatality — it just did not line up with the others that day. Treat near misses as seriously as incidents, because the only difference between them is luck, and luck is not a control."", ""is_regulatory"": false, ""is_stub"": false, ""token_count"": 141, ""keywords"": [""did"", ""others"", ""open"", ""found"", ""control"", ""them"", ""treat"", ""line"", ""and"", ""seriously""]}"
ch36-36-1-4-1-f02,ch36-36-1-4-1,36,3,subsection,Ch36/Countermeasures:,,Countermeasures:,"Self-inspect against the AHJ's own criteria, on a schedule, honestly. Treat a procedure you have drifted from as a finding, not a preference. Ask new staff what seems strange to them — they can still see it, and they lose that ability within weeks. When someone says ""we've always done it this way,"" treat that as a prompt to check the requirement, not as an answer. Log near misses. If your near-miss log is empty, you are not looking.",100,False,False,"[""countermeasures"", ""they"", ""treat"", ""that""]","{""chunk_id"": ""ch36-36-1-4-1-f02"", ""chunk_id_legacy"": ""ch36-36-1-4-1"", ""parent_chunk_id"": null, ""fragment_type"": ""subsection"", ""level"": 3, ""chapter"": 36, ""hierarchy_path"": ""Ch36/Countermeasures:"", ""is_regulatory"": false, ""is_stub"": false, ""token_count"": 100, ""keywords"": [""countermeasures"", ""they"", ""treat"", ""that""]}"
ch36-36-1-5,ch36-36-1-5,36,2,section,Ch36/36.1.5 Production pressure,ch36,36.1.5 Production pressure,"Every operator faces it: revenue, a swim meet, a rental, a complaining patron, a supervisor who wants the venue open. Pressure to keep water available is constant and legitimate — the venue exists to be used.",43,False,False,"[""every"", ""production"", ""operator"", ""venue"", ""pressure""]","{""chunk_id"": ""ch36-36-1-5"", ""chunk_id_legacy"": ""ch36-36-1-5"", ""parent_chunk_id"": ""ch36"", ""fragment_type"": ""section"", ""level"": 2, ""chapter"": 36, ""hierarchy_path"": ""Ch36/36.1.5 Production pressure"", ""is_regulatory"": false, ""is_stub"": false, ""token_count"": 43, ""keywords"": [""every"", ""production"", ""operator"", ""venue"", ""pressure""]}"
ch35-f02,ch35,35,1,chapter,Ch35,,"Chapter 35 covers what to record. This section covers why it protects you, because operators who understand the why keep better records.","Chapter 35 covers what to record. This section covers why it protects you, because operators who understand the why keep better records.",26,False,False,"[""records"", ""this"", ""the"", ""protects"", ""better"", ""operators"", ""you"", ""record"", ""section"", ""covers""]","{""chunk_id"": ""ch35-f02"", ""chunk_id_legacy"": ""ch35"", ""parent_chunk_id"": null, ""fragment_type"": ""chapter"", ""level"": 1, ""chapter"": 35, ""hierarchy_path"": ""Ch35"", ""is_regulatory"": false, ""is_stub"": false, ""token_count"": 26, ""keywords"": [""records"", ""this"", ""the"", ""protects"", ""better"", ""operators"", ""you"", ""record"", ""section"", ""covers""]}"
ch35-36-4-2,ch35-36-4-2,35,2,section,Ch35/36.4.2 The honest questions,ch35-f01,36.4.2 The honest questions,"For conditions that are genuinely judgment calls, three questions work better than any checklist:",16,False,False,"[""the"", ""honest"", ""questions"", ""that"", ""genuinely"", ""conditions""]","{""chunk_id"": ""ch35-36-4-2"", ""chunk_id_legacy"": ""ch35-36-4-2"", ""parent_chunk_id"": ""ch35-f01"", ""fragment_type"": ""section"", ""level"": 2, ""chapter"": 35, ""hierarchy_path"": ""Ch35/36.4.2 The honest questions"", ""is_regulatory"": false, ""is_stub"": false, ""token_count"": 16, ""keywords"": [""the"", ""honest"", ""questions"", ""that"", ""genuinely"", ""conditions""]}"
ch35-36-5-4,ch35-36-5-4,35,2,section,Ch35/36.5.4 The hard truth about this position,ch35-f01,36.5.4 The hard truth about this position,"Standing on a closure decision can be genuinely costly. People have been pressured, sidelined, and in some cases lost jobs over it.",26,False,False,"[""closure"", ""standing"", ""this"", ""the"", ""truth"", ""about"", ""position"", ""hard"", ""decision""]","{""chunk_id"": ""ch35-36-5-4"", ""chunk_id_legacy"": ""ch35-36-5-4"", ""parent_chunk_id"": ""ch35-f01"", ""fragment_type"": ""section"", ""level"": 2, ""chapter"": 35, ""hierarchy_path"": ""Ch35/36.5.4 The hard truth about this position"", ""is_regulatory"": false, ""is_stub"": false, ""token_count"": 26, ""keywords"": [""closure"", ""standing"", ""this"", ""the"", ""truth"", ""about"", ""position"", ""hard"", ""decision""]}"
ch35-36-5-5,ch35-36-5-5,35,2,section,Ch35/36.5.5 If you are the one being escalated to,ch35-f01,36.5.5 If you are the one being escalated to,"If you supervise operators, your conduct in these moments determines whether the escalation path functions at all.",19,False,False,"[""the"", ""supervise"", ""being"", ""your"", ""operators"", ""one"", ""you"", ""escalated"", ""are""]","{""chunk_id"": ""ch35-36-5-5"", ""chunk_id_legacy"": ""ch35-36-5-5"", ""parent_chunk_id"": ""ch35-f01"", ""fragment_type"": ""section"", ""level"": 2, ""chapter"": 35, ""hierarchy_path"": ""Ch35/36.5.5 If you are the one being escalated to"", ""is_regulatory"": false, ""is_stub"": false, ""token_count"": 19, ""keywords"": [""the"", ""supervise"", ""being"", ""your"", ""operators"", ""one"", ""you"", ""escalated"", ""are""]}"
ch35-f03,ch35,35,1,chapter,Ch35,,"Beyond routine records (Chapter 35), ensure the following exist:","Beyond routine records (Chapter 35), ensure the following exist:",13,False,True,"[""ensure"", ""records"", ""the"", ""exist"", ""routine"", ""beyond"", ""following"", ""chapter""]","{""chunk_id"": ""ch35-f03"", ""chunk_id_legacy"": ""ch35"", ""parent_chunk_id"": null, ""fragment_type"": ""chapter"", ""level"": 1, ""chapter"": 35, ""hierarchy_path"": ""Ch35"", ""is_regulatory"": false, ""is_stub"": true, ""token_count"": 13, ""keywords"": [""ensure"", ""records"", ""the"", ""exist"", ""routine"", ""beyond"", ""following"", ""chapter""]}"
ch35-36-10-1,ch35-36-10-1,35,3,subsection,"Ch35/Close first, resolve afterward.",,"Close first, resolve afterward.","[ ] Disinfectant residual outside code range and not immediately correctable [ ] pH outside code range [ ] Water clarity insufficient — main drain not clearly visible [ ] Circulation or filtration not operating [ ] Chemical feed not proven by flow interlock [ ] Suction outlet cover missing, broken, unapproved, or expired [ ] Secondary entrapment protection non-functional where required [ ] Barrier or gate defeated at an unsupervised venue [ ] GFCI that will not trip; damaged bonding; flooded light niche [ ] Spa temperature above code maximum [ ] Fecal, vomit, or blood contamination not fully responded to [ ] Required contact time not achieved or residual not held [ ] Required supervision absent [ ] Suspected gas leak or chemical release [ ] Illness reports plausibly linked to the venue [ ] Structural hazard, entrapment hazard, or electrical hazard of any kind",179,False,False,"[""required"", ""first"", ""afterward"", ""resolve"", ""hazard"", ""code"", ""close""]","{""chunk_id"": ""ch35-36-10-1"", ""chunk_id_legacy"": ""ch35-36-10-1"", ""parent_chunk_id"": null, ""fragment_type"": ""subsection"", ""level"": 3, ""chapter"": 35, ""hierarchy_path"": ""Ch35/Close first, resolve afterward."", ""is_regulatory"": false, ""is_stub"": false, ""token_count"": 179, ""keywords"": [""required"", ""first"", ""afterward"", ""resolve"", ""hazard"", ""code"", ""close""]}"
ch6-f02,ch6,6,1,chapter,Ch6,,Educational summary — follow local code and product labels. Constants consistent with Chapter 6.,Educational summary — follow local code and product labels. Constants consistent with Chapter 6.,18,False,False,"[""local"", ""constants"", ""and"", ""consistent"", ""educational"", ""code"", ""follow"", ""with"", ""summary"", ""product""]","{""chunk_id"": ""ch6-f02"", ""chunk_id_legacy"": ""ch6"", ""parent_chunk_id"": null, ""fragment_type"": ""chapter"", ""level"": 1, ""chapter"": 6, ""hierarchy_path"": ""Ch6"", ""is_regulatory"": false, ""is_stub"": false, ""token_count"": 18, ""keywords"": [""local"", ""constants"", ""and"", ""consistent"", ""educational"", ""code"", ""follow"", ""with"", ""summary"", ""product""]}"
ch6-36-10-1-f01,ch6-36-10-1,6,3,subsection,Ch6/Educational summary — follow local code and product labels.,,Educational summary — follow local code and product labels.,"Never mix chemicals, or add two products in one dosing event Never add water to product — always product into water Never store incompatible chemicals together Never use an unlabeled or unidentifiable product Never use a product inconsistently with its label Never dose into a system without proven circulation Never dry-start a pump Never energize submerged electrical equipment Never operate a breaker or panel while standing in water Never run a generator indoors or in an equipment room Never relight or fire a submerged heater Never enter opaque water on foot Never enter a below-grade vault or filter room without confined-space procedure Never handle wildlife, live or dead, with bare hands Never handle or attempt to identify a snake Never disturb an active bird nest Never dry-sweep or power-wash animal waste or flood sediment Never drain a pool for a fecal incident Never falsify, backfill, or destroy a record Never reopen under a closure order Never open a venue because closing is inconvenient",185,False,False,"[""local"", ""and"", ""never"", ""educational"", ""code"", ""follow"", ""water"", ""summary"", ""product"", ""labels""]","{""chunk_id"": ""ch6-36-10-1-f01"", ""chunk_id_legacy"": ""ch6-36-10-1"", ""parent_chunk_id"": null, ""fragment_type"": ""subsection"", ""level"": 3, ""chapter"": 6, ""hierarchy_path"": ""Ch6/Educational summary — follow local code and product labels."", ""is_regulatory"": false, ""is_stub"": false, ""token_count"": 185, ""keywords"": [""local"", ""and"", ""never"", ""educational"", ""code"", ""follow"", ""water"", ""summary"", ""product"", ""labels""]}"
ch6-36-10-1-f02,ch6-36-10-1,6,3,subsection,Ch6/Appendix B — Topic Map to MAHC Concepts,,Appendix B — Topic Map to MAHC Concepts,"Purpose. A navigational bridge between this manual's topics and the corresponding themes in the CDC Model Aquatic Health Code (MAHC), so an operator studying a topic here can find the related material there. This map is not a legal substitute. The MAHC is a model code. It is guidance developed by CDC with stakeholder input; it is not federal law and has no legal force on its own. It becomes enforceable only where a state, county, or municipality adopts it — in whole, in part, or with modifications. Many jurisdictions have not adopted it at all and operate under their own code. Your enforceable requirements come from your local health code and your AHJ. Neither this manual nor the MAHC overrides them. Use this map to find related concepts and build understanding — never to determine compliance. On section numbers. This map deliberately references themes and module-level areas rather than specific section numbers. MAHC numbering has changed across editions, and a citation to a stale section number is worse than no citation — it looks authoritative and sends the reader to the wrong place. Verify against the current edition at the CDC MAHC page before relying on any locator. How to use this map. Find your topic in the left column. The right column tells you which area of the MAHC to search and what concepts to look for. Then read the MAHC's Annex for that area — the Annex carries the technical rationale, and it is generally more useful to an operator trying to understand why than the code language itself. B.1 MAHC structure at a glance The MAHC is organized into broad modules. As a general orientation: The Annex is the operator's most useful part of the document and is frequently overlooked. B.2 Topic map",350,True,False,"[""concepts"", ""this"", ""code"", ""appendix"", ""mahc"", ""topic"", ""map""]","{""chunk_id"": ""ch6-36-10-1-f02"", ""chunk_id_legacy"": ""ch6-36-10-1"", ""parent_chunk_id"": null, ""fragment_type"": ""subsection"", ""level"": 3, ""chapter"": 6, ""hierarchy_path"": ""Ch6/Appendix B — Topic Map to MAHC Concepts"", ""is_regulatory"": true, ""is_stub"": false, ""token_count"": 350, ""keywords"": [""concepts"", ""this"", ""code"", ""appendix"", ""mahc"", ""topic"", ""map""]}"
ch6-36-10-1-f03,ch6-36-10-1,6,3,subsection,Ch6/Chapter numbers are given where this manual's numbering is settled. Rows without a chapter number are mapped by topic; pin them to your chapter numbering during the manual's cross-reference cleanup pass.,,Chapter numbers are given where this manual's numbering is settled. Rows without a chapter number are mapped by topic; pin them to your chapter numbering during the manual's cross-reference cleanup pass.,"B.2.1 Water chemistry and disinfection B.2.2 Circulation, filtration, and hydraulics B.2.3 Water clarity and physical condition B.2.4 Spas and increased-risk venues (Ch. 31) B.2.5 Contamination response B.2.6 Facility safety systems B.2.7 Staffing, supervision, and emergency preparedness B.2.8 Chemical safety and storage B.2.9 Facility lifecycle — closing, restart, and disaster (Ch. 32, 32A, 33) B.2.10 Wildlife and contamination sources (Ch. 34) B.2.11 Records and inspection (Ch. 35) B.2.12 Risk awareness (Ch. 36) B.3 Where the MAHC does not reach Being explicit about the gaps prevents an operator from assuming MAHC coverage where none exists. The following areas in this manual are not primarily MAHC-derived: B.4 Practical guidance for using the MAHC Read the Annex alongside the code. The Annex explains the reasoning, and reasoning is what transfers to situations the code did not anticipate. Confirm what your jurisdiction actually adopted. Ask your AHJ directly: adopted in full, in part, modified, or not at all. This single question changes how you should read everything. Do not cite the MAHC as authority to your AHJ unless you have confirmed they adopted it. In a jurisdiction that has not, it carries no weight. Watch for edition changes. The MAHC is revised periodically. Verify you are reading the current edition, and re-verify any locator you have written down. Where your local code is silent, the MAHC is a reasonable and defensible reference for a good-practice standard — but confirm with the AHJ rather than assuming. Where your local code is stricter, the local code wins. Always. B.5 Sources for this appendix This map is a study aid. It is not a compliance tool, and it is not a legal substitute for your local health code.",417,True,False,"[""pass"", ""your"", ""them"", ""settled"", ""without"", ""reference"", ""during"", ""numbers"", ""mapped"", ""are""]","{""chunk_id"": ""ch6-36-10-1-f03"", ""chunk_id_legacy"": ""ch6-36-10-1"", ""parent_chunk_id"": null, ""fragment_type"": ""subsection"", ""level"": 3, ""chapter"": 6, ""hierarchy_path"": ""Ch6/Chapter numbers are given where this manual's numbering is settled. Rows without a chapter number are mapped by topic; pin them to your chapter numbering during the manual's cross-reference cleanup pass."", ""is_regulatory"": true, ""is_stub"": false, ""token_count"": 417, ""keywords"": [""pass"", ""your"", ""them"", ""settled"", ""without"", ""reference"", ""during"", ""numbers"", ""mapped"", ""are""]}"
ch6-36-10-1-f04,ch6-36-10-1,6,3,subsection,Ch6/Appendix C — Sources and Further Reading,,Appendix C — Sources and Further Reading,"Purpose. The consolidated citation list for the manual, grouped by issuing body, plus the master source-ID registry used across chapters. On URLs. Stable public landing pages are given where they exist. Agency websites are reorganized regularly, and deep links break. Every URL below should be treated as a starting point to be verified, not as a permanent locator. Where a link fails, search the agency's site for the document title. Verify all URLs and confirm you are reading the current edition of any document before relying on it. Exclusion note — read this. Commercial certification handbooks, training-provider course texts, exam preparation materials, and proprietary operator manuals are intentionally excluded as source texts for this manual. No such material was used or paraphrased in writing any chapter. This manual is original operator instruction built from public-domain government guidance, publicly available consensus-standard identifiers, and openly published scientific literature. This exclusion is deliberate and has a consequence worth stating plainly: this manual is not a substitute for a recognized operator certification course, and it does not prepare a candidate for any specific certification examination. Many jurisdictions require a certified operator. Obtain that certification through an accepted provider; use this manual as reference and field guidance alongside it. C.1 Master source-ID registry Every source ID used across the manual, consolidated. Where earlier chapters introduced overlapping IDs for related CDC material, the preferred ID column indicates the consolidated label; treat the deprecated ones as aliases during the cross-reference cleanup pass.",292,True,False,"[""this"", ""source"", ""and"", ""reading"", ""appendix"", ""further"", ""sources"", ""manual""]","{""chunk_id"": ""ch6-36-10-1-f04"", ""chunk_id_legacy"": ""ch6-36-10-1"", ""parent_chunk_id"": null, ""fragment_type"": ""subsection"", ""level"": 3, ""chapter"": 6, ""hierarchy_path"": ""Ch6/Appendix C — Sources and Further Reading"", ""is_regulatory"": true, ""is_stub"": false, ""token_count"": 292, ""keywords"": [""this"", ""source"", ""and"", ""reading"", ""appendix"", ""further"", ""sources"", ""manual""]}"
ch31-f03,ch31,31,1,chapter,Ch31,,"Consolidation note. S-CDC-HT was introduced in Chapter 31 for hot tub guidance that is, in substance, part of the CDC Healthy Swimming body covered by S-CDC-HS. Retiring it in favor of S-CDC-HS removes a distinction that produces duplicate retrieval hits without adding meaning. S-CDC-RWI is retained separately because outbreak surveillance data is genuinely a distinct publication type from prevention guidance.","Consolidation note. S-CDC-HT was introduced in Chapter 31 for hot tub guidance that is, in substance, part of the CDC Healthy Swimming body covered by S-CDC-HS. Retiring it in favor of S-CDC-HS removes a distinction that produces duplicate retrieval hits without adding meaning. S-CDC-RWI is retained separately because outbreak surveillance data is genuinely a distinct publication type from prevention guidance.",85,True,False,"[""healthy"", ""data"", ""produces"", ""introduced"", ""hot"", ""removes"", ""meaning"", ""publication"", ""swimming"", ""genuinely""]","{""chunk_id"": ""ch31-f03"", ""chunk_id_legacy"": ""ch31"", ""parent_chunk_id"": null, ""fragment_type"": ""chapter"", ""level"": 1, ""chapter"": 31, ""hierarchy_path"": ""Ch31"", ""is_regulatory"": true, ""is_stub"": false, ""token_count"": 85, ""keywords"": [""healthy"", ""data"", ""produces"", ""introduced"", ""hot"", ""removes"", ""meaning"", ""publication"", ""swimming"", ""genuinely""]}"
ch31-36-10,ch31-36-10,31,2,section,Ch31/36.10 Sources used in this chapter,ch31-f01,36.10 Sources used in this chapter,"C.2 CDC — Centers for Disease Control and Prevention The primary source body for this manual. CDC materials are generally in the public domain. C.2.1 Model Aquatic Health Code CDC Model Aquatic Health Code (MAHC) and MAHC Annex The model code and its accompanying technical rationale. A model document with no legal force except where adopted by a jurisdiction. https://www.cdc.gov/model-aquatic-health-code/ Look for: the current edition of the code, the Annex, the change log between editions, and the Council for the Model Aquatic Health Code (CMAHC) materials describing the revision process. Used for: disinfectant residual and pH ranges, turnover, water clarity standard, spa-specific requirements, cyanuric acid limits, suction outlet and entrapment protection, barriers, contamination response, imminent health hazard and closure, bather capacity, recordkeeping, inspection framework. Referenced throughout the manual. C.2.2 Healthy Swimming CDC Healthy Swimming program Prevention guidance for recreational water illness, aimed at both operators and the public. https://www.cdc.gov/healthy-swimming/ Look for: fecal incident response guidance, hyperchlorination and CT tables, chlorine and pH guidance, cyanuric acid effects, hot tub and spa guidance, operator resources. Used for: the formed-versus-diarrheal distinction, CT concept, effects of pH and CYA on disinfection, chlorine tolerance of Cryptosporidium and Giardia, hot tub rash and Pseudomonas, general RWI prevention. C.2.3 Recreational water illness surveillance CDC recreational water–associated outbreak surveillance Periodic surveillance summaries published through CDC's Morbidity and Mortality Weekly Report (MMWR) and related channels, reporting outbreak causes, settings, and etiologic agents. https://www.cdc.gov/mmwr/ Used for: outbreak burden, the predominance of Cryptosporidium in treated-water outbreaks, the association of hot tubs with Pseudomonas and Legionella, underreporting of RWI, disinfection failure as a recurring finding. C.2.4 Legionella",436,True,False,"[""used"", ""this"", ""model"", ""health"", ""code"", ""sources"", ""chapter""]","{""chunk_id"": ""ch31-36-10"", ""chunk_id_legacy"": ""ch31-36-10"", ""parent_chunk_id"": ""ch31-f01"", ""fragment_type"": ""section"", ""level"": 2, ""chapter"": 31, ""hierarchy_path"": ""Ch31/36.10 Sources used in this chapter"", ""is_regulatory"": true, ""is_stub"": false, ""token_count"": 436, ""keywords"": [""used"", ""this"", ""model"", ""health"", ""code"", ""sources"", ""chapter""]}"
ch34-f02,ch34,34,1,chapter,Ch34,,"Used for: the prohibition in Chapter 34 on disturbing nests, eggs, or protected species without lawful authorization.","Used for: the prohibition in Chapter 34 on disturbing nests, eggs, or protected species without lawful authorization.",22,False,False,"[""species"", ""nests"", ""used"", ""eggs"", ""protected"", ""the"", ""disturbing"", ""lawful"", ""authorization"", ""prohibition""]","{""chunk_id"": ""ch34-f02"", ""chunk_id_legacy"": ""ch34"", ""parent_chunk_id"": null, ""fragment_type"": ""chapter"", ""level"": 1, ""chapter"": 34, ""hierarchy_path"": ""Ch34"", ""is_regulatory"": false, ""is_stub"": false, ""token_count"": 22, ""keywords"": [""species"", ""nests"", ""used"", ""eggs"", ""protected"", ""the"", ""disturbing"", ""lawful"", ""authorization"", ""prohibition""]}"
ch34-36-10-1,ch34-36-10-1,34,3,subsection,"Ch34/Action item: build a one-page contact sheet with all of the above, post it in the equipment room, and keep a copy off site. Chapters 32A, 33, and 35 all depend on it.",,"Action item: build a one-page contact sheet with all of the above, post it in the equipment room, and keep a copy off site. Chapters 32A, 33, and 35 all depend on it.","C.9 Further reading and professional development Operator certification. Many jurisdictions require a certified pool operator. Obtain certification through a provider your AHJ accepts. This manual does not substitute for it (see the exclusion note above). The MAHC Annex. The most useful single document for an operator who wants to understand reasoning rather than memorize values. CDC Healthy Swimming operator resources. Practical, free, and current. Your AHJ's inspection form and any operator guidance they publish. Free, and specific to you. Equipment manufacturer manuals. Obtain and file the manual for every major component (Ch. 35 §35.4.3). These are the controlling documents for equipment procedures, and they are routinely missing when they are needed. Professional associations. Aquatic industry associations offer conferences, technical resources, and peer networks. Evaluate their materials on their merits; note that association training texts are commercial materials excluded as sources here, which is a statement about this manual's sourcing discipline, not a judgment on their quality. C.10 How to cite this manual This manual is original operator instruction assembled from the public sources above. It is: Not a legal document Not a code, and not a substitute for one Not a certification course or exam preparation material Not legal, engineering, medical, or financial advice It is a field reference. Local health code, the authority having jurisdiction, product labels, and equipment manufacturer instructions control in every case. C.11 Verification and maintenance of this appendix Sources change. Assign an owner and a review interval. [ ] Annually: verify every URL resolves; verify the MAHC edition is current; verify consensus standard editions",324,True,False,"[""depend"", ""post"", ""page"", ""sheet"", ""site"", ""chapters"", ""copy"", ""all"", ""and"", ""operator""]","{""chunk_id"": ""ch34-36-10-1"", ""chunk_id_legacy"": ""ch34-36-10-1"", ""parent_chunk_id"": null, ""fragment_type"": ""subsection"", ""level"": 3, ""chapter"": 34, ""hierarchy_path"": ""Ch34/Action item: build a one-page contact sheet with all of the above, post it in the equipment room, and keep a copy off site. Chapters 32A, 33, and 35 all depend on it."", ""is_regulatory"": true, ""is_stub"": false, ""token_count"": 324, ""keywords"": [""depend"", ""post"", ""page"", ""sheet"", ""site"", ""chapters"", ""copy"", ""all"", ""and"", ""operator""]}"
